Log file open, 06/09/26 04:39:30
LogWindows: Failed to load 'aqProf.dll' (GetLastError=126)
LogWindows: File 'aqProf.dll' does not exist
LogWindows: Failed to load 'VtuneApi.dll' (GetLastError=126)
LogWindows: File 'VtuneApi.dll' does not exist
LogWindows: Failed to load 'VtuneApi32e.dll' (GetLastError=126)
LogWindows: File 'VtuneApi32e.dll' does not exist
LogConsoleResponse: Display: Failed to find resolution value strings in scalability ini. Falling back to default.
LogConsoleResponse: Display: Failed to find resolution value strings in scalability ini. Falling back to default.
LogInit: Display: Running engine for game: HotelRoom
LogPlatformFile: Not using cached read wrapper
LogTaskGraph: Started task graph with 5 named threads and 23 total threads with 3 sets of task threads.
LogStats: Stats thread started at 1.290375
LogICUInternationalization: ICU TimeZone Detection - Raw Offset: +8:00, Platform Override: ''
LogInit: Display: Loading text-based GConfig....
LogPluginManager: Mounting plugin BlueprintFileUtils
LogPluginManager: Mounting plugin MeshPainting
LogPluginManager: Mounting plugin XGEController
LogPluginManager: Mounting plugin Paper2D
LogPluginManager: Mounting plugin LightPropagationVolume
LogPluginManager: Mounting plugin AnimationSharing
LogPluginManager: Mounting plugin CLionSourceCodeAccess
LogPluginManager: Mounting plugin CodeLiteSourceCodeAccess
LogPluginManager: Mounting plugin GitSourceControl
LogPluginManager: Mounting plugin KDevelopSourceCodeAccess
LogPluginManager: Mounting plugin PerforceSourceControl
LogPluginManager: Mounting plugin NullSourceCodeAccess
LogPluginManager: Mounting plugin PixWinPlugin
LogPluginManager: Mounting plugin PlasticSourceControl
LogPluginManager: Mounting plugin PluginUtils
LogPluginManager: Mounting plugin PropertyAccessNode
LogPluginManager: Mounting plugin RiderSourceCodeAccess
LogPluginManager: Mounting plugin TextureFormatOodle
LogPluginManager: Mounting plugin SubversionSourceControl
LogPluginManager: Mounting plugin VisualStudioCodeSourceCodeAccess
LogPluginManager: Mounting plugin AssetManagerEditor
LogPluginManager: Mounting plugin CryptoKeys
LogPluginManager: Mounting plugin VisualStudioSourceCodeAccess
LogPluginManager: Mounting plugin UObjectPlugin
LogPluginManager: Mounting plugin XCodeSourceCodeAccess
LogPluginManager: Mounting plugin CurveEditorTools
LogPluginManager: Mounting plugin EditorScriptingUtilities
LogPluginManager: Mounting plugin FacialAnimation
LogPluginManager: Mounting plugin DataValidation
LogPluginManager: Mounting plugin GameplayTagsEditor
LogPluginManager: Mounting plugin GeometryMode
LogPluginManager: Mounting plugin MacGraphicsSwitching
LogPluginManager: Mounting plugin PluginBrowser
LogPluginManager: Mounting plugin MaterialAnalyzer
LogPluginManager: Mounting plugin MeshEditor
LogPluginManager: Mounting plugin MobileLauncherProfileWizard
LogPluginManager: Mounting plugin SpeedTreeImporter
LogPluginManager: Mounting plugin StylusInput
LogPluginManager: Mounting plugin DataprepEditor
LogPluginManager: Mounting plugin DatasmithContent
LogPluginManager: Mounting plugin DatasmithImporter
LogPluginManager: Mounting plugin StaticMeshEditorExtension
LogPluginManager: Mounting plugin VariantManager
LogPluginManager: Mounting plugin VariantManagerContent
LogPluginManager: Mounting plugin AlembicImporter
LogPluginManager: Mounting plugin BlastPlugin
LogPluginManager: Mounting plugin AutomationUtils
LogPluginManager: Mounting plugin BackChannel
LogPluginManager: Mounting plugin ChaosCloth
LogPluginManager: Mounting plugin ChaosNiagara
LogPluginManager: Mounting plugin ChaosClothEditor
LogPluginManager: Mounting plugin CharacterAI
LogPluginManager: Mounting plugin ChaosEditor
LogPluginManager: Mounting plugin ChaosSolverPlugin
LogPluginManager: Mounting plugin GeometryCache
LogPluginManager: Mounting plugin GeometryProcessing
LogPluginManager: Mounting plugin GeometryCollectionPlugin
LogPluginManager: Mounting plugin MeshModelingToolset
LogPluginManager: Mounting plugin ModelingToolsEditorMode
LogPluginManager: Mounting plugin MotoSynth
LogPluginManager: Mounting plugin OpenImageDenoise
LogPluginManager: Mounting plugin PlatformCrypto
LogPluginManager: Mounting plugin PlanarCut
LogPluginManager: Mounting plugin ProxyLODPlugin
LogPluginManager: Mounting plugin PythonScriptPlugin
LogPluginManager: Mounting plugin SkeletalReduction
LogPluginManager: Mounting plugin Niagara
LogPluginManager: Mounting plugin AISupport
LogPluginManager: Mounting plugin EnvironmentQueryEditor
LogPluginManager: Mounting plugin LiveLink
LogPluginManager: Mounting plugin OodleData
LogPluginManager: Mounting plugin OodleNetwork
LogPluginManager: Mounting plugin CameraShakePreviewer
LogPluginManager: Mounting plugin GameplayCameras
LogPluginManager: Mounting plugin LuminPlatformFeatures
LogPluginManager: Mounting plugin MagicLeap
LogPluginManager: Mounting plugin MagicLeapLightEstimation
LogPluginManager: Mounting plugin MagicLeapMedia
LogPluginManager: Mounting plugin MagicLeapPassableWorld
LogPluginManager: Mounting plugin MLSDK
LogPluginManager: Mounting plugin AndroidMedia
LogPluginManager: Mounting plugin AvfMedia
LogPluginManager: Mounting plugin ImgMedia
LogPluginManager: Mounting plugin MediaCompositing
LogPluginManager: Mounting plugin MediaPlayerEditor
LogPluginManager: Mounting plugin WebMMedia
LogPluginManager: Mounting plugin WmfMedia
LogPluginManager: Mounting plugin TcpMessaging
LogPluginManager: Mounting plugin UdpMessaging
LogPluginManager: Mounting plugin ActorSequence
LogPluginManager: Mounting plugin LevelSequenceEditor
LogPluginManager: Mounting plugin MatineeToLevelSequence
LogPluginManager: Mounting plugin TemplateSequence
LogPluginManager: Mounting plugin OnlineSubsystem
LogPluginManager: Mounting plugin OnlineSubsystemNull
LogPluginManager: Mounting plugin OnlineSubsystemUtils
LogPluginManager: Mounting plugin ActorLayerUtilities
LogPluginManager: Mounting plugin LauncherChunkInstaller
LogPluginManager: Mounting plugin AndroidDeviceProfileSelector
LogPluginManager: Mounting plugin AndroidPermission
LogPluginManager: Mounting plugin AndroidMoviePlayer
LogPluginManager: Mounting plugin AppleImageUtils
LogPluginManager: Mounting plugin ArchVisCharacter
LogPluginManager: Mounting plugin AssetTags
LogPluginManager: Mounting plugin AudioCapture
LogPluginManager: Mounting plugin AudioSynesthesia
LogPluginManager: Mounting plugin ChunkDownloader
LogPluginManager: Mounting plugin CableComponent
LogPluginManager: Mounting plugin CustomMeshComponent
LogPluginManager: Mounting plugin AppleMoviePlayer
LogPluginManager: Mounting plugin EditableMesh
LogPluginManager: Mounting plugin ExampleDeviceProfileSelector
LogPluginManager: Mounting plugin GoogleCloudMessaging
LogPluginManager: Mounting plugin GooglePAD
LogPluginManager: Mounting plugin HairStrands
LogPluginManager: Mounting plugin IOSDeviceProfileSelector
LogPluginManager: Mounting plugin LinuxDeviceProfileSelector
LogPluginManager: Mounting plugin LocationServicesBPLibrary
LogPluginManager: Mounting plugin MobilePatchingUtils
LogPluginManager: Mounting plugin OpenXR
LogPluginManager: Mounting plugin OpenXREyeTracker
LogPluginManager: Mounting plugin OpenXRHandTracking
LogPluginManager: Mounting plugin PhysXVehicles
LogPluginManager: Mounting plugin PostSplashScreen
LogPluginManager: Mounting plugin ProceduralMeshComponent
LogPluginManager: Mounting plugin PropertyAccessEditor
LogPluginManager: Mounting plugin RuntimePhysXCooking
LogPluginManager: Mounting plugin SignificanceManager
LogPluginManager: Mounting plugin SoundFields
LogPluginManager: Mounting plugin Synthesis
LogPluginManager: Mounting plugin WebMMoviePlayer
LogPluginManager: Mounting plugin WindowsMoviePlayer
LogPluginManager: Mounting plugin ScreenshotTools
LogPluginManager: Mounting plugin Takes
LogPluginManager: Mounting plugin ContentBrowserAssetDataSource
LogPluginManager: Mounting plugin ContentBrowserFileDataSource
LogPluginManager: Mounting plugin ContentBrowserClassDataSource
LogPluginManager: Mounting plugin OnlineSubsystemGooglePlay
LogPluginManager: Mounting plugin OnlineSubsystemIOS
LogPluginManager: Mounting plugin OculusVR
LogPluginManager: Mounting plugin SteamVR
PixWinPlugin: PIX capture plugin failed to initialize! Check that the process is launched from PIX.
LogInit: Using libcurl 7.55.1-DEV
LogInit:  - built for x86_64-pc-win32
LogInit:  - supports SSL with OpenSSL/1.1.1
LogInit:  - supports HTTP deflate (compression) using libz 1.2.8
LogInit:  - other features:
LogInit:      CURL_VERSION_SSL
LogInit:      CURL_VERSION_LIBZ
LogInit:      CURL_VERSION_IPV6
LogInit:      CURL_VERSION_ASYNCHDNS
LogInit:      CURL_VERSION_LARGEFILE
LogInit:      CURL_VERSION_IDN
LogInit:  CurlRequestOptions (configurable via config and command line):
LogInit:  - bVerifyPeer = true  - Libcurl will verify peer certificate
LogInit:  - bUseHttpProxy = false  - Libcurl will NOT use HTTP proxy
LogInit:  - bDontReuseConnections = false  - Libcurl will reuse connections
LogInit:  - MaxHostConnections = 16  - Libcurl will limit the number of connections to a host
LogInit:  - LocalHostAddr = Default
LogInit:  - BufferSize = 65536
LogOnline: OSS: Creating online subsystem instance for: NULL
LogInit: WinSock: version 1.1 (2.2), MaxSocks=32767, MaxUdp=65467
LogOnline: OSS: TryLoadSubsystemAndSetDefault: Loaded subsystem for module [NULL]
LogOculusPluginWrapper: OculusPlugin initialized successfully
LogHMD: Failed initializing OVRPlugin 1.59.0
LogInit: Build: ++UE4+Release-4.27-CL-18319896
LogInit: Engine Version: 4.27.2-18319896+++UE4+Release-4.27
LogInit: Compatible Engine Version: 4.27.0-17155196+++UE4+Release-4.27
LogInit: Net CL: 17155196
LogInit: OS: Windows 10 (Release 2009) (), CPU: Intel(R) Xeon(R) CPU E3-1231 v3 @ 3.40GHz, GPU: NVIDIA GeForce GTX 1660
LogInit: Compiled (64-bit): Nov 30 2021 07:12:08
LogInit: Compiled with Visual C++: 19.24.28315.00
LogInit: Build Configuration: Development
LogInit: Branch Name: ++UE4+Release-4.27
LogInit: Command Line: 
LogInit: Base Directory: C:/Program Files/Epic Games/UE_4.27/Engine/Binaries/Win64/
LogInit: Allocator: TBB
LogInit: Installed Engine Build: 1
LogDevObjectVersion: Number of dev versions registered: 29
LogDevObjectVersion:   Dev-Blueprints (B0D832E4-1F89-4F0D-ACCF-7EB736FD4AA2): 10
LogDevObjectVersion:   Dev-Build (E1C64328-A22C-4D53-A36C-8E866417BD8C): 0
LogDevObjectVersion:   Dev-Core (375EC13C-06E4-48FB-B500-84F0262A717E): 4
LogDevObjectVersion:   Dev-Editor (E4B068ED-F494-42E9-A231-DA0B2E46BB41): 40
LogDevObjectVersion:   Dev-Framework (CFFC743F-43B0-4480-9391-14DF171D2073): 37
LogDevObjectVersion:   Dev-Mobile (B02B49B5-BB20-44E9-A304-32B752E40360): 3
LogDevObjectVersion:   Dev-Networking (A4E4105C-59A1-49B5-A7C5-40C4547EDFEE): 0
LogDevObjectVersion:   Dev-Online (39C831C9-5AE6-47DC-9A44-9C173E1C8E7C): 0
LogDevObjectVersion:   Dev-Physics (78F01B33-EBEA-4F98-B9B4-84EACCB95AA2): 14
LogDevObjectVersion:   Dev-Platform (6631380F-2D4D-43E0-8009-CF276956A95A): 0
LogDevObjectVersion:   Dev-Rendering (12F88B9F-8875-4AFC-A67C-D90C383ABD29): 45
LogDevObjectVersion:   Dev-Sequencer (7B5AE74C-D270-4C10-A958-57980B212A5A): 13
LogDevObjectVersion:   Dev-VR (D7296918-1DD6-4BDD-9DE2-64A83CC13884): 3
LogDevObjectVersion:   Dev-LoadTimes (C2A15278-BFE7-4AFE-6C17-90FF531DF755): 1
LogDevObjectVersion:   Private-Geometry (6EACA3D4-40EC-4CC1-B786-8BED09428FC5): 3
LogDevObjectVersion:   Dev-AnimPhys (29E575DD-E0A3-4627-9D10-D276232CDCEA): 17
LogDevObjectVersion:   Dev-Anim (AF43A65D-7FD3-4947-9873-3E8ED9C1BB05): 15
LogDevObjectVersion:   Dev-ReflectionCapture (6B266CEC-1EC7-4B8F-A30B-E4D90942FC07): 1
LogDevObjectVersion:   Dev-Automation (0DF73D61-A23F-47EA-B727-89E90C41499A): 1
LogDevObjectVersion:   FortniteMain (601D1886-AC64-4F84-AA16-D3DE0DEAC7D6): 47
LogDevObjectVersion:   FortniteRelease (E7086368-6B23-4C58-8439-1B7016265E91): 1
LogDevObjectVersion:   Dev-Enterprise (9DFFBCD6-494F-0158-E221-12823C92A888): 10
LogDevObjectVersion:   Dev-Niagara (F2AED0AC-9AFE-416F-8664-AA7FFA26D6FC): 1
LogDevObjectVersion:   Dev-Destruction (174F1F0B-B4C6-45A5-B13F-2EE8D0FB917D): 10
LogDevObjectVersion:   Dev-Physics-Ext (35F94A83-E258-406C-A318-09F59610247C): 41
LogDevObjectVersion:   Dev-PhysicsMaterial-Chaos (B68FC16E-8B1B-42E2-B453-215C058844FE): 1
LogDevObjectVersion:   Dev-CineCamera (B2E18506-4273-CFC2-A54E-F4BB758BBA07): 1
LogDevObjectVersion:   Dev-VirtualProduction (64F58936-FD1B-42BA-BA96-7289D5D0FA4E): 1
LogDevObjectVersion:   Dev-MediaFramework (6F0ED827-A609-4895-9C91-998D90180EA4): 2
LogInit: Presizing for max 25165824 objects, including 0 objects not considered by GC, pre-allocating 0 bytes for permanent pool.
LogConfig: Applying CVar settings from Section [/Script/Engine.StreamingSettings] File [C:/Users/Administrator/Downloads/process/ZJJD-Vol1/Saved/Config/Windows/Engine.ini]
LogConfig: Setting CVar [[s.MinBulkDataSizeForAsyncLoading:131072]]
LogConfig: Setting CVar [[s.AsyncLoadingThreadEnabled:0]]
LogConfig: Setting CVar [[s.EventDrivenLoaderEnabled:1]]
LogConfig: Setting CVar [[s.WarnIfTimeLimitExceeded:0]]
LogConfig: Setting CVar [[s.TimeLimitExceededMultiplier:1.5]]
LogConfig: Setting CVar [[s.TimeLimitExceededMinTime:0.005]]
LogConfig: Setting CVar [[s.UseBackgroundLevelStreaming:1]]
LogConfig: Setting CVar [[s.PriorityAsyncLoadingExtraTime:15.0]]
LogConfig: Setting CVar [[s.LevelStreamingActorsUpdateTimeLimit:5.0]]
LogConfig: Setting CVar [[s.PriorityLevelStreamingActorsUpdateExtraTime:5.0]]
LogConfig: Setting CVar [[s.LevelStreamingComponentsRegistrationGranularity:10]]
LogConfig: Setting CVar [[s.UnregisterComponentsTimeLimit:1.0]]
LogConfig: Setting CVar [[s.LevelStreamingComponentsUnregistrationGranularity:5]]
LogConfig: Setting CVar [[s.FlushStreamingOnExit:1]]
LogInit: Object subsystem initialized
LogConfig: Setting CVar [[con.DebugEarlyDefault:1]]
LogConfig: Setting CVar [[r.setres:1280x720]]
LogConfig: Setting CVar [[fx.NiagaraAllowRuntimeScalabilityChanges:1]]
[2026.06.08-20.39.32:211][  0]LogConfig: Setting CVar [[r.VSync:0]]
[2026.06.08-20.39.32:211][  0]LogConfig: Setting CVar [[r.RHICmdBypass:0]]
[2026.06.08-20.39.32:211][  0]LogConfig: Applying CVar settings from Section [/Script/Engine.RendererSettings] File [C:/Users/Administrator/Downloads/process/ZJJD-Vol1/Saved/Config/Windows/Engine.ini]
[2026.06.08-20.39.32:211][  0]LogConfig: Setting CVar [[r.GPUCrashDebugging:0]]
[2026.06.08-20.39.32:211][  0]LogConfig: Setting CVar [[r.AllowGlobalClipPlane:1]]
[2026.06.08-20.39.32:211][  0]LogConfig: Applying CVar settings from Section [/Script/Engine.RendererOverrideSettings] File [C:/Users/Administrator/Downloads/process/ZJJD-Vol1/Saved/Config/Windows/Engine.ini]
[2026.06.08-20.39.32:211][  0]LogConfig: Applying CVar settings from Section [/Script/Engine.StreamingSettings] File [C:/Users/Administrator/Downloads/process/ZJJD-Vol1/Saved/Config/Windows/Engine.ini]
[2026.06.08-20.39.32:211][  0]LogConfig: Setting CVar [[s.MinBulkDataSizeForAsyncLoading:131072]]
[2026.06.08-20.39.32:211][  0]LogConfig: Setting CVar [[s.AsyncLoadingThreadEnabled:0]]
[2026.06.08-20.39.32:211][  0]LogConfig: Setting CVar [[s.EventDrivenLoaderEnabled:1]]
[2026.06.08-20.39.32:211][  0]LogConfig: Setting CVar [[s.WarnIfTimeLimitExceeded:0]]
[2026.06.08-20.39.32:211][  0]LogConfig: Setting CVar [[s.TimeLimitExceededMultiplier:1.5]]
[2026.06.08-20.39.32:211][  0]LogConfig: Setting CVar [[s.TimeLimitExceededMinTime:0.005]]
[2026.06.08-20.39.32:211][  0]LogConfig: Setting CVar [[s.UseBackgroundLevelStreaming:1]]
[2026.06.08-20.39.32:211][  0]LogConfig: Setting CVar [[s.PriorityAsyncLoadingExtraTime:15.0]]
[2026.06.08-20.39.32:211][  0]LogConfig: Setting CVar [[s.LevelStreamingActorsUpdateTimeLimit:5.0]]
[2026.06.08-20.39.32:211][  0]LogConfig: Setting CVar [[s.PriorityLevelStreamingActorsUpdateExtraTime:5.0]]
[2026.06.08-20.39.32:211][  0]LogConfig: Setting CVar [[s.LevelStreamingComponentsRegistrationGranularity:10]]
[2026.06.08-20.39.32:211][  0]LogConfig: Setting CVar [[s.UnregisterComponentsTimeLimit:1.0]]
[2026.06.08-20.39.32:211][  0]LogConfig: Setting CVar [[s.LevelStreamingComponentsUnregistrationGranularity:5]]
[2026.06.08-20.39.32:211][  0]LogConfig: Setting CVar [[s.FlushStreamingOnExit:1]]
[2026.06.08-20.39.32:211][  0]LogConfig: Applying CVar settings from Section [/Script/Engine.GarbageCollectionSettings] File [C:/Users/Administrator/Downloads/process/ZJJD-Vol1/Saved/Config/Windows/Engine.ini]
[2026.06.08-20.39.32:212][  0]LogConfig: Setting CVar [[gc.MaxObjectsNotConsideredByGC:1]]
[2026.06.08-20.39.32:212][  0]LogConfig: Setting CVar [[gc.SizeOfPermanentObjectPool:0]]
[2026.06.08-20.39.32:212][  0]LogConfig: Setting CVar [[gc.FlushStreamingOnGC:0]]
[2026.06.08-20.39.32:212][  0]LogConfig: Setting CVar [[gc.NumRetriesBeforeForcingGC:10]]
[2026.06.08-20.39.32:212][  0]LogConfig: Setting CVar [[gc.AllowParallelGC:1]]
[2026.06.08-20.39.32:212][  0]LogConfig: Setting CVar [[gc.TimeBetweenPurgingPendingKillObjects:61.1]]
[2026.06.08-20.39.32:212][  0]LogConfig: Setting CVar [[gc.MaxObjectsInEditor:25165824]]
[2026.06.08-20.39.32:212][  0]LogConfig: Setting CVar [[gc.IncrementalBeginDestroyEnabled:1]]
[2026.06.08-20.39.32:212][  0]LogConfig: Setting CVar [[gc.CreateGCClusters:1]]
[2026.06.08-20.39.32:212][  0]LogConfig: Setting CVar [[gc.MinGCClusterSize:5]]
[2026.06.08-20.39.32:212][  0]LogConfig: Setting CVar [[gc.ActorClusteringEnabled:0]]
[2026.06.08-20.39.32:212][  0]LogConfig: Setting CVar [[gc.BlueprintClusteringEnabled:0]]
[2026.06.08-20.39.32:212][  0]LogConfig: Setting CVar [[gc.UseDisregardForGCOnDedicatedServers:0]]
[2026.06.08-20.39.32:212][  0]LogConfig: Setting CVar [[gc.MultithreadedDestructionEnabled:1]]
[2026.06.08-20.39.32:212][  0]LogConfig: Applying CVar settings from Section [/Script/Engine.NetworkSettings] File [C:/Users/Administrator/Downloads/process/ZJJD-Vol1/Saved/Config/Windows/Engine.ini]
[2026.06.08-20.39.32:212][  0]LogConfig: Applying CVar settings from Section [/Script/UnrealEd.CookerSettings] File [C:/Users/Administrator/Downloads/process/ZJJD-Vol1/Saved/Config/Windows/Engine.ini]
[2026.06.08-20.39.32:225][  0]LogConfig: Applying CVar settings from Section [ViewDistanceQuality@3] File [C:/Users/Administrator/Downloads/process/ZJJD-Vol1/Saved/Config/Windows/Scalability.ini]
[2026.06.08-20.39.32:225][  0]LogConfig: Setting CVar [[r.SkeletalMeshLODBias:0]]
[2026.06.08-20.39.32:225][  0]LogConfig: Setting CVar [[r.ViewDistanceScale:1.0]]
[2026.06.08-20.39.32:225][  0]LogConfig: Applying CVar settings from Section [AntiAliasingQuality@3] File [C:/Users/Administrator/Downloads/process/ZJJD-Vol1/Saved/Config/Windows/Scalability.ini]
[2026.06.08-20.39.32:225][  0]LogConfig: Setting CVar [[r.PostProcessAAQuality:4]]
[2026.06.08-20.39.32:225][  0]LogConfig: Applying CVar settings from Section [ShadowQuality@3] File [C:/Users/Administrator/Downloads/process/ZJJD-Vol1/Saved/Config/Windows/Scalability.ini]
[2026.06.08-20.39.32:225][  0]LogConfig: Setting CVar [[r.LightFunctionQuality:1]]
[2026.06.08-20.39.32:225][  0]LogConfig: Setting CVar [[r.ShadowQuality:5]]
[2026.06.08-20.39.32:225][  0]LogConfig: Setting CVar [[r.Shadow.CSM.MaxCascades:10]]
[2026.06.08-20.39.32:225][  0]LogConfig: Setting CVar [[r.Shadow.MaxResolution:2048]]
[2026.06.08-20.39.32:225][  0]LogConfig: Setting CVar [[r.Shadow.MaxCSMResolution:2048]]
[2026.06.08-20.39.32:225][  0]LogConfig: Setting CVar [[r.Shadow.RadiusThreshold:0.01]]
[2026.06.08-20.39.32:225][  0]LogConfig: Setting CVar [[r.Shadow.DistanceScale:1.0]]
[2026.06.08-20.39.32:225][  0]LogConfig: Setting CVar [[r.Shadow.CSM.TransitionScale:1.0]]
[2026.06.08-20.39.32:225][  0]LogConfig: Setting CVar [[r.Shadow.PreShadowResolutionFactor:1.0]]
[2026.06.08-20.39.32:225][  0]LogConfig: Setting CVar [[r.DistanceFieldShadowing:1]]
[2026.06.08-20.39.32:225][  0]LogConfig: Setting CVar [[r.DistanceFieldAO:1]]
[2026.06.08-20.39.32:225][  0]LogConfig: Setting CVar [[r.AOQuality:2]]
[2026.06.08-20.39.32:225][  0]LogConfig: Setting CVar [[r.VolumetricFog:1]]
[2026.06.08-20.39.32:225][  0]LogConfig: Setting CVar [[r.VolumetricFog.GridPixelSize:8]]
[2026.06.08-20.39.32:225][  0]LogConfig: Setting CVar [[r.VolumetricFog.GridSizeZ:128]]
[2026.06.08-20.39.32:225][  0]LogConfig: Setting CVar [[r.VolumetricFog.HistoryMissSupersampleCount:4]]
[2026.06.08-20.39.32:225][  0]LogConfig: Setting CVar [[r.LightMaxDrawDistanceScale:1]]
[2026.06.08-20.39.32:225][  0]LogConfig: Setting CVar [[r.CapsuleShadows:1]]
[2026.06.08-20.39.32:225][  0]LogConfig: Applying CVar settings from Section [PostProcessQuality@3] File [C:/Users/Administrator/Downloads/process/ZJJD-Vol1/Saved/Config/Windows/Scalability.ini]
[2026.06.08-20.39.32:225][  0]LogConfig: Setting CVar [[r.MotionBlurQuality:4]]
[2026.06.08-20.39.32:225][  0]LogConfig: Setting CVar [[r.AmbientOcclusionMipLevelFactor:0.4]]
[2026.06.08-20.39.32:225][  0]LogConfig: Setting CVar [[r.AmbientOcclusionMaxQuality:100]]
[2026.06.08-20.39.32:225][  0]LogConfig: Setting CVar [[r.AmbientOcclusionLevels:-1]]
[2026.06.08-20.39.32:225][  0]LogConfig: Setting CVar [[r.AmbientOcclusionRadiusScale:1.0]]
[2026.06.08-20.39.32:225][  0]LogConfig: Setting CVar [[r.DepthOfFieldQuality:2]]
[2026.06.08-20.39.32:225][  0]LogConfig: Setting CVar [[r.RenderTargetPoolMin:400]]
[2026.06.08-20.39.32:225][  0]LogConfig: Setting CVar [[r.LensFlareQuality:2]]
[2026.06.08-20.39.32:225][  0]LogConfig: Setting CVar [[r.SceneColorFringeQuality:1]]
[2026.06.08-20.39.32:225][  0]LogConfig: Setting CVar [[r.EyeAdaptationQuality:2]]
[2026.06.08-20.39.32:225][  0]LogConfig: Setting CVar [[r.BloomQuality:5]]
[2026.06.08-20.39.32:225][  0]LogConfig: Setting CVar [[r.FastBlurThreshold:100]]
[2026.06.08-20.39.32:225][  0]LogConfig: Setting CVar [[r.Upscale.Quality:3]]
[2026.06.08-20.39.32:225][  0]LogConfig: Setting CVar [[r.Tonemapper.GrainQuantization:1]]
[2026.06.08-20.39.32:225][  0]LogConfig: Setting CVar [[r.LightShaftQuality:1]]
[2026.06.08-20.39.32:225][  0]LogConfig: Setting CVar [[r.Filter.SizeScale:1]]
[2026.06.08-20.39.32:225][  0]LogConfig: Setting CVar [[r.Tonemapper.Quality:5]]
[2026.06.08-20.39.32:225][  0]LogConfig: Setting CVar [[r.DOF.Gather.AccumulatorQuality:1        ; higher gathering accumulator quality]]
[2026.06.08-20.39.32:225][  0]LogConfig: Setting CVar [[r.DOF.Gather.PostfilterMethod:1          ; Median3x3 postfilering method]]
[2026.06.08-20.39.32:225][  0]LogConfig: Setting CVar [[r.DOF.Gather.EnableBokehSettings:0       ; no bokeh simulation when gathering]]
[2026.06.08-20.39.32:225][  0]LogConfig: Setting CVar [[r.DOF.Gather.RingCount:4                 ; medium number of samples when gathering]]
[2026.06.08-20.39.32:225][  0]LogConfig: Setting CVar [[r.DOF.Scatter.ForegroundCompositing:1    ; additive foreground scattering]]
[2026.06.08-20.39.32:225][  0]LogConfig: Setting CVar [[r.DOF.Scatter.BackgroundCompositing:2    ; additive background scattering]]
[2026.06.08-20.39.32:225][  0]LogConfig: Setting CVar [[r.DOF.Scatter.EnableBokehSettings:1      ; bokeh simulation when scattering]]
[2026.06.08-20.39.32:225][  0]LogConfig: Setting CVar [[r.DOF.Scatter.MaxSpriteRatio:0.1         ; only a maximum of 10% of scattered bokeh]]
[2026.06.08-20.39.32:225][  0]LogConfig: Setting CVar [[r.DOF.Recombine.Quality:1                ; cheap slight out of focus]]
[2026.06.08-20.39.32:225][  0]LogConfig: Setting CVar [[r.DOF.Recombine.EnableBokehSettings:0    ; no bokeh simulation on slight out of focus]]
[2026.06.08-20.39.32:225][  0]LogConfig: Setting CVar [[r.DOF.TemporalAAQuality:1                ; more stable temporal accumulation]]
[2026.06.08-20.39.32:225][  0]LogConfig: Setting CVar [[r.DOF.Kernel.MaxForegroundRadius:0.025]]
[2026.06.08-20.39.32:225][  0]LogConfig: Setting CVar [[r.DOF.Kernel.MaxBackgroundRadius:0.025]]
[2026.06.08-20.39.32:225][  0]LogConfig: Applying CVar settings from Section [TextureQuality@3] File [C:/Users/Administrator/Downloads/process/ZJJD-Vol1/Saved/Config/Windows/Scalability.ini]
[2026.06.08-20.39.32:225][  0]LogConfig: Setting CVar [[r.Streaming.MipBias:0]]
[2026.06.08-20.39.32:225][  0]LogConfig: Setting CVar [[r.Streaming.AmortizeCPUToGPUCopy:0]]
[2026.06.08-20.39.32:225][  0]LogConfig: Setting CVar [[r.Streaming.MaxNumTexturesToStreamPerFrame:0]]
[2026.06.08-20.39.32:225][  0]LogConfig: Setting CVar [[r.Streaming.Boost:1]]
[2026.06.08-20.39.32:225][  0]LogConfig: Setting CVar [[r.MaxAnisotropy:8]]
[2026.06.08-20.39.32:225][  0]LogConfig: Setting CVar [[r.VT.MaxAnisotropy:8]]
[2026.06.08-20.39.32:225][  0]LogConfig: Setting CVar [[r.Streaming.LimitPoolSizeToVRAM:0]]
[2026.06.08-20.39.32:225][  0]LogConfig: Setting CVar [[r.Streaming.PoolSize:1000]]
[2026.06.08-20.39.32:225][  0]LogConfig: Setting CVar [[r.Streaming.MaxEffectiveScreenSize:0]]
[2026.06.08-20.39.32:225][  0]LogConfig: Applying CVar settings from Section [EffectsQuality@3] File [C:/Users/Administrator/Downloads/process/ZJJD-Vol1/Saved/Config/Windows/Scalability.ini]
[2026.06.08-20.39.32:225][  0]LogConfig: Setting CVar [[r.TranslucencyLightingVolumeDim:64]]
[2026.06.08-20.39.32:225][  0]LogConfig: Setting CVar [[r.RefractionQuality:2]]
[2026.06.08-20.39.32:225][  0]LogConfig: Setting CVar [[r.SSR.Quality:3]]
[2026.06.08-20.39.32:225][  0]LogConfig: Setting CVar [[r.SSR.HalfResSceneColor:0]]
[2026.06.08-20.39.32:226][  0]LogConfig: Setting CVar [[r.SceneColorFormat:4]]
[2026.06.08-20.39.32:226][  0]LogConfig: Setting CVar [[r.DetailMode:2]]
[2026.06.08-20.39.32:226][  0]LogConfig: Setting CVar [[r.TranslucencyVolumeBlur:1]]
[2026.06.08-20.39.32:226][  0]LogConfig: Setting CVar [[r.MaterialQualityLevel:1 ; High quality]]
[2026.06.08-20.39.32:226][  0]LogConfig: Setting CVar [[r.AnisotropicMaterials:1]]
[2026.06.08-20.39.32:226][  0]LogConfig: Setting CVar [[r.SSS.Scale:1]]
[2026.06.08-20.39.32:226][  0]LogConfig: Setting CVar [[r.SSS.SampleSet:2]]
[2026.06.08-20.39.32:226][  0]LogConfig: Setting CVar [[r.SSS.Quality:1]]
[2026.06.08-20.39.32:226][  0]LogConfig: Setting CVar [[r.SSS.HalfRes:0]]
[2026.06.08-20.39.32:226][  0]LogConfig: Setting CVar [[r.SSGI.Quality:3]]
[2026.06.08-20.39.32:226][  0]LogConfig: Setting CVar [[r.EmitterSpawnRateScale:1.0]]
[2026.06.08-20.39.32:226][  0]LogConfig: Setting CVar [[r.ParticleLightQuality:2]]
[2026.06.08-20.39.32:226][  0]LogConfig: Setting CVar [[r.SkyAtmosphere.AerialPerspectiveLUT.FastApplyOnOpaque:1 ; Always have FastSkyLUT 1 in this case to avoid wrong sky]]
[2026.06.08-20.39.32:226][  0]LogConfig: Setting CVar [[r.SkyAtmosphere.AerialPerspectiveLUT.SampleCountMaxPerSlice:4]]
[2026.06.08-20.39.32:226][  0]LogConfig: Setting CVar [[r.SkyAtmosphere.AerialPerspectiveLUT.DepthResolution:16.0]]
[2026.06.08-20.39.32:226][  0]LogConfig: Setting CVar [[r.SkyAtmosphere.FastSkyLUT:1]]
[2026.06.08-20.39.32:226][  0]LogConfig: Setting CVar [[r.SkyAtmosphere.FastSkyLUT.SampleCountMin:4.0]]
[2026.06.08-20.39.32:226][  0]LogConfig: Setting CVar [[r.SkyAtmosphere.FastSkyLUT.SampleCountMax:128.0]]
[2026.06.08-20.39.32:226][  0]LogConfig: Setting CVar [[r.SkyAtmosphere.SampleCountMin:4.0]]
[2026.06.08-20.39.32:226][  0]LogConfig: Setting CVar [[r.SkyAtmosphere.SampleCountMax:128.0]]
[2026.06.08-20.39.32:226][  0]LogConfig: Setting CVar [[r.SkyAtmosphere.TransmittanceLUT.UseSmallFormat:0]]
[2026.06.08-20.39.32:226][  0]LogConfig: Setting CVar [[r.SkyAtmosphere.TransmittanceLUT.SampleCount:10.0]]
[2026.06.08-20.39.32:226][  0]LogConfig: Setting CVar [[r.SkyAtmosphere.MultiScatteringLUT.SampleCount:15.0]]
[2026.06.08-20.39.32:226][  0]LogConfig: Setting CVar [[r.SkyLight.RealTimeReflectionCapture:1]]
[2026.06.08-20.39.32:226][  0]LogConfig: Setting CVar [[fx.Niagara.QualityLevel:3]]
[2026.06.08-20.39.32:226][  0]LogConfig: Applying CVar settings from Section [FoliageQuality@3] File [C:/Users/Administrator/Downloads/process/ZJJD-Vol1/Saved/Config/Windows/Scalability.ini]
[2026.06.08-20.39.32:226][  0]LogConfig: Setting CVar [[foliage.DensityScale:1.0]]
[2026.06.08-20.39.32:226][  0]LogConfig: Setting CVar [[grass.DensityScale:1.0]]
[2026.06.08-20.39.32:226][  0]LogConfig: Applying CVar settings from Section [ShadingQuality@3] File [C:/Users/Administrator/Downloads/process/ZJJD-Vol1/Saved/Config/Windows/Scalability.ini]
[2026.06.08-20.39.32:227][  0]LogConfig: Setting CVar [[r.HairStrands.SkyLighting.IntegrationType:2]]
[2026.06.08-20.39.32:227][  0]LogConfig: Setting CVar [[r.HairStrands.SkyAO.SampleCount:4]]
[2026.06.08-20.39.32:227][  0]LogConfig: Setting CVar [[r.HairStrands.Visibility.MSAA.SamplePerPixel:4]]
[2026.06.08-20.39.32:227][  0]LogConfig: Setting CVar [[r.HairStrands.Interpolation.UseSingleGuide:0]]
[2026.06.08-20.39.32:228][  0]LogInit: Selected Device Profile: [Windows]
[2026.06.08-20.39.32:228][  0]LogInit: Applying CVar settings loaded from the selected device profile: [Windows]
[2026.06.08-20.39.32:229][  0]LogHAL: Display: Platform has ~ 16 GB [17118175232 / 17179869184 / 16], which maps to Larger [LargestMinGB=32, LargerMinGB=12, DefaultMinGB=8, SmallerMinGB=6, SmallestMinGB=0)
[2026.06.08-20.39.32:229][  0]LogInit: Going up to parent DeviceProfile []
[2026.06.08-20.39.32:229][  0]LogConfig: Applying CVar settings from Section [ViewDistanceQuality@3] File [C:/Users/Administrator/Downloads/process/ZJJD-Vol1/Saved/Config/Windows/Scalability.ini]
[2026.06.08-20.39.32:229][  0]LogConfig: Setting CVar [[r.SkeletalMeshLODBias:0]]
[2026.06.08-20.39.32:229][  0]LogConfig: Setting CVar [[r.ViewDistanceScale:1.0]]
[2026.06.08-20.39.32:229][  0]LogConfig: Applying CVar settings from Section [AntiAliasingQuality@3] File [C:/Users/Administrator/Downloads/process/ZJJD-Vol1/Saved/Config/Windows/Scalability.ini]
[2026.06.08-20.39.32:229][  0]LogConfig: Setting CVar [[r.PostProcessAAQuality:4]]
[2026.06.08-20.39.32:229][  0]LogConfig: Applying CVar settings from Section [ShadowQuality@3] File [C:/Users/Administrator/Downloads/process/ZJJD-Vol1/Saved/Config/Windows/Scalability.ini]
[2026.06.08-20.39.32:229][  0]LogConfig: Setting CVar [[r.LightFunctionQuality:1]]
[2026.06.08-20.39.32:229][  0]LogConfig: Setting CVar [[r.ShadowQuality:5]]
[2026.06.08-20.39.32:229][  0]LogConfig: Setting CVar [[r.Shadow.CSM.MaxCascades:10]]
[2026.06.08-20.39.32:230][  0]LogConfig: Setting CVar [[r.Shadow.MaxResolution:2048]]
[2026.06.08-20.39.32:230][  0]LogConfig: Setting CVar [[r.Shadow.MaxCSMResolution:2048]]
[2026.06.08-20.39.32:230][  0]LogConfig: Setting CVar [[r.Shadow.RadiusThreshold:0.01]]
[2026.06.08-20.39.32:230][  0]LogConfig: Setting CVar [[r.Shadow.DistanceScale:1.0]]
[2026.06.08-20.39.32:230][  0]LogConfig: Setting CVar [[r.Shadow.CSM.TransitionScale:1.0]]
[2026.06.08-20.39.32:230][  0]LogConfig: Setting CVar [[r.Shadow.PreShadowResolutionFactor:1.0]]
[2026.06.08-20.39.32:230][  0]LogConfig: Setting CVar [[r.DistanceFieldShadowing:1]]
[2026.06.08-20.39.32:230][  0]LogConfig: Setting CVar [[r.DistanceFieldAO:1]]
[2026.06.08-20.39.32:230][  0]LogConfig: Setting CVar [[r.AOQuality:2]]
[2026.06.08-20.39.32:230][  0]LogConfig: Setting CVar [[r.VolumetricFog:1]]
[2026.06.08-20.39.32:230][  0]LogConfig: Setting CVar [[r.VolumetricFog.GridPixelSize:8]]
[2026.06.08-20.39.32:230][  0]LogConfig: Setting CVar [[r.VolumetricFog.GridSizeZ:128]]
[2026.06.08-20.39.32:230][  0]LogConfig: Setting CVar [[r.VolumetricFog.HistoryMissSupersampleCount:4]]
[2026.06.08-20.39.32:230][  0]LogConfig: Setting CVar [[r.LightMaxDrawDistanceScale:1]]
[2026.06.08-20.39.32:230][  0]LogConfig: Setting CVar [[r.CapsuleShadows:1]]
[2026.06.08-20.39.32:230][  0]LogConfig: Applying CVar settings from Section [PostProcessQuality@3] File [C:/Users/Administrator/Downloads/process/ZJJD-Vol1/Saved/Config/Windows/Scalability.ini]
[2026.06.08-20.39.32:230][  0]LogConfig: Setting CVar [[r.MotionBlurQuality:4]]
[2026.06.08-20.39.32:230][  0]LogConfig: Setting CVar [[r.AmbientOcclusionMipLevelFactor:0.4]]
[2026.06.08-20.39.32:230][  0]LogConfig: Setting CVar [[r.AmbientOcclusionMaxQuality:100]]
[2026.06.08-20.39.32:230][  0]LogConfig: Setting CVar [[r.AmbientOcclusionLevels:-1]]
[2026.06.08-20.39.32:230][  0]LogConfig: Setting CVar [[r.AmbientOcclusionRadiusScale:1.0]]
[2026.06.08-20.39.32:230][  0]LogConfig: Setting CVar [[r.DepthOfFieldQuality:2]]
[2026.06.08-20.39.32:230][  0]LogConfig: Setting CVar [[r.RenderTargetPoolMin:400]]
[2026.06.08-20.39.32:230][  0]LogConfig: Setting CVar [[r.LensFlareQuality:2]]
[2026.06.08-20.39.32:230][  0]LogConfig: Setting CVar [[r.SceneColorFringeQuality:1]]
[2026.06.08-20.39.32:230][  0]LogConfig: Setting CVar [[r.EyeAdaptationQuality:2]]
[2026.06.08-20.39.32:230][  0]LogConfig: Setting CVar [[r.BloomQuality:5]]
[2026.06.08-20.39.32:230][  0]LogConfig: Setting CVar [[r.FastBlurThreshold:100]]
[2026.06.08-20.39.32:230][  0]LogConfig: Setting CVar [[r.Upscale.Quality:3]]
[2026.06.08-20.39.32:230][  0]LogConfig: Setting CVar [[r.Tonemapper.GrainQuantization:1]]
[2026.06.08-20.39.32:230][  0]LogConfig: Setting CVar [[r.LightShaftQuality:1]]
[2026.06.08-20.39.32:230][  0]LogConfig: Setting CVar [[r.Filter.SizeScale:1]]
[2026.06.08-20.39.32:230][  0]LogConfig: Setting CVar [[r.Tonemapper.Quality:5]]
[2026.06.08-20.39.32:230][  0]LogConfig: Setting CVar [[r.DOF.Gather.AccumulatorQuality:1        ; higher gathering accumulator quality]]
[2026.06.08-20.39.32:230][  0]LogConfig: Setting CVar [[r.DOF.Gather.PostfilterMethod:1          ; Median3x3 postfilering method]]
[2026.06.08-20.39.32:230][  0]LogConfig: Setting CVar [[r.DOF.Gather.EnableBokehSettings:0       ; no bokeh simulation when gathering]]
[2026.06.08-20.39.32:230][  0]LogConfig: Setting CVar [[r.DOF.Gather.RingCount:4                 ; medium number of samples when gathering]]
[2026.06.08-20.39.32:230][  0]LogConfig: Setting CVar [[r.DOF.Scatter.ForegroundCompositing:1    ; additive foreground scattering]]
[2026.06.08-20.39.32:230][  0]LogConfig: Setting CVar [[r.DOF.Scatter.BackgroundCompositing:2    ; additive background scattering]]
[2026.06.08-20.39.32:230][  0]LogConfig: Setting CVar [[r.DOF.Scatter.EnableBokehSettings:1      ; bokeh simulation when scattering]]
[2026.06.08-20.39.32:230][  0]LogConfig: Setting CVar [[r.DOF.Scatter.MaxSpriteRatio:0.1         ; only a maximum of 10% of scattered bokeh]]
[2026.06.08-20.39.32:230][  0]LogConfig: Setting CVar [[r.DOF.Recombine.Quality:1                ; cheap slight out of focus]]
[2026.06.08-20.39.32:230][  0]LogConfig: Setting CVar [[r.DOF.Recombine.EnableBokehSettings:0    ; no bokeh simulation on slight out of focus]]
[2026.06.08-20.39.32:230][  0]LogConfig: Setting CVar [[r.DOF.TemporalAAQuality:1                ; more stable temporal accumulation]]
[2026.06.08-20.39.32:230][  0]LogConfig: Setting CVar [[r.DOF.Kernel.MaxForegroundRadius:0.025]]
[2026.06.08-20.39.32:230][  0]LogConfig: Setting CVar [[r.DOF.Kernel.MaxBackgroundRadius:0.025]]
[2026.06.08-20.39.32:230][  0]LogConfig: Applying CVar settings from Section [TextureQuality@3] File [C:/Users/Administrator/Downloads/process/ZJJD-Vol1/Saved/Config/Windows/Scalability.ini]
[2026.06.08-20.39.32:230][  0]LogConfig: Setting CVar [[r.Streaming.MipBias:0]]
[2026.06.08-20.39.32:230][  0]LogConfig: Setting CVar [[r.Streaming.AmortizeCPUToGPUCopy:0]]
[2026.06.08-20.39.32:230][  0]LogConfig: Setting CVar [[r.Streaming.MaxNumTexturesToStreamPerFrame:0]]
[2026.06.08-20.39.32:230][  0]LogConfig: Setting CVar [[r.Streaming.Boost:1]]
[2026.06.08-20.39.32:230][  0]LogConfig: Setting CVar [[r.MaxAnisotropy:8]]
[2026.06.08-20.39.32:230][  0]LogConfig: Setting CVar [[r.VT.MaxAnisotropy:8]]
[2026.06.08-20.39.32:230][  0]LogConfig: Setting CVar [[r.Streaming.LimitPoolSizeToVRAM:0]]
[2026.06.08-20.39.32:230][  0]LogConfig: Setting CVar [[r.Streaming.PoolSize:1000]]
[2026.06.08-20.39.32:230][  0]LogConfig: Setting CVar [[r.Streaming.MaxEffectiveScreenSize:0]]
[2026.06.08-20.39.32:230][  0]LogConfig: Applying CVar settings from Section [EffectsQuality@3] File [C:/Users/Administrator/Downloads/process/ZJJD-Vol1/Saved/Config/Windows/Scalability.ini]
[2026.06.08-20.39.32:230][  0]LogConfig: Setting CVar [[r.TranslucencyLightingVolumeDim:64]]
[2026.06.08-20.39.32:230][  0]LogConfig: Setting CVar [[r.RefractionQuality:2]]
[2026.06.08-20.39.32:230][  0]LogConfig: Setting CVar [[r.SSR.Quality:3]]
[2026.06.08-20.39.32:230][  0]LogConfig: Setting CVar [[r.SSR.HalfResSceneColor:0]]
[2026.06.08-20.39.32:230][  0]LogConfig: Setting CVar [[r.SceneColorFormat:4]]
[2026.06.08-20.39.32:230][  0]LogConfig: Setting CVar [[r.DetailMode:2]]
[2026.06.08-20.39.32:230][  0]LogConfig: Setting CVar [[r.TranslucencyVolumeBlur:1]]
[2026.06.08-20.39.32:230][  0]LogConfig: Setting CVar [[r.MaterialQualityLevel:1 ; High quality]]
[2026.06.08-20.39.32:230][  0]LogConfig: Setting CVar [[r.AnisotropicMaterials:1]]
[2026.06.08-20.39.32:230][  0]LogConfig: Setting CVar [[r.SSS.Scale:1]]
[2026.06.08-20.39.32:230][  0]LogConfig: Setting CVar [[r.SSS.SampleSet:2]]
[2026.06.08-20.39.32:230][  0]LogConfig: Setting CVar [[r.SSS.Quality:1]]
[2026.06.08-20.39.32:230][  0]LogConfig: Setting CVar [[r.SSS.HalfRes:0]]
[2026.06.08-20.39.32:230][  0]LogConfig: Setting CVar [[r.SSGI.Quality:3]]
[2026.06.08-20.39.32:230][  0]LogConfig: Setting CVar [[r.EmitterSpawnRateScale:1.0]]
[2026.06.08-20.39.32:230][  0]LogConfig: Setting CVar [[r.ParticleLightQuality:2]]
[2026.06.08-20.39.32:230][  0]LogConfig: Setting CVar [[r.SkyAtmosphere.AerialPerspectiveLUT.FastApplyOnOpaque:1 ; Always have FastSkyLUT 1 in this case to avoid wrong sky]]
[2026.06.08-20.39.32:230][  0]LogConfig: Setting CVar [[r.SkyAtmosphere.AerialPerspectiveLUT.SampleCountMaxPerSlice:4]]
[2026.06.08-20.39.32:230][  0]LogConfig: Setting CVar [[r.SkyAtmosphere.AerialPerspectiveLUT.DepthResolution:16.0]]
[2026.06.08-20.39.32:230][  0]LogConfig: Setting CVar [[r.SkyAtmosphere.FastSkyLUT:1]]
[2026.06.08-20.39.32:230][  0]LogConfig: Setting CVar [[r.SkyAtmosphere.FastSkyLUT.SampleCountMin:4.0]]
[2026.06.08-20.39.32:230][  0]LogConfig: Setting CVar [[r.SkyAtmosphere.FastSkyLUT.SampleCountMax:128.0]]
[2026.06.08-20.39.32:230][  0]LogConfig: Setting CVar [[r.SkyAtmosphere.SampleCountMin:4.0]]
[2026.06.08-20.39.32:230][  0]LogConfig: Setting CVar [[r.SkyAtmosphere.SampleCountMax:128.0]]
[2026.06.08-20.39.32:231][  0]LogConfig: Setting CVar [[r.SkyAtmosphere.TransmittanceLUT.UseSmallFormat:0]]
[2026.06.08-20.39.32:231][  0]LogConfig: Setting CVar [[r.SkyAtmosphere.TransmittanceLUT.SampleCount:10.0]]
[2026.06.08-20.39.32:231][  0]LogConfig: Setting CVar [[r.SkyAtmosphere.MultiScatteringLUT.SampleCount:15.0]]
[2026.06.08-20.39.32:231][  0]LogConfig: Setting CVar [[r.SkyLight.RealTimeReflectionCapture:1]]
[2026.06.08-20.39.32:231][  0]LogConfig: Setting CVar [[fx.Niagara.QualityLevel:3]]
[2026.06.08-20.39.32:231][  0]LogConfig: Applying CVar settings from Section [FoliageQuality@3] File [C:/Users/Administrator/Downloads/process/ZJJD-Vol1/Saved/Config/Windows/Scalability.ini]
[2026.06.08-20.39.32:231][  0]LogConfig: Setting CVar [[foliage.DensityScale:1.0]]
[2026.06.08-20.39.32:231][  0]LogConfig: Setting CVar [[grass.DensityScale:1.0]]
[2026.06.08-20.39.32:231][  0]LogConfig: Applying CVar settings from Section [ShadingQuality@3] File [C:/Users/Administrator/Downloads/process/ZJJD-Vol1/Saved/Config/Windows/Scalability.ini]
[2026.06.08-20.39.32:231][  0]LogConfig: Setting CVar [[r.HairStrands.SkyLighting.IntegrationType:2]]
[2026.06.08-20.39.32:231][  0]LogConfig: Setting CVar [[r.HairStrands.SkyAO.SampleCount:4]]
[2026.06.08-20.39.32:231][  0]LogConfig: Setting CVar [[r.HairStrands.Visibility.MSAA.SamplePerPixel:4]]
[2026.06.08-20.39.32:231][  0]LogConfig: Setting CVar [[r.HairStrands.Interpolation.UseSingleGuide:0]]
[2026.06.08-20.39.32:231][  0]LogConfig: Applying CVar settings from Section [Startup] File [../../../Engine/Config/ConsoleVariables.ini]
[2026.06.08-20.39.32:232][  0]LogConfig: Setting CVar [[net.UseAdaptiveNetUpdateFrequency:0]]
[2026.06.08-20.39.32:232][  0]LogConfig: Setting CVar [[p.chaos.AllowCreatePhysxBodies:1]]
[2026.06.08-20.39.32:232][  0]LogConfig: Setting CVar [[fx.SkipVectorVMBackendOptimizations:1]]
[2026.06.08-20.39.32:232][  0]LogConfig: Applying CVar settings from Section [ConsoleVariables] File [C:/Users/Administrator/Downloads/process/ZJJD-Vol1/Saved/Config/Windows/Engine.ini]
[2026.06.08-20.39.32:232][  0]LogConfig: Applying CVar settings from Section [ConsoleVariables] File [C:/Users/Administrator/Downloads/process/ZJJD-Vol1/Saved/Config/Windows/Editor.ini]
[2026.06.08-20.39.32:232][  0]LogInit: Computer: 备用机
[2026.06.08-20.39.32:232][  0]LogInit: User: Administrator
[2026.06.08-20.39.32:232][  0]LogInit: CPU Page size=4096, Cores=4
[2026.06.08-20.39.32:232][  0]LogInit: High frequency timer resolution =10.000000 MHz
[2026.06.08-20.39.32:232][  0]LogMemory: Memory total: Physical=15.9GB (16GB approx)
[2026.06.08-20.39.32:232][  0]LogMemory: Platform Memory Stats for Windows
[2026.06.08-20.39.32:232][  0]LogMemory: Process Physical Memory: 146.88 MB used, 146.88 MB peak
[2026.06.08-20.39.32:233][  0]LogMemory: Process Virtual Memory: 126.70 MB used, 126.70 MB peak
[2026.06.08-20.39.32:233][  0]LogMemory: Physical Memory: 7706.25 MB used,  8618.91 MB free, 16325.16 MB total
[2026.06.08-20.39.32:233][  0]LogMemory: Virtual Memory: 134189144.00 MB used,  28580.80 MB free, 134217728.00 MB total
[2026.06.08-20.39.32:235][  0]LogWindows: WindowsPlatformFeatures enabled
[2026.06.08-20.39.32:544][  0]LogInit: Physics initialised using underlying interface: PhysX
[2026.06.08-20.39.32:552][  0]LogInit: Using OS detected language (zh-CN).
[2026.06.08-20.39.32:553][  0]LogInit: Using OS detected locale (zh-CN).
[2026.06.08-20.39.32:577][  0]LogTextLocalizationManager: No specific localization for 'zh-CN' exists, so the 'zh-Hans' localization will be used.
[2026.06.08-20.39.32:810][  0]LogTextLocalizationResource: LocRes '../../../Engine/Content/Localization/Editor/zh/Editor.locres' could not be opened for reading!
[2026.06.08-20.39.32:811][  0]LogTextLocalizationResource: LocRes '../../../Engine/Content/Localization/EditorTutorials/zh/EditorTutorials.locres' could not be opened for reading!
[2026.06.08-20.39.32:811][  0]LogTextLocalizationResource: LocRes '../../../Engine/Content/Localization/Keywords/zh/Keywords.locres' could not be opened for reading!
[2026.06.08-20.39.32:811][  0]LogTextLocalizationResource: LocRes '../../../Engine/Content/Localization/Category/zh/Category.locres' could not be opened for reading!
[2026.06.08-20.39.32:811][  0]LogTextLocalizationResource: LocRes '../../../Engine/Content/Localization/ToolTips/zh/ToolTips.locres' could not be opened for reading!
[2026.06.08-20.39.32:812][  0]LogTextLocalizationResource: LocRes '../../../Engine/Content/Localization/PropertyNames/zh/PropertyNames.locres' could not be opened for reading!
[2026.06.08-20.39.32:812][  0]LogTextLocalizationResource: LocRes '../../../Engine/Content/Localization/Engine/zh/Engine.locres' could not be opened for reading!
[2026.06.08-20.39.32:812][  0]LogTextLocalizationResource: LocRes '../../../Engine/Plugins/Online/OnlineSubsystem/Content/Localization/OnlineSubsystem/zh/OnlineSubsystem.locres' could not be opened for reading!
[2026.06.08-20.39.32:813][  0]LogTextLocalizationResource: LocRes '../../../Engine/Plugins/Online/OnlineSubsystemUtils/Content/Localization/OnlineSubsystemUtils/zh/OnlineSubsystemUtils.locres' could not be opened for reading!
[2026.06.08-20.39.32:813][  0]LogTextLocalizationResource: LocRes '../../../Engine/Plugins/Online/Android/OnlineSubsystemGooglePlay/Content/Localization/OnlineSubsystemGooglePlay/zh/OnlineSubsystemGooglePlay.locres' could not be opened for reading!
[2026.06.08-20.39.32:813][  0]LogTextLocalizationResource: LocRes '../../../Engine/Plugins/Online/IOS/OnlineSubsystemIOS/Content/Localization/OnlineSubsystemIOS/zh/OnlineSubsystemIOS.locres' could not be opened for reading!
[2026.06.08-20.39.32:885][  0]LogInit: Setting process to per monitor DPI aware
[2026.06.08-20.39.32:918][  0]LogWindowsTextInputMethodSystem: Display: IME system deactivated.
[2026.06.08-20.39.32:968][  0]LogSlate: New Slate User Created.  User Index 0, Is Virtual User: 0
[2026.06.08-20.39.32:968][  0]LogSlate: Slate User Registered.  User Index 0, Is Virtual User: 0
[2026.06.08-20.39.33:445][  0]LogD3D11RHI: Loaded GFSDK_Aftermath_Lib.x64.dll
[2026.06.08-20.39.33:453][  0]LogHMD: Failed to initialize OpenVR with code 110
[2026.06.08-20.39.33:453][  0]LogD3D11RHI: D3D11 min allowed feature level: 11_0
[2026.06.08-20.39.33:453][  0]LogD3D11RHI: D3D11 max allowed feature level: 11_0
[2026.06.08-20.39.33:453][  0]LogD3D11RHI: D3D11 adapters:
[2026.06.08-20.39.33:701][  0]LogD3D11RHI:    0. 'NVIDIA GeForce GTX 1660' (Feature Level 11_0)
[2026.06.08-20.39.33:701][  0]LogD3D11RHI:       5966/0/8162 MB DedicatedVideo/DedicatedSystem/SharedSystem, Outputs:1, VendorId:0x10de
[2026.06.08-20.39.33:704][  0]LogD3D11RHI:    1. 'Microsoft Basic Render Driver' (Feature Level 11_0)
[2026.06.08-20.39.33:704][  0]LogD3D11RHI:       0/0/8162 MB DedicatedVideo/DedicatedSystem/SharedSystem, Outputs:0, VendorId:0x1414
[2026.06.08-20.39.33:884][  0]LogD3D11RHI:    2. 'NVIDIA GeForce GTX 1660' (Feature Level 11_0)
[2026.06.08-20.39.33:884][  0]LogD3D11RHI:       5966/0/8162 MB DedicatedVideo/DedicatedSystem/SharedSystem, Outputs:0, VendorId:0x10de
[2026.06.08-20.39.34:058][  0]LogD3D11RHI:    3. 'NVIDIA GeForce GTX 1660' (Feature Level 11_0)
[2026.06.08-20.39.34:058][  0]LogD3D11RHI:       5966/0/8162 MB DedicatedVideo/DedicatedSystem/SharedSystem, Outputs:0, VendorId:0x10de
[2026.06.08-20.39.34:058][  0]LogD3D11RHI: Chosen D3D11 Adapter:
[2026.06.08-20.39.34:058][  0]LogD3D11RHI:     Description : NVIDIA GeForce GTX 1660
[2026.06.08-20.39.34:058][  0]LogD3D11RHI:     VendorId    : 10de
[2026.06.08-20.39.34:058][  0]LogD3D11RHI:     DeviceId    : 2184
[2026.06.08-20.39.34:058][  0]LogD3D11RHI:     SubSysId    : 155119da
[2026.06.08-20.39.34:058][  0]LogD3D11RHI:     Revision    : 00a1
[2026.06.08-20.39.34:058][  0]LogD3D11RHI:     DedicatedVideoMemory : 6255804416 bytes
[2026.06.08-20.39.34:058][  0]LogD3D11RHI:     DedicatedSystemMemory : 0 bytes
[2026.06.08-20.39.34:058][  0]LogD3D11RHI:     SharedSystemMemory : 8559087616 bytes
[2026.06.08-20.39.34:058][  0]LogD3D11RHI:     AdapterLuid : 0 38844
[2026.06.08-20.39.34:065][  0]LogD3D11RHI: Creating new Direct3DDevice
[2026.06.08-20.39.34:065][  0]LogD3D11RHI:     GPU DeviceId: 0x2184 (for the marketing name, search the web for "GPU Device Id")
[2026.06.08-20.39.34:065][  0]LogWindows: EnumDisplayDevices:
[2026.06.08-20.39.34:065][  0]LogWindows:    0. 'NVIDIA GeForce GTX 1660' (P:1 D:1)
[2026.06.08-20.39.34:066][  0]LogWindows:    1. 'NVIDIA GeForce GTX 1660' (P:0 D:0)
[2026.06.08-20.39.34:066][  0]LogWindows:    2. 'NVIDIA GeForce GTX 1660' (P:0 D:0)
[2026.06.08-20.39.34:067][  0]LogWindows:    3. 'NVIDIA GeForce GTX 1660' (P:0 D:0)
[2026.06.08-20.39.34:067][  0]LogWindows:    4. 'OrayIddDriver Device' (P:0 D:0)
[2026.06.08-20.39.34:068][  0]LogWindows:    5. 'OrayIddDriver Device' (P:0 D:0)
[2026.06.08-20.39.34:069][  0]LogWindows:    6. 'OrayIddDriver Device' (P:0 D:0)
[2026.06.08-20.39.34:069][  0]LogWindows:    7. 'OrayIddDriver Device' (P:0 D:0)
[2026.06.08-20.39.34:070][  0]LogWindows:    8. 'OrayIddDriver Device' (P:0 D:0)
[2026.06.08-20.39.34:070][  0]LogWindows:    9. 'OrayIddDriver Device' (P:0 D:0)
[2026.06.08-20.39.34:071][  0]LogWindows:    10. 'OrayIddDriver Device' (P:0 D:0)
[2026.06.08-20.39.34:072][  0]LogWindows:    11. 'OrayIddDriver Device' (P:0 D:0)
[2026.06.08-20.39.34:072][  0]LogWindows:    12. 'OrayIddDriver Device' (P:0 D:0)
[2026.06.08-20.39.34:073][  0]LogWindows:    13. 'OrayIddDriver Device' (P:0 D:0)
[2026.06.08-20.39.34:075][  0]LogWindows:    14. 'Todesk Virtual Display Adapter' (P:0 D:0)
[2026.06.08-20.39.34:075][  0]LogWindows:    15. 'Todesk Virtual Display Adapter' (P:0 D:0)
[2026.06.08-20.39.34:076][  0]LogWindows:    16. 'Todesk Virtual Display Adapter' (P:0 D:0)
[2026.06.08-20.39.34:076][  0]LogWindows: DebugString: GetVideoDriverDetailsInvalid PrimaryIsNotTheChoosenAdapter GetVideoDriverDetailsInvalid PrimaryIsNotTheChoosenAdapter GetVideoDriverDetailsInvalid PrimaryIsNotTheChoosenAdapter GetVideoDriverDetailsInvalid PrimaryIsNotTheChoosenAdapter GetVideoDriverDetailsInvalid PrimaryIsNotTheChoosenAdapter GetVideoDriverDetailsInvalid PrimaryIsNotTheChoosenAdapter GetVideoDriverDetailsInvalid PrimaryIsNotTheChoosenAdapter GetVideoDriverDetailsInvalid PrimaryIsNotTheChoosenAdapter GetVideoDriverDetailsInvalid PrimaryIsNotTheChoosenAdapter GetVideoDriverDetailsInvalid PrimaryIsNotTheChoosenAdapter GetVideoDriverDetailsInvalid PrimaryIsNotTheChoosenAdapter GetVideoDriverDetailsInvalid PrimaryIsNotTheChoosenAdapter GetVideoDriverDetailsInvalid PrimaryIsNotTheChoosenAdapter FoundDriverCount:4 
[2026.06.08-20.39.34:076][  0]LogD3D11RHI:     Adapter Name: NVIDIA GeForce GTX 1660
[2026.06.08-20.39.34:076][  0]LogD3D11RHI:   Driver Version: 595.79 (internal:32.0.15.9579, unified:595.79)
[2026.06.08-20.39.34:076][  0]LogD3D11RHI:      Driver Date: 3-4-2026
[2026.06.08-20.39.34:077][  0]LogRHI: Texture pool is 4176 MB (70% of 5966 MB)
[2026.06.08-20.39.34:077][  0]LogD3D11RHI: Creating D3DDevice using adapter:
[2026.06.08-20.39.34:077][  0]LogD3D11RHI:     Description : NVIDIA GeForce GTX 1660
[2026.06.08-20.39.34:077][  0]LogD3D11RHI:     VendorId    : 10de
[2026.06.08-20.39.34:077][  0]LogD3D11RHI:     DeviceId    : 2184
[2026.06.08-20.39.34:077][  0]LogD3D11RHI:     SubSysId    : 155119da
[2026.06.08-20.39.34:077][  0]LogD3D11RHI:     Revision    : 00a1
[2026.06.08-20.39.34:077][  0]LogD3D11RHI:     DedicatedVideoMemory : 6255804416 bytes
[2026.06.08-20.39.34:077][  0]LogD3D11RHI:     DedicatedSystemMemory : 0 bytes
[2026.06.08-20.39.34:077][  0]LogD3D11RHI:     SharedSystemMemory : 8559087616 bytes
[2026.06.08-20.39.34:077][  0]LogD3D11RHI:     AdapterLuid : 0 38844
[2026.06.08-20.39.34:247][  0]LogD3D11RHI: RHI has support for 64 bit atomics
[2026.06.08-20.39.34:248][  0]LogD3D11RHI: Async texture creation enabled
[2026.06.08-20.39.34:248][  0]LogD3D11RHI: Array index from any shader is supported
[2026.06.08-20.39.34:289][  0]LogD3D11RHI: GPU Timing Frequency: 1000.000000 (Debug: 2 1)
[2026.06.08-20.39.34:377][  0]LogRHI: GeForceNow SDK initialized: 1
[2026.06.08-20.39.34:928][  0]LogTargetPlatformManager: Display: Loaded TargetPlatform 'AllDesktop'
[2026.06.08-20.39.34:960][  0]LogTargetPlatformManager: Display: Loaded TargetPlatform 'Android'
[2026.06.08-20.39.34:960][  0]LogTargetPlatformManager: Display: Loaded TargetPlatform 'Android_ASTC'
[2026.06.08-20.39.34:960][  0]LogTargetPlatformManager: Display: Loaded TargetPlatform 'Android_DXT'
[2026.06.08-20.39.34:960][  0]LogTargetPlatformManager: Display: Loaded TargetPlatform 'Android_ETC2'
[2026.06.08-20.39.34:960][  0]LogTargetPlatformManager: Display: Loaded TargetPlatform 'AndroidClient'
[2026.06.08-20.39.34:960][  0]LogTargetPlatformManager: Display: Loaded TargetPlatform 'Android_ASTCClient'
[2026.06.08-20.39.34:960][  0]LogTargetPlatformManager: Display: Loaded TargetPlatform 'Android_DXTClient'
[2026.06.08-20.39.34:960][  0]LogTargetPlatformManager: Display: Loaded TargetPlatform 'Android_ETC2Client'
[2026.06.08-20.39.34:960][  0]LogTargetPlatformManager: Display: Loaded TargetPlatform 'Android_Multi'
[2026.06.08-20.39.34:960][  0]LogTargetPlatformManager: Display: Loaded TargetPlatform 'Android_MultiClient'
[2026.06.08-20.39.34:996][  0]LogTargetPlatformManager: Display: Loaded TargetPlatform 'IOSClient'
[2026.06.08-20.39.34:996][  0]LogTargetPlatformManager: Display: Loaded TargetPlatform 'IOS'
[2026.06.08-20.39.35:014][  0]LogTargetPlatformManager: Display: Loaded TargetPlatform 'Linux'
[2026.06.08-20.39.35:026][  0]LogTargetPlatformManager: Display: Loaded TargetPlatform 'LinuxNoEditor'
[2026.06.08-20.39.35:034][  0]LogTargetPlatformManager: Display: Loaded TargetPlatform 'LinuxClient'
[2026.06.08-20.39.35:043][  0]LogTargetPlatformManager: Display: Loaded TargetPlatform 'LinuxServer'
[2026.06.08-20.39.35:063][  0]LogTargetPlatformManager: Display: Loaded TargetPlatform 'LinuxAArch64NoEditor'
[2026.06.08-20.39.35:072][  0]LogTargetPlatformManager: Display: Loaded TargetPlatform 'LinuxAArch64Client'
[2026.06.08-20.39.35:081][  0]LogTargetPlatformManager: Display: Loaded TargetPlatform 'LinuxAArch64Server'
[2026.06.08-20.39.35:124][  0]LogTargetPlatformManager: Display: Loaded TargetPlatform 'Lumin'
[2026.06.08-20.39.35:124][  0]LogTargetPlatformManager: Display: Loaded TargetPlatform 'LuminClient'
[2026.06.08-20.39.35:140][  0]LogTargetPlatformManager: Display: Loaded TargetPlatform 'MacNoEditor'
[2026.06.08-20.39.35:149][  0]LogTargetPlatformManager: Display: Loaded TargetPlatform 'Mac'
[2026.06.08-20.39.35:157][  0]LogTargetPlatformManager: Display: Loaded TargetPlatform 'MacClient'
[2026.06.08-20.39.35:166][  0]LogTargetPlatformManager: Display: Loaded TargetPlatform 'MacServer'
[2026.06.08-20.39.35:181][  0]LogTargetPlatformManager: Display: Loaded TargetPlatform 'TVOSClient'
[2026.06.08-20.39.35:181][  0]LogTargetPlatformManager: Display: Loaded TargetPlatform 'TVOS'
[2026.06.08-20.39.35:199][  0]LogTargetPlatformManager: Display: Loaded TargetPlatform 'WindowsNoEditor'
[2026.06.08-20.39.35:208][  0]LogTargetPlatformManager: Display: Loaded TargetPlatform 'Windows'
[2026.06.08-20.39.35:217][  0]LogTargetPlatformManager: Display: Loaded TargetPlatform 'WindowsClient'
[2026.06.08-20.39.35:226][  0]LogTargetPlatformManager: Display: Loaded TargetPlatform 'WindowsServer'
[2026.06.08-20.39.35:226][  0]LogTargetPlatformManager: Display: Building Assets For Windows
[2026.06.08-20.39.35:258][  0]LogAudioDebug: Display: Lib vorbis DLL was dynamically loaded.
[2026.06.08-20.39.35:372][  0]LogTextureFormatOodle: Display: Oodle Texture 2.9.0 init RDO Off
[2026.06.08-20.39.35:611][  0]LogRendererCore: Ray tracing is disabled. Reason: r.RayTracing=0.
[2026.06.08-20.39.35:613][  0]LogShaderCompilers: Guid format shader working directory is -12 characters bigger than the processId version (../../../../../../Users/Administrator/Downloads/process/ZJJD-Vol1/Intermediate/Shaders/WorkingDirectory/17300/).
[2026.06.08-20.39.35:614][  0]LogShaderCompilers: Cleaned the shader compiler working directory 'C:/Users/Administrator/AppData/Local/Temp/UnrealShaderWorkingDir/7391FAED4B9B5830867B7A9763C21C31/'.
[2026.06.08-20.39.35:616][  0]LogXGEController: Cannot use XGE Controller as Incredibuild is not installed on this machine.
[2026.06.08-20.39.35:616][  0]LogShaderCompilers: Cannot use XGE Shader Compiler as Incredibuild is not installed on this machine.
[2026.06.08-20.39.35:616][  0]LogShaderCompilers: Display: Using Local Shader Compiler.
[2026.06.08-20.39.36:811][  0]LogDerivedDataCache: Display: Max Cache Size: 512 MB
[2026.06.08-20.39.37:261][  0]LogDerivedDataCache: Loaded boot cache 0.45s 130MB C:/Users/Administrator/AppData/Local/UnrealEngine/4.27/DerivedDataCache/Boot.ddc.
[2026.06.08-20.39.37:262][  0]LogDerivedDataCache: Display: Loaded Boot cache: C:/Users/Administrator/AppData/Local/UnrealEngine/4.27/DerivedDataCache/Boot.ddc
[2026.06.08-20.39.37:262][  0]LogDerivedDataCache: FDerivedDataBackendGraph:  Pak pak cache file ../../../../../../Users/Administrator/Downloads/process/ZJJD-Vol1/DerivedDataCache/DDC.ddp not found, will not use a pak cache.
[2026.06.08-20.39.37:262][  0]LogDerivedDataCache: Unable to find inner node Pak for hierarchical cache Hierarchy.
[2026.06.08-20.39.37:263][  0]LogDerivedDataCache: FDerivedDataBackendGraph:  CompressedPak pak cache file ../../../../../../Users/Administrator/Downloads/process/ZJJD-Vol1/DerivedDataCache/Compressed.ddp not found, will not use a pak cache.
[2026.06.08-20.39.37:263][  0]LogDerivedDataCache: Unable to find inner node CompressedPak for hierarchical cache Hierarchy.
[2026.06.08-20.39.37:295][  0]LogDerivedDataCache: Display: Pak cache opened for reading ../../../Engine/DerivedDataCache/Compressed.ddp.
[2026.06.08-20.39.37:295][  0]LogDerivedDataCache: FDerivedDataBackendGraph:  EnterprisePak pak cache file ../../../Enterprise/DerivedDataCache/Compressed.ddp not found, will not use a pak cache.
[2026.06.08-20.39.37:295][  0]LogDerivedDataCache: Unable to find inner node EnterprisePak for hierarchical cache Hierarchy.
[2026.06.08-20.39.37:313][  0]LogDerivedDataCache: Speed tests for C:/Users/Administrator/AppData/Local/UnrealEngine/Common/DerivedDataCache took 0.02 seconds
[2026.06.08-20.39.37:313][  0]LogDerivedDataCache: Display: Performance to C:/Users/Administrator/AppData/Local/UnrealEngine/Common/DerivedDataCache: Latency=0.22ms. RandomReadSpeed=106.55MBs, RandomWriteSpeed=140.03MBs. Assigned SpeedClass 'Local'
[2026.06.08-20.39.37:314][  0]LogDerivedDataCache: Using Local data cache path C:/Users/Administrator/AppData/Local/UnrealEngine/Common/DerivedDataCache: Writable
[2026.06.08-20.39.37:314][  0]LogDerivedDataCache: Shared data cache path not found in *engine.ini, will not use an Shared cache.
[2026.06.08-20.39.37:314][  0]LogDerivedDataCache: Unable to find inner node Shared for hierarchical cache Hierarchy.
[2026.06.08-20.39.37:393][  0]LogSlate: Using FreeType 2.10.0
[2026.06.08-20.39.37:397][  0]LogSlate: SlateFontServices - WITH_FREETYPE: 1, WITH_HARFBUZZ: 1
[2026.06.08-20.39.37:474][  0]LogAssetRegistry: FAssetRegistry took 0.0078 seconds to start up
[2026.06.08-20.39.37:950][  0]LogInit: Selected Device Profile: [Windows]
[2026.06.08-20.39.37:950][  0]LogInit: Active device profile: [00000231B906EE00][00000231B9896200 49] Windows
[2026.06.08-20.39.37:950][  0]LogInit: Profiles: [00000231B906EE00][00000231B9896200 49] Windows, [00000231B9033100][00000231B989E380 49] WindowsNoEditor, [00000231B906F900][00000231B98A2500 49] WindowsServer, [00000231B9030700][00000231B989A640 49] WindowsClient, [00000231B906C600][00000231B98A6780 49] IOS, [00000231B9031500][00000231B98AA8C0 49] iPadAir, [00000231B906D500][00000231B98AEA00 49] iPadAir2, [00000231B8FCE500][00000231B98BACC0 49] IPadPro, [00000231B8FCE600][00000231B98B6D00 49] iPadAir3, [00000231B906E400][00000231B98BEE80 49] iPadAir4, [00000231B8FCF600][00000231B98C3000 49] iPadMini2, [00000231B906D800][00000231B98C7180 49] iPadMini3, [00000231B8FCEF00][00000231B98CB300 49] iPadMini4, [00000231B906FE00][00000231B98CF480 49] iPadMini5, [00000231B9009E00][00000231B98D7740 49] iPhone6, [00000231B9009F00][00000231B98D3780 49] iPodTouch6, [00000231B8FCCC00][00000231B98DFA40 49] iPhone7, [00000231B8FCD000][00000231B98DBA80 49] iPodTouch7, [00000231B900AE00][00000231B98E3C00 49] iPhone5S, [00000231B8FCC500][00000231B98E6200 49] iPhone6Plus, [00000231B9008F00][00000231B98EA380 49] iPhone6S, [00000231B8FCE200][00000231B98EE500 49] iPhone6SPlus, [00000231B9008B00][00000231B98F2680 49] iPhone7Plus, [00000231B8FCF300][00000231B98B27C0 49] iPhoneSE, [00000231B9009100][00000231B98F6900 49] iPhone8, [00000231B8FCD300][00000231B98FAA40 49] iPhone8Plus, [00000231B900B200][00000231B98FEB80 49] iPhoneX, [00000231B8FCD500][00000231B9906D00 49] iPhoneXS, [00000231B9008E00][00000231B990AE80 49] iPhoneXSMax, [00000231B8FCC700][00000231B990F000 49] iPhoneXR, [00000231B900A100][00000231B9913180 49] iPhone11, [00000231B8FCED00][00000231B9917300 49] iPhone11Pro, [00000231B9009D00][00000231B991B480 49] iPhone11ProMax, [00000231B8FCCB00][00000231B991F600 49] iPhoneSE2, [00000231B9009B00][00000231B9923780 49] iPhone12Mini, [00000231B8FCE900][00000231B9927900 49] iPhone12, [00000231B9008C00][00000231B992BA80 49] iPhone12Pro, [00000231B8FCEA00][00000231B992FC00 49] iPhone12ProMax, [00000231B900B800][00000231B9932200 49] iPadPro105, [00000231B8FCD100][00000231B9936380 49] iPadPro129, [00000231B9009A00][00000231B993A500 49] iPadPro97, [00000231B8FCCA00][00000231B993E680 49] iPadPro2_129, [00000231B900AD00][00000231B9942800 49] iPad5, [00000231B8FCE400][00000231B9946980 49] iPad6, [00000231B900B600][00000231B9902AC0 49] iPad7, [00000231B8FCFB00][00000231B994AC00 49] iPad8, [00000231B900B000][00000231B994ED40 49] iPadPro11, [00000231B8FCD400][00000231B9956EC0 49] iPadPro2_11, [00000231B9030200][00000231B995B040 49] iPadPro3_129, [00000231B90ACD00][00000231B995F1C0 49] iPadPro4_129, [00000231B9032800][00000231B9963340 49] AppleTV, [00000231B90AC700][00000231B99674C0 49] AppleTV4K, [00000231B9033400][00000231B996B640 49] TVOS, [00000231B90AD800][00000231B996F7C0 49] Mac, [00000231B9031300][00000231B9973940 49] MacClient, [00000231B90AD500][00000231B9977AC0 49] MacNoEditor, [00000231B9032C00][00000231B997A0C0 49] MacServer, [00000231B90ACE00][00000231B997E240 49] Linux, [00000231B9033B00][00000231B99823C0 49] LinuxAArch64, [00000231B90AC100][00000231B9986540 49] LinuxNoEditor, [00000231B9031200][00000231B998A6C0 49] LinuxAArch64NoEditor, [00000231B90ACF00][00000231B998E840 49] LinuxClient, [00000231B9031F00][00000231B99929C0 49] LinuxAArch64Client, [00000231B90AC900][00000231B9996B40 49] LinuxServer, [00000231B9032600][00000231B9952C80 49] LinuxAArch64Server, [00000231B90ADA00][00000231B999ADC0 49] Android, [00000231B8FCFC00][00000231B999EF00 49] Android_Low, [00000231B900AA00][00000231B99A3040 49] Android_Mid, [00000231B8FCE300][00000231B99AB1C0 49] Android_High, [00000231B900B500][00000231B99AF340 49] Android_Default, [00000231B8FCFF00][00000231B99B34C0 49] Android_Adreno4xx, [00000231B900A700][00000231B99B7640 49] Android_Adreno5xx_Low, [00000231B8FCDA00][00000231B99BB7C0 49] Android_Adreno5xx, [00000231B90AE300][00000231B99BF940 49] Android_Adreno6xx, [00000231B8FCEC00][00000231B99C3AC0 49] Android_Adreno6xx_Vulkan, [00000231B90AE500][00000231B99C60C0 49] Android_Mali_T6xx, [00000231B8FCC100][00000231B99CA240 49] Android_Mali_T7xx, [00000231B90AE400][00000231B99CE3C0 49] Android_Mali_T8xx, [00000231B8FCD700][00000231B99D2540 49] Android_Mali_G71, [00000231B90AE900][00000231B99D66C0 49] Android_Mali_G72, [00000231B8FCC400][00000231B99DA840 49] Android_Mali_G72_Vulkan, [00000231B90AC300][00000231B99DE9C0 49] Android_Mali_G76, [00000231B8FCDE00][00000231B99E2B40 49] Android_Mali_G76_Vulkan, [00000231B90AC800][00000231B99E6CC0 49] Android_Mali_G77, [00000231B8FCCF00][00000231B99A6E00 49] Android_Mali_G77_Vulkan, [00000231B90AD600][00000231B99EAF40 49] Android_Mali_G78, [00000231B8FCC600][00000231B99EF080 49] Android_Mali_G78_Vulkan, [00000231B900AF00][00000231B99F31C0 49] Android_Mali_G710, [00000231B8FCEB00][00000231B99FB340 49] Android_Mali_G710_Vulkan, [00000231B900BE00][00000231B99FF4C0 49] Android_Vulkan_SM5, [00000231B8FCFE00][00000231B9A03640 49] Android_PowerVR_G6xxx, [00000231B900A800][00000231B9A077C0 49] Android_PowerVR_GT7xxx, [00000231B8FCFD00][00000231B9A9D940 49] Android_PowerVR_GE8xxx, [00000231B900B300][00000231B9AA1AC0 49] Android_PowerVR_GM9xxx, [00000231B8FCE100][00000231B9AA40C0 49] Android_PowerVR_GM9xxx_Vulkan, [00000231B9009000][00000231B9AB0240 49] Android_TegraK1, [00000231B8FCF500][00000231B9AB43C0 49] Android_Unknown_Vulkan, [00000231B900AB00][00000231AD49C540 49] Lumin, [00000231B8FCD800][00000231B37766C0 49] Lumin_Desktop, [00000231B900B400][00000231AD50C840 49] HoloLens, 
[2026.06.08-20.39.38:300][  0]LogMeshReduction: Using QuadricMeshReduction for automatic static mesh reduction
[2026.06.08-20.39.38:300][  0]LogMeshReduction: Using SimplygonMeshReduction for automatic skeletal mesh reduction
[2026.06.08-20.39.38:300][  0]LogMeshReduction: Using ProxyLODMeshReduction for automatic mesh merging
[2026.06.08-20.39.38:300][  0]LogMeshReduction: No distributed automatic mesh merging module available
[2026.06.08-20.39.38:300][  0]LogMeshMerging: No distributed automatic mesh merging module available
[2026.06.08-20.39.38:366][  0]LogNetVersion: HotelRoom 1.0.0, NetCL: 17155196, EngineNetVer: 17, GameNetVer: 0 (Checksum: 1033397592)
[2026.06.08-20.39.39:588][  0]LogTexture: Default maximum texture size for cubemaps generated from long-lat sources has been changed from 512 to unlimited. In order to preserve old behaiour for '/Engine/MapTemplates/Sky/DaylightAmbientCubemap.DaylightAmbientCubemap', its maximum texture size has been explicitly set to 512.
[2026.06.08-20.39.39:785][  0]LogHMD: PokeAHoleMaterial loaded successfully
[2026.06.08-20.39.39:795][  0]LogUObjectArray: 18050 objects as part of root set at end of initial load.
[2026.06.08-20.39.39:795][  0]LogUObjectAllocator: 4611168 out of 0 bytes used by permanent object pool.
[2026.06.08-20.39.39:795][  0]LogUObjectArray: CloseDisregardForGC: 0/0 objects in disregard for GC pool
[2026.06.08-20.39.40:656][  0]LogPython: Using Python 3.7.7
[2026.06.08-20.39.41:338][  0]LogNiagaraDebuggerClient: Niagara Debugger Client Initialized | Session: FF113BFB4FC5E28B93673E9F9EE1CF1F | Instance: 73CDD9D140465B380B09C881711ADCCD (备用机-17300).
[2026.06.08-20.39.41:820][  0]LogTcpMessaging: Initializing TcpMessaging bridge
[2026.06.08-20.39.41:832][  0]LogUdpMessaging: Initializing bridge on interface 0.0.0.0:0 to multicast group 230.0.0.1:6666.
[2026.06.08-20.39.42:125][  0]SourceControl: 源码管理已禁用
[2026.06.08-20.39.42:125][  0]SourceControl: 源码管理已禁用
[2026.06.08-20.39.42:144][  0]SourceControl: 源码管理已禁用
[2026.06.08-20.39.42:153][  0]SourceControl: 源码管理已禁用
[2026.06.08-20.39.42:178][  0]SourceControl: 源码管理已禁用
[2026.06.08-20.39.42:185][  0]LogUProjectInfo: Found projects:
[2026.06.08-20.39.42:228][  0]LogVSAccessor: Display: Unable to create Visual Studio setup instance: 80040154
[2026.06.08-20.39.42:229][  0]LogVSAccessor: Display: Unable to create Visual Studio setup instance: 80040154
[2026.06.08-20.39.42:230][  0]LogVSAccessor: Display: Unable to create Visual Studio setup instance: 80040154
[2026.06.08-20.39.42:614][  0]LogTexture: Default maximum texture size for cubemaps generated from long-lat sources has been changed from 512 to unlimited. In order to preserve old behaiour for '/Engine/EditorMaterials/AssetViewer/EpicQuadPanorama_CC+EV1.EpicQuadPanorama_CC+EV1', its maximum texture size has been explicitly set to 512.
[2026.06.08-20.39.43:644][  0]LogOpenImageDenoise: OIDN starting up
[2026.06.08-20.39.44:039][  0]LogAndroidPermission: UAndroidPermissionCallbackProxy::GetInstance
[2026.06.08-20.39.44:105][  0]LogAudioCaptureCore: Display: No Audio Capture implementations found. Audio input will be silent.
[2026.06.08-20.39.44:106][  0]LogAudioCaptureCore: Display: No Audio Capture implementations found. Audio input will be silent.
[2026.06.08-20.39.44:393][  0]LogCollectionManager: Loaded 0 collections in 0.001485 seconds
[2026.06.08-20.39.44:464][  0]LogFileCache: Scanning file cache for directory 'C:/Users/Administrator/Downloads/process/ZJJD-Vol1/Saved/Collections/' took 0.00s
[2026.06.08-20.39.44:464][  0]LogFileCache: Scanning file cache for directory 'C:/Users/Administrator/Downloads/process/ZJJD-Vol1/Content/Developers/Administrator/Collections/' took 0.00s
[2026.06.08-20.39.44:464][  0]LogFileCache: Scanning file cache for directory 'C:/Users/Administrator/Downloads/process/ZJJD-Vol1/Content/Collections/' took 0.00s
[2026.06.08-20.39.44:464][  0]LogOcInput: OculusInput pre-init called
[2026.06.08-20.39.44:919][  0]LogClass: Display: IntProperty FPhysicsConvexData::NumVertices is not initialized properly. Module:MeshModelingTools File:Public/Physics/CollisionPropertySets.h
[2026.06.08-20.39.44:919][  0]LogClass: Display: IntProperty FPhysicsConvexData::NumFaces is not initialized properly. Module:MeshModelingTools File:Public/Physics/CollisionPropertySets.h
[2026.06.08-20.39.44:919][  0]LogClass: Display: FloatProperty FPhysicsCapsuleData::Radius is not initialized properly. Module:MeshModelingTools File:Public/Physics/CollisionPropertySets.h
[2026.06.08-20.39.44:919][  0]LogClass: Display: FloatProperty FPhysicsCapsuleData::Length is not initialized properly. Module:MeshModelingTools File:Public/Physics/CollisionPropertySets.h
[2026.06.08-20.39.44:919][  0]LogClass: Display: StructProperty FPhysicsBoxData::Dimensions is not initialized properly. Module:MeshModelingTools File:Public/Physics/CollisionPropertySets.h
[2026.06.08-20.39.44:919][  0]LogClass: Display: FloatProperty FPhysicsSphereData::Radius is not initialized properly. Module:MeshModelingTools File:Public/Physics/CollisionPropertySets.h
[2026.06.08-20.39.44:919][  0]LogClass: Display: EnumProperty FLODLevelGenerateSettings::TargetMode is not initialized properly. Module:MeshModelingToolsEditorOnly File:Public/GenerateLODMeshesTool.h
[2026.06.08-20.39.44:919][  0]LogClass: Display: IntProperty FLODLevelGenerateSettings::TargetPercentage is not initialized properly. Module:MeshModelingToolsEditorOnly File:Public/GenerateLODMeshesTool.h
[2026.06.08-20.39.44:919][  0]LogClass: Display: IntProperty FLODLevelGenerateSettings::TargetCount is not initialized properly. Module:MeshModelingToolsEditorOnly File:Public/GenerateLODMeshesTool.h
[2026.06.08-20.39.44:920][  0]LogClass: Display: 9 Uninitialized script struct members found including 0 object properties
[2026.06.08-20.39.44:929][  0]LogEngine: Initializing Engine...
[2026.06.08-20.39.44:943][  0]LogHMD: Failed to enumerate extensions. Please check that you have a valid OpenXR runtime installed.
[2026.06.08-20.39.44:944][  0]LogHMD: Failed to initialize OpenVR with code 110
[2026.06.08-20.39.44:944][  0]LogMagicLeap: Warning: VR disabled because ZI is not enabled.  To enable, in the editor, Edit -> Project Settings -> Plugins -> Magic Leap Plugin -> Enable Zero Iteration
[2026.06.08-20.39.44:947][  0]LogStylusInput: Initializing StylusInput subsystem.
[2026.06.08-20.39.44:955][  0]LogStats: UGameplayTagsManager::InitializeManager -  0.002 s
[2026.06.08-20.39.45:156][  0]LogInit: Initializing FReadOnlyCVARCache
[2026.06.08-20.39.45:221][  0]LogAIModule: Creating AISystem for world Untitled
[2026.06.08-20.39.45:227][  0]LogAudio: Display: Initializing Audio Device Manager...
[2026.06.08-20.39.45:237][  0]LogAudio: Display: Loading Default Audio Settings Objects...
[2026.06.08-20.39.45:238][  0]LogAudio: Display: No default SoundConcurrencyObject specified (or failed to load).
[2026.06.08-20.39.45:240][  0]LogAudio: Display: Audio Device Manager Initialized
[2026.06.08-20.39.45:240][  0]LogAudio: Display: Creating Audio Device:                 Id: 1, Scope: Shared, Realtime: True
[2026.06.08-20.39.45:241][  0]LogAudioMixer: Display: Audio Mixer Platform Settings:
[2026.06.08-20.39.45:241][  0]LogAudioMixer: Display: 	Sample Rate:						  48000
[2026.06.08-20.39.45:241][  0]LogAudioMixer: Display: 	Callback Buffer Frame Size Requested: 1024
[2026.06.08-20.39.45:241][  0]LogAudioMixer: Display: 	Callback Buffer Frame Size To Use:	  1024
[2026.06.08-20.39.45:241][  0]LogAudioMixer: Display: 	Number of buffers to queue:			  2
[2026.06.08-20.39.45:241][  0]LogAudioMixer: Display: 	Max Channels (voices):				  32
[2026.06.08-20.39.45:241][  0]LogAudioMixer: Display: 	Number of Async Source Workers:		  0
[2026.06.08-20.39.45:241][  0]LogAudio: Display: AudioDevice MaxSources: 32
[2026.06.08-20.39.45:243][  0]LogAudio: Display: Audio Spatialization Plugin: None (built-in).
[2026.06.08-20.39.45:243][  0]LogAudio: Display: Audio Reverb Plugin: None (built-in).
[2026.06.08-20.39.45:243][  0]LogAudio: Display: Audio Occlusion Plugin: None (built-in).
[2026.06.08-20.39.45:243][  0]LogAudioMixer: Display: Initializing audio mixer.
[2026.06.08-20.39.45:291][  0]LogAudioMixer: Display: 0: FrontLeft
[2026.06.08-20.39.45:291][  0]LogAudioMixer: Display: 1: FrontRight
[2026.06.08-20.39.45:428][  0]LogAudioMixer: Display: Using Audio Device 2270W (NVIDIA High Definition Audio)
[2026.06.08-20.39.45:433][  0]LogAudioMixer: Display: Initializing Sound Submixes...
[2026.06.08-20.39.45:438][  0]LogAudioMixer: Display: Creating Master Submix 'MasterSubmixDefault'
[2026.06.08-20.39.45:439][  0]LogAudioMixer: Display: Creating Master Submix 'MasterReverbSubmixDefault'
[2026.06.08-20.39.45:441][  0]LogAudioMixer: Display: Creating Master Submix 'MasterEQSubmixDefault'
[2026.06.08-20.39.45:442][  0]LogAudioMixer: FMixerPlatformXAudio2::StartAudioStream() called
[2026.06.08-20.39.45:442][  0]LogAudioMixer: Display: Output buffers initialized: Frames=1024, Channels=2, Samples=2048
[2026.06.08-20.39.45:443][  0]LogAudioMixer: Display: Starting AudioMixerPlatformInterface::RunInternal()
[2026.06.08-20.39.45:443][  0]LogAudioMixer: Display: FMixerPlatformXAudio2::SubmitBuffer() called for the first time
[2026.06.08-20.39.45:443][  0]LogInit: FAudioDevice initialized.
[2026.06.08-20.39.45:444][  0]LogAudio: Display: Audio Device (ID: 1) registered with world 'Untitled'.
[2026.06.08-20.39.45:444][  0]LogNetVersion: Set ProjectVersion to 1.0.0.0. Version Checksum will be recalculated on next use.
[2026.06.08-20.39.45:649][  0]LogDerivedDataCache: Saved boot cache 0.20s 130MB C:/Users/Administrator/AppData/Local/UnrealEngine/4.27/DerivedDataCache/Boot.ddc.
[2026.06.08-20.39.45:653][  0]LogInit: Texture streaming: Enabled
[2026.06.08-20.39.45:683][  0]LogAnalytics: Display: [UEEditor.Rocket.Release] APIServer = https://datarouter.ol.epicgames.com/. AppVersion = 4.27.2-18319896+++UE4+Release-4.27
[2026.06.08-20.39.45:693][  0]LogEngineSessionManager: EngineSessionManager initialized
[2026.06.08-20.39.45:693][  0]LogEditorSessionSummary: Verbose: Initializing EditorSessionSummaryWriter for editor session tracking
[2026.06.08-20.39.45:697][  0]LogEditorSessionSummary: EditorSessionSummaryWriter initialized
[2026.06.08-20.39.45:753][  0]LogInit: Transaction tracking system initialized
[2026.06.08-20.39.45:827][  0]BlueprintLog: New page: 编辑器加载
[2026.06.08-20.39.46:097][  0]LocalizationService: 本地化服务已禁用
[2026.06.08-20.39.46:192][  0]TimingProfiler: Initialize
[2026.06.08-20.39.46:194][  0]TimingProfiler: OnSessionChanged
[2026.06.08-20.39.46:195][  0]LoadingProfiler: Initialize
[2026.06.08-20.39.46:195][  0]LoadingProfiler: OnSessionChanged
[2026.06.08-20.39.46:195][  0]NetworkingProfiler: Initialize
[2026.06.08-20.39.46:196][  0]NetworkingProfiler: OnSessionChanged
[2026.06.08-20.39.46:196][  0]MemoryProfiler: Initialize
[2026.06.08-20.39.46:196][  0]MemoryProfiler: OnSessionChanged
[2026.06.08-20.39.46:374][  0]LogVSAccessor: Display: Unable to create Visual Studio setup instance: 80040154
[2026.06.08-20.39.46:375][  0]LogVSAccessor: Display: Unable to create Visual Studio setup instance: 80040154
[2026.06.08-20.39.46:375][  0]LogVSAccessor: Display: Unable to create Visual Studio setup instance: 80040154
[2026.06.08-20.39.46:601][  0]LogFileCache: Scanning file cache for directory 'C:/Users/Administrator/Downloads/process/ZJJD-Vol1/Content/' took 0.00s
[2026.06.08-20.39.46:601][  0]LogCook: Display: CookSettings for Memory: MemoryMaxUsedVirtual 0MiB, MemoryMaxUsedPhysical 16384MiB, MemoryMinFreeVirtual 0MiB, MemoryMinFreePhysical 1024MiB
[2026.06.08-20.39.46:601][  0]LogCook: Display: Mobile HDR setting 1
[2026.06.08-20.39.47:416][  0]LogInit: Display: Engine is initialized. Leaving FEngineLoop::Init()
[2026.06.08-20.39.47:428][  0]SourceControl: 源码管理已禁用
[2026.06.08-20.39.47:428][  0]LogUnrealEdMisc: Loading editor; pre map load, took 20.128
[2026.06.08-20.39.47:430][  0]Cmd: MAP LOAD FILE="../../../../../../Users/Administrator/Downloads/process/ZJJD-Vol1/Content/HotelRoom/Map/model.umap" TEMPLATE=0 SHOWPROGRESS=1 FEATURELEVEL=3
[2026.06.08-20.39.47:432][  0]LightingResults: New page: 光照构建
[2026.06.08-20.39.47:439][  0]LogWorld: UWorld::CleanupWorld for Untitled, bSessionEnded=true, bCleanupResources=true
[2026.06.08-20.39.47:440][  0]LogSlate: InvalidateAllWidgets triggered.  All widgets were invalidated
[2026.06.08-20.39.47:442][  0]MapCheck: New page: 地图检测
[2026.06.08-20.39.47:442][  0]LightingResults: New page: 光照构建
[2026.06.08-20.39.47:456][  0]LogAudio: Display: Audio Device unregistered from world 'None'.
[2026.06.08-20.39.47:465][  0]LogUObjectHash: Compacting FUObjectHashTables data took   1.06ms
[2026.06.08-20.40.00:727][  0]LogAudio: Display: Audio Device (ID: 1) registered with world 'model'.
[2026.06.08-20.40.00:729][  0]LogAIModule: Creating AISystem for world model
[2026.06.08-20.40.00:831][  0]LogEditorServer: Finished looking for orphan Actors (0.000 secs)
[2026.06.08-20.40.00:868][  0]LogUObjectHash: Compacting FUObjectHashTables data took   1.28ms
[2026.06.08-20.40.00:877][  0]Cmd: MAP CHECKDEP NOCLEARLOG
[2026.06.08-20.40.00:878][  0]MapCheck: 地图检测完成：0个错误、0个警告、完成用时1.023毫秒。
[2026.06.08-20.40.00:879][  0]LogFileHelpers: Loading map 'model' took 13.449
[2026.06.08-20.40.01:029][  0]LogUnrealEdMisc: Total Editor Startup Time, took 33.729
[2026.06.08-20.40.01:163][  0]LogWindowsTextInputMethodSystem: Display: IME system activated using TSF (微软拼音).
[2026.06.08-20.40.01:749][  0]LogSlate: Updating window title bar state: overlay mode, drag disabled, window buttons hidden, title bar hidden
[2026.06.08-20.40.01:758][  0]LogSlate: Updating window title bar state: overlay mode, drag disabled, window buttons hidden, title bar hidden
[2026.06.08-20.40.01:765][  0]LogSlate: Updating window title bar state: overlay mode, drag disabled, window buttons hidden, title bar hidden
[2026.06.08-20.40.01:772][  0]LogSlate: Updating window title bar state: overlay mode, drag disabled, window buttons hidden, title bar hidden
[2026.06.08-20.40.01:857][  0]LogNativeClassHierarchy: Verbose: Native class hierarchy populated in 0.0132 seconds. Added 4410 classes and 1014 folders.
[2026.06.08-20.40.01:884][  0]LogNativeClassHierarchy: Verbose: Native class hierarchy updated for 'WidgetCarousel' in 0.0003 seconds. Added 0 classes and 0 folders.
[2026.06.08-20.40.01:910][  0]LogPakFile: PakFile PrimaryIndexSize=187
[2026.06.08-20.40.01:911][  0]LogPakFile: PakFile PathHashIndexSize=101
[2026.06.08-20.40.01:911][  0]LogPakFile: PakFile FullDirectoryIndexSize=148
[2026.06.08-20.40.01:913][  0]LogShaderLibrary: Display: ShaderCodeLibraryPakFileMountedCallback: PakFile 'C:/Program Files/Epic Games/UE_4.27/FeaturePacks/FP_FirstPerson.upack' (chunk index -1, root 'root:/') mounted
[2026.06.08-20.40.01:913][  0]LogShaderLibrary: Display: ShaderCodeLibraryPakFileMountedCallback: pending pak file info (ChunkID:-1 Root:root:/ File:C:/Program Files/Epic Games/UE_4.27/FeaturePacks/FP_FirstPerson.upack)
[2026.06.08-20.40.01:913][  0]LogPakFile: OnPakFileMounted2Time == 0.002738
[2026.06.08-20.40.01:926][  0]LogPakFile: PakFile PrimaryIndexSize=189
[2026.06.08-20.40.01:926][  0]LogPakFile: PakFile PathHashIndexSize=101
[2026.06.08-20.40.01:926][  0]LogPakFile: PakFile FullDirectoryIndexSize=152
[2026.06.08-20.40.01:926][  0]LogShaderLibrary: Display: ShaderCodeLibraryPakFileMountedCallback: PakFile 'C:/Program Files/Epic Games/UE_4.27/FeaturePacks/FP_FirstPersonBP.upack' (chunk index -1, root 'root:/') mounted
[2026.06.08-20.40.01:926][  0]LogShaderLibrary: Display: ShaderCodeLibraryPakFileMountedCallback: pending pak file info (ChunkID:-1 Root:root:/ File:C:/Program Files/Epic Games/UE_4.27/FeaturePacks/FP_FirstPersonBP.upack)
[2026.06.08-20.40.01:926][  0]LogPakFile: OnPakFileMounted2Time == 0.000044
[2026.06.08-20.40.01:929][  0]LogPakFile: PakFile PrimaryIndexSize=191
[2026.06.08-20.40.01:929][  0]LogPakFile: PakFile PathHashIndexSize=101
[2026.06.08-20.40.01:929][  0]LogPakFile: PakFile FullDirectoryIndexSize=160
[2026.06.08-20.40.01:929][  0]LogShaderLibrary: Display: ShaderCodeLibraryPakFileMountedCallback: PakFile 'C:/Program Files/Epic Games/UE_4.27/FeaturePacks/MobileStarterContent.upack' (chunk index -1, root 'root:/') mounted
[2026.06.08-20.40.01:929][  0]LogShaderLibrary: Display: ShaderCodeLibraryPakFileMountedCallback: pending pak file info (ChunkID:-1 Root:root:/ File:C:/Program Files/Epic Games/UE_4.27/FeaturePacks/MobileStarterContent.upack)
[2026.06.08-20.40.01:929][  0]LogPakFile: OnPakFileMounted2Time == 0.000043
[2026.06.08-20.40.01:932][  0]LogPakFile: PakFile PrimaryIndexSize=185
[2026.06.08-20.40.01:932][  0]LogPakFile: PakFile PathHashIndexSize=101
[2026.06.08-20.40.01:932][  0]LogPakFile: PakFile FullDirectoryIndexSize=148
[2026.06.08-20.40.01:932][  0]LogShaderLibrary: Display: ShaderCodeLibraryPakFileMountedCallback: PakFile 'C:/Program Files/Epic Games/UE_4.27/FeaturePacks/StarterContent.upack' (chunk index -1, root 'root:/') mounted
[2026.06.08-20.40.01:932][  0]LogShaderLibrary: Display: ShaderCodeLibraryPakFileMountedCallback: pending pak file info (ChunkID:-1 Root:root:/ File:C:/Program Files/Epic Games/UE_4.27/FeaturePacks/StarterContent.upack)
[2026.06.08-20.40.01:932][  0]LogPakFile: OnPakFileMounted2Time == 0.000041
[2026.06.08-20.40.01:934][  0]LogPakFile: PakFile PrimaryIndexSize=190
[2026.06.08-20.40.01:934][  0]LogPakFile: PakFile PathHashIndexSize=101
[2026.06.08-20.40.01:935][  0]LogPakFile: PakFile FullDirectoryIndexSize=154
[2026.06.08-20.40.01:935][  0]LogShaderLibrary: Display: ShaderCodeLibraryPakFileMountedCallback: PakFile 'C:/Program Files/Epic Games/UE_4.27/FeaturePacks/TP_2DSideScroller.upack' (chunk index -1, root 'root:/') mounted
[2026.06.08-20.40.01:935][  0]LogShaderLibrary: Display: ShaderCodeLibraryPakFileMountedCallback: pending pak file info (ChunkID:-1 Root:root:/ File:C:/Program Files/Epic Games/UE_4.27/FeaturePacks/TP_2DSideScroller.upack)
[2026.06.08-20.40.01:935][  0]LogPakFile: OnPakFileMounted2Time == 0.000039
[2026.06.08-20.40.01:938][  0]LogPakFile: PakFile PrimaryIndexSize=192
[2026.06.08-20.40.01:938][  0]LogPakFile: PakFile PathHashIndexSize=101
[2026.06.08-20.40.01:938][  0]LogPakFile: PakFile FullDirectoryIndexSize=158
[2026.06.08-20.40.01:938][  0]LogShaderLibrary: Display: ShaderCodeLibraryPakFileMountedCallback: PakFile 'C:/Program Files/Epic Games/UE_4.27/FeaturePacks/TP_2DSideScrollerBP.upack' (chunk index -1, root 'root:/') mounted
[2026.06.08-20.40.01:938][  0]LogShaderLibrary: Display: ShaderCodeLibraryPakFileMountedCallback: pending pak file info (ChunkID:-1 Root:root:/ File:C:/Program Files/Epic Games/UE_4.27/FeaturePacks/TP_2DSideScrollerBP.upack)
[2026.06.08-20.40.01:938][  0]LogPakFile: OnPakFileMounted2Time == 0.000038
[2026.06.08-20.40.01:941][  0]LogPakFile: PakFile PrimaryIndexSize=182
[2026.06.08-20.40.01:941][  0]LogPakFile: PakFile PathHashIndexSize=101
[2026.06.08-20.40.01:941][  0]LogPakFile: PakFile FullDirectoryIndexSize=138
[2026.06.08-20.40.01:941][  0]LogShaderLibrary: Display: ShaderCodeLibraryPakFileMountedCallback: PakFile 'C:/Program Files/Epic Games/UE_4.27/FeaturePacks/TP_Flying.upack' (chunk index -1, root 'root:/') mounted
[2026.06.08-20.40.01:941][  0]LogShaderLibrary: Display: ShaderCodeLibraryPakFileMountedCallback: pending pak file info (ChunkID:-1 Root:root:/ File:C:/Program Files/Epic Games/UE_4.27/FeaturePacks/TP_Flying.upack)
[2026.06.08-20.40.01:941][  0]LogPakFile: OnPakFileMounted2Time == 0.000038
[2026.06.08-20.40.01:944][  0]LogPakFile: PakFile PrimaryIndexSize=184
[2026.06.08-20.40.01:944][  0]LogPakFile: PakFile PathHashIndexSize=101
[2026.06.08-20.40.01:944][  0]LogPakFile: PakFile FullDirectoryIndexSize=142
[2026.06.08-20.40.01:944][  0]LogShaderLibrary: Display: ShaderCodeLibraryPakFileMountedCallback: PakFile 'C:/Program Files/Epic Games/UE_4.27/FeaturePacks/TP_FlyingBP.upack' (chunk index -1, root 'root:/') mounted
[2026.06.08-20.40.01:944][  0]LogShaderLibrary: Display: ShaderCodeLibraryPakFileMountedCallback: pending pak file info (ChunkID:-1 Root:root:/ File:C:/Program Files/Epic Games/UE_4.27/FeaturePacks/TP_FlyingBP.upack)
[2026.06.08-20.40.01:944][  0]LogPakFile: OnPakFileMounted2Time == 0.000037
[2026.06.08-20.40.01:946][  0]LogPakFile: PakFile PrimaryIndexSize=188
[2026.06.08-20.40.01:946][  0]LogPakFile: PakFile PathHashIndexSize=101
[2026.06.08-20.40.01:946][  0]LogPakFile: PakFile FullDirectoryIndexSize=150
[2026.06.08-20.40.01:946][  0]LogShaderLibrary: Display: ShaderCodeLibraryPakFileMountedCallback: PakFile 'C:/Program Files/Epic Games/UE_4.27/FeaturePacks/TP_HandheldARBP.upack' (chunk index -1, root 'root:/') mounted
[2026.06.08-20.40.01:946][  0]LogShaderLibrary: Display: ShaderCodeLibraryPakFileMountedCallback: pending pak file info (ChunkID:-1 Root:root:/ File:C:/Program Files/Epic Games/UE_4.27/FeaturePacks/TP_HandheldARBP.upack)
[2026.06.08-20.40.01:946][  0]LogPakFile: OnPakFileMounted2Time == 0.000046
[2026.06.08-20.40.01:952][  0]LogPakFile: PakFile PrimaryIndexSize=182
[2026.06.08-20.40.01:952][  0]LogPakFile: PakFile PathHashIndexSize=101
[2026.06.08-20.40.01:952][  0]LogPakFile: PakFile FullDirectoryIndexSize=138
[2026.06.08-20.40.01:952][  0]LogShaderLibrary: Display: ShaderCodeLibraryPakFileMountedCallback: PakFile 'C:/Program Files/Epic Games/UE_4.27/FeaturePacks/TP_Puzzle.upack' (chunk index -1, root 'root:/') mounted
[2026.06.08-20.40.01:952][  0]LogShaderLibrary: Display: ShaderCodeLibraryPakFileMountedCallback: pending pak file info (ChunkID:-1 Root:root:/ File:C:/Program Files/Epic Games/UE_4.27/FeaturePacks/TP_Puzzle.upack)
[2026.06.08-20.40.01:952][  0]LogPakFile: OnPakFileMounted2Time == 0.000043
[2026.06.08-20.40.01:955][  0]LogPakFile: PakFile PrimaryIndexSize=184
[2026.06.08-20.40.01:955][  0]LogPakFile: PakFile PathHashIndexSize=101
[2026.06.08-20.40.01:955][  0]LogPakFile: PakFile FullDirectoryIndexSize=142
[2026.06.08-20.40.01:955][  0]LogShaderLibrary: Display: ShaderCodeLibraryPakFileMountedCallback: PakFile 'C:/Program Files/Epic Games/UE_4.27/FeaturePacks/TP_PuzzleBP.upack' (chunk index -1, root 'root:/') mounted
[2026.06.08-20.40.01:955][  0]LogShaderLibrary: Display: ShaderCodeLibraryPakFileMountedCallback: pending pak file info (ChunkID:-1 Root:root:/ File:C:/Program Files/Epic Games/UE_4.27/FeaturePacks/TP_PuzzleBP.upack)
[2026.06.08-20.40.01:955][  0]LogPakFile: OnPakFileMounted2Time == 0.000039
[2026.06.08-20.40.01:958][  0]LogPakFile: PakFile PrimaryIndexSize=183
[2026.06.08-20.40.01:958][  0]LogPakFile: PakFile PathHashIndexSize=101
[2026.06.08-20.40.01:958][  0]LogPakFile: PakFile FullDirectoryIndexSize=140
[2026.06.08-20.40.01:959][  0]LogShaderLibrary: Display: ShaderCodeLibraryPakFileMountedCallback: PakFile 'C:/Program Files/Epic Games/UE_4.27/FeaturePacks/TP_Rolling.upack' (chunk index -1, root 'root:/') mounted
[2026.06.08-20.40.01:959][  0]LogShaderLibrary: Display: ShaderCodeLibraryPakFileMountedCallback: pending pak file info (ChunkID:-1 Root:root:/ File:C:/Program Files/Epic Games/UE_4.27/FeaturePacks/TP_Rolling.upack)
[2026.06.08-20.40.01:959][  0]LogPakFile: OnPakFileMounted2Time == 0.000053
[2026.06.08-20.40.01:961][  0]LogPakFile: PakFile PrimaryIndexSize=185
[2026.06.08-20.40.01:961][  0]LogPakFile: PakFile PathHashIndexSize=101
[2026.06.08-20.40.01:961][  0]LogPakFile: PakFile FullDirectoryIndexSize=144
[2026.06.08-20.40.01:961][  0]LogShaderLibrary: Display: ShaderCodeLibraryPakFileMountedCallback: PakFile 'C:/Program Files/Epic Games/UE_4.27/FeaturePacks/TP_RollingBP.upack' (chunk index -1, root 'root:/') mounted
[2026.06.08-20.40.01:961][  0]LogShaderLibrary: Display: ShaderCodeLibraryPakFileMountedCallback: pending pak file info (ChunkID:-1 Root:root:/ File:C:/Program Files/Epic Games/UE_4.27/FeaturePacks/TP_RollingBP.upack)
[2026.06.08-20.40.01:961][  0]LogPakFile: OnPakFileMounted2Time == 0.000038
[2026.06.08-20.40.01:964][  0]LogPakFile: PakFile PrimaryIndexSize=188
[2026.06.08-20.40.01:964][  0]LogPakFile: PakFile PathHashIndexSize=101
[2026.06.08-20.40.01:964][  0]LogPakFile: PakFile FullDirectoryIndexSize=150
[2026.06.08-20.40.01:964][  0]LogShaderLibrary: Display: ShaderCodeLibraryPakFileMountedCallback: PakFile 'C:/Program Files/Epic Games/UE_4.27/FeaturePacks/TP_SideScroller.upack' (chunk index -1, root 'root:/') mounted
[2026.06.08-20.40.01:964][  0]LogShaderLibrary: Display: ShaderCodeLibraryPakFileMountedCallback: pending pak file info (ChunkID:-1 Root:root:/ File:C:/Program Files/Epic Games/UE_4.27/FeaturePacks/TP_SideScroller.upack)
[2026.06.08-20.40.01:964][  0]LogPakFile: OnPakFileMounted2Time == 0.000038
[2026.06.08-20.40.01:967][  0]LogPakFile: PakFile PrimaryIndexSize=190
[2026.06.08-20.40.01:967][  0]LogPakFile: PakFile PathHashIndexSize=101
[2026.06.08-20.40.01:967][  0]LogPakFile: PakFile FullDirectoryIndexSize=154
[2026.06.08-20.40.01:967][  0]LogShaderLibrary: Display: ShaderCodeLibraryPakFileMountedCallback: PakFile 'C:/Program Files/Epic Games/UE_4.27/FeaturePacks/TP_SideScrollerBP.upack' (chunk index -1, root 'root:/') mounted
[2026.06.08-20.40.01:967][  0]LogShaderLibrary: Display: ShaderCodeLibraryPakFileMountedCallback: pending pak file info (ChunkID:-1 Root:root:/ File:C:/Program Files/Epic Games/UE_4.27/FeaturePacks/TP_SideScrollerBP.upack)
[2026.06.08-20.40.01:967][  0]LogPakFile: OnPakFileMounted2Time == 0.000036
[2026.06.08-20.40.01:970][  0]LogPakFile: PakFile PrimaryIndexSize=187
[2026.06.08-20.40.01:970][  0]LogPakFile: PakFile PathHashIndexSize=101
[2026.06.08-20.40.01:970][  0]LogPakFile: PakFile FullDirectoryIndexSize=148
[2026.06.08-20.40.01:970][  0]LogShaderLibrary: Display: ShaderCodeLibraryPakFileMountedCallback: PakFile 'C:/Program Files/Epic Games/UE_4.27/FeaturePacks/TP_ThirdPerson.upack' (chunk index -1, root 'root:/') mounted
[2026.06.08-20.40.01:970][  0]LogShaderLibrary: Display: ShaderCodeLibraryPakFileMountedCallback: pending pak file info (ChunkID:-1 Root:root:/ File:C:/Program Files/Epic Games/UE_4.27/FeaturePacks/TP_ThirdPerson.upack)
[2026.06.08-20.40.01:970][  0]LogPakFile: OnPakFileMounted2Time == 0.000038
[2026.06.08-20.40.01:973][  0]LogPakFile: PakFile PrimaryIndexSize=189
[2026.06.08-20.40.01:973][  0]LogPakFile: PakFile PathHashIndexSize=101
[2026.06.08-20.40.01:973][  0]LogPakFile: PakFile FullDirectoryIndexSize=152
[2026.06.08-20.40.01:973][  0]LogShaderLibrary: Display: ShaderCodeLibraryPakFileMountedCallback: PakFile 'C:/Program Files/Epic Games/UE_4.27/FeaturePacks/TP_ThirdPersonBP.upack' (chunk index -1, root 'root:/') mounted
[2026.06.08-20.40.01:973][  0]LogShaderLibrary: Display: ShaderCodeLibraryPakFileMountedCallback: pending pak file info (ChunkID:-1 Root:root:/ File:C:/Program Files/Epic Games/UE_4.27/FeaturePacks/TP_ThirdPersonBP.upack)
[2026.06.08-20.40.01:973][  0]LogPakFile: OnPakFileMounted2Time == 0.000046
[2026.06.08-20.40.01:976][  0]LogPakFile: PakFile PrimaryIndexSize=183
[2026.06.08-20.40.01:976][  0]LogPakFile: PakFile PathHashIndexSize=101
[2026.06.08-20.40.01:976][  0]LogPakFile: PakFile FullDirectoryIndexSize=140
[2026.06.08-20.40.01:976][  0]LogShaderLibrary: Display: ShaderCodeLibraryPakFileMountedCallback: PakFile 'C:/Program Files/Epic Games/UE_4.27/FeaturePacks/TP_TopDown.upack' (chunk index -1, root 'root:/') mounted
[2026.06.08-20.40.01:976][  0]LogShaderLibrary: Display: ShaderCodeLibraryPakFileMountedCallback: pending pak file info (ChunkID:-1 Root:root:/ File:C:/Program Files/Epic Games/UE_4.27/FeaturePacks/TP_TopDown.upack)
[2026.06.08-20.40.01:976][  0]LogPakFile: OnPakFileMounted2Time == 0.000046
[2026.06.08-20.40.01:978][  0]LogPakFile: PakFile PrimaryIndexSize=185
[2026.06.08-20.40.01:978][  0]LogPakFile: PakFile PathHashIndexSize=101
[2026.06.08-20.40.01:978][  0]LogPakFile: PakFile FullDirectoryIndexSize=144
[2026.06.08-20.40.01:978][  0]LogShaderLibrary: Display: ShaderCodeLibraryPakFileMountedCallback: PakFile 'C:/Program Files/Epic Games/UE_4.27/FeaturePacks/TP_TopDownBP.upack' (chunk index -1, root 'root:/') mounted
[2026.06.08-20.40.01:978][  0]LogShaderLibrary: Display: ShaderCodeLibraryPakFileMountedCallback: pending pak file info (ChunkID:-1 Root:root:/ File:C:/Program Files/Epic Games/UE_4.27/FeaturePacks/TP_TopDownBP.upack)
[2026.06.08-20.40.01:978][  0]LogPakFile: OnPakFileMounted2Time == 0.000041
[2026.06.08-20.40.01:981][  0]LogPakFile: PakFile PrimaryIndexSize=185
[2026.06.08-20.40.01:981][  0]LogPakFile: PakFile PathHashIndexSize=101
[2026.06.08-20.40.01:981][  0]LogPakFile: PakFile FullDirectoryIndexSize=144
[2026.06.08-20.40.01:981][  0]LogShaderLibrary: Display: ShaderCodeLibraryPakFileMountedCallback: PakFile 'C:/Program Files/Epic Games/UE_4.27/FeaturePacks/TP_TwinStick.upack' (chunk index -1, root 'root:/') mounted
[2026.06.08-20.40.01:981][  0]LogShaderLibrary: Display: ShaderCodeLibraryPakFileMountedCallback: pending pak file info (ChunkID:-1 Root:root:/ File:C:/Program Files/Epic Games/UE_4.27/FeaturePacks/TP_TwinStick.upack)
[2026.06.08-20.40.01:981][  0]LogPakFile: OnPakFileMounted2Time == 0.000046
[2026.06.08-20.40.01:985][  0]LogPakFile: PakFile PrimaryIndexSize=187
[2026.06.08-20.40.01:985][  0]LogPakFile: PakFile PathHashIndexSize=101
[2026.06.08-20.40.01:985][  0]LogPakFile: PakFile FullDirectoryIndexSize=148
[2026.06.08-20.40.01:985][  0]LogShaderLibrary: Display: ShaderCodeLibraryPakFileMountedCallback: PakFile 'C:/Program Files/Epic Games/UE_4.27/FeaturePacks/TP_TwinStickBP.upack' (chunk index -1, root 'root:/') mounted
[2026.06.08-20.40.01:985][  0]LogShaderLibrary: Display: ShaderCodeLibraryPakFileMountedCallback: pending pak file info (ChunkID:-1 Root:root:/ File:C:/Program Files/Epic Games/UE_4.27/FeaturePacks/TP_TwinStickBP.upack)
[2026.06.08-20.40.01:985][  0]LogPakFile: OnPakFileMounted2Time == 0.000045
[2026.06.08-20.40.01:988][  0]LogPakFile: PakFile PrimaryIndexSize=183
[2026.06.08-20.40.01:988][  0]LogPakFile: PakFile PathHashIndexSize=101
[2026.06.08-20.40.01:988][  0]LogPakFile: PakFile FullDirectoryIndexSize=140
[2026.06.08-20.40.01:988][  0]LogShaderLibrary: Display: ShaderCodeLibraryPakFileMountedCallback: PakFile 'C:/Program Files/Epic Games/UE_4.27/FeaturePacks/TP_Vehicle.upack' (chunk index -1, root 'root:/') mounted
[2026.06.08-20.40.01:988][  0]LogShaderLibrary: Display: ShaderCodeLibraryPakFileMountedCallback: pending pak file info (ChunkID:-1 Root:root:/ File:C:/Program Files/Epic Games/UE_4.27/FeaturePacks/TP_Vehicle.upack)
[2026.06.08-20.40.01:988][  0]LogPakFile: OnPakFileMounted2Time == 0.000039
[2026.06.08-20.40.01:991][  0]LogPakFile: PakFile PrimaryIndexSize=186
[2026.06.08-20.40.01:991][  0]LogPakFile: PakFile PathHashIndexSize=101
[2026.06.08-20.40.01:991][  0]LogPakFile: PakFile FullDirectoryIndexSize=146
[2026.06.08-20.40.01:991][  0]LogShaderLibrary: Display: ShaderCodeLibraryPakFileMountedCallback: PakFile 'C:/Program Files/Epic Games/UE_4.27/FeaturePacks/TP_VehicleAdv.upack' (chunk index -1, root 'root:/') mounted
[2026.06.08-20.40.01:991][  0]LogShaderLibrary: Display: ShaderCodeLibraryPakFileMountedCallback: pending pak file info (ChunkID:-1 Root:root:/ File:C:/Program Files/Epic Games/UE_4.27/FeaturePacks/TP_VehicleAdv.upack)
[2026.06.08-20.40.01:991][  0]LogPakFile: OnPakFileMounted2Time == 0.000044
[2026.06.08-20.40.01:994][  0]LogPakFile: PakFile PrimaryIndexSize=188
[2026.06.08-20.40.01:994][  0]LogPakFile: PakFile PathHashIndexSize=101
[2026.06.08-20.40.01:994][  0]LogPakFile: PakFile FullDirectoryIndexSize=150
[2026.06.08-20.40.01:994][  0]LogShaderLibrary: Display: ShaderCodeLibraryPakFileMountedCallback: PakFile 'C:/Program Files/Epic Games/UE_4.27/FeaturePacks/TP_VehicleAdvBP.upack' (chunk index -1, root 'root:/') mounted
[2026.06.08-20.40.01:994][  0]LogShaderLibrary: Display: ShaderCodeLibraryPakFileMountedCallback: pending pak file info (ChunkID:-1 Root:root:/ File:C:/Program Files/Epic Games/UE_4.27/FeaturePacks/TP_VehicleAdvBP.upack)
[2026.06.08-20.40.01:994][  0]LogPakFile: OnPakFileMounted2Time == 0.000039
[2026.06.08-20.40.01:996][  0]LogPakFile: PakFile PrimaryIndexSize=185
[2026.06.08-20.40.01:996][  0]LogPakFile: PakFile PathHashIndexSize=101
[2026.06.08-20.40.01:996][  0]LogPakFile: PakFile FullDirectoryIndexSize=144
[2026.06.08-20.40.01:997][  0]LogShaderLibrary: Display: ShaderCodeLibraryPakFileMountedCallback: PakFile 'C:/Program Files/Epic Games/UE_4.27/FeaturePacks/TP_VehicleBP.upack' (chunk index -1, root 'root:/') mounted
[2026.06.08-20.40.01:997][  0]LogShaderLibrary: Display: ShaderCodeLibraryPakFileMountedCallback: pending pak file info (ChunkID:-1 Root:root:/ File:C:/Program Files/Epic Games/UE_4.27/FeaturePacks/TP_VehicleBP.upack)
[2026.06.08-20.40.01:997][  0]LogPakFile: OnPakFileMounted2Time == 0.000061
[2026.06.08-20.40.02:000][  0]LogPakFile: PakFile PrimaryIndexSize=192
[2026.06.08-20.40.02:000][  0]LogPakFile: PakFile PathHashIndexSize=101
[2026.06.08-20.40.02:000][  0]LogPakFile: PakFile FullDirectoryIndexSize=158
[2026.06.08-20.40.02:000][  0]LogShaderLibrary: Display: ShaderCodeLibraryPakFileMountedCallback: PakFile 'C:/Program Files/Epic Games/UE_4.27/FeaturePacks/TP_VirtualRealityBP.upack' (chunk index -1, root 'root:/') mounted
[2026.06.08-20.40.02:001][  0]LogShaderLibrary: Display: ShaderCodeLibraryPakFileMountedCallback: pending pak file info (ChunkID:-1 Root:root:/ File:C:/Program Files/Epic Games/UE_4.27/FeaturePacks/TP_VirtualRealityBP.upack)
[2026.06.08-20.40.02:001][  0]LogPakFile: OnPakFileMounted2Time == 0.000054
[2026.06.08-20.40.02:348][  0]LogNativeClassHierarchy: Verbose: Native class hierarchy updated for 'AddContentDialog' in 0.0003 seconds. Added 0 classes and 0 folders.
[2026.06.08-20.40.02:360][  0]LogNativeClassHierarchy: Verbose: Native class hierarchy updated for 'SceneOutliner' in 0.0003 seconds. Added 2 classes and 0 folders.
[2026.06.08-20.40.02:641][  0]LogSlate: Took 0.007177 seconds to synchronously load lazily loaded font '../../../Engine/Content/Slate/Fonts/Roboto-Regular.ttf' (155K)
[2026.06.08-20.40.02:647][  0]LogSlate: Took 0.001428 seconds to synchronously load lazily loaded font '../../../Engine/Content/Editor/Slate/Fonts/FontAwesome.ttf' (139K)
[2026.06.08-20.40.02:662][  0]LogSlate: Took 0.013135 seconds to synchronously load lazily loaded font '../../../Engine/Content/Slate/Fonts/DroidSansFallback.ttf' (3848K)
[2026.06.08-20.40.02:665][  0]LogSlate: Took 0.001861 seconds to synchronously load lazily loaded font '../../../Engine/Content/Slate/Fonts/Roboto-Bold.ttf' (160K)
[2026.06.08-20.40.02:934][  0]LogRenderer: Reallocating scene render targets to support 916x324 Format 10 NumSamples 1 (Frame:1).
[2026.06.08-20.40.03:179][  0]LogSlate: Took 0.001409 seconds to synchronously load lazily loaded font '../../../Engine/Content/Slate/Fonts/Roboto-Light.ttf' (167K)
[2026.06.08-20.40.03:594][  0]LogNativeClassHierarchy: Verbose: Native class hierarchy updated for 'HierarchicalLODOutliner' in 0.0003 seconds. Added 0 classes and 0 folders.
[2026.06.08-20.40.03:595][  0]LogLoad: (Engine Initialization) Total time: 36.29 seconds
[2026.06.08-20.40.03:595][  0]LogLoad: (Engine Initialization) Total Blueprint compile time: 0.00 seconds
[2026.06.08-20.40.03:743][  0]LogAssetRegistry: Asset discovery search completed in 26.2702 seconds
[2026.06.08-20.40.03:762][  0]LogCollectionManager: Fixed up redirectors for 0 collections in 0.000005 seconds (updated 0 objects)
[2026.06.08-20.40.03:778][  0]LogContentStreaming: Texture pool size now 1000 MB
[2026.06.08-20.40.03:883][  2]LogEditorViewport: Clicking on Actor (LMB): StaticMeshActor (SM_Ground_01)
[2026.06.08-20.40.04:148][  2]LogEditorViewport: Clicking on Component (LMB): StaticMeshComponent (StaticMeshComponent0)
[2026.06.08-20.40.35:626][475]LogSlate: Took 0.005392 seconds to synchronously load lazily loaded font '../../../Engine/Content/Slate/Fonts/Roboto-Light.ttf' (167K)
[2026.06.08-20.40.35:654][475]LogAssetEditorSubsystem: Opening Asset editor for Texture2D /Game/HotelRoom/Texture/T_BathWare_22.T_BathWare_22
[2026.06.08-20.40.35:671][475]LogNativeClassHierarchy: Verbose: Native class hierarchy updated for 'TextureEditor' in 0.0004 seconds. Added 1 classes and 2 folders.
[2026.06.08-20.40.41:036][913]LogSlate: Window 'T_BathWare_22' being destroyed
[2026.06.08-20.40.41:044][913]LogSlate: Window 'T_BathWare_22' being destroyed
[2026.06.08-20.40.58:123][411]LogAssetEditorSubsystem: Opening Asset editor for Texture2D /Game/HotelRoom/Texture/T_BathWare_22.T_BathWare_22
[2026.06.08-20.41.00:747][622]LogSlate: Window 'T_BathWare_22' being destroyed
[2026.06.08-20.41.00:754][622]LogSlate: Window 'T_BathWare_22' being destroyed
[2026.06.08-20.42.04:910][103]LogEditorFactories: Performing atomic reimport of [E:/图片/001.png]
[2026.06.08-20.42.04:916][103]LogFactory: FactoryCreateFile: Texture2D with ReimportTextureFactory (0 0 E:/图片/001.png)
[2026.06.08-20.42.05:046][103]LogTexture: Display: 正在编译纹理：T_BathWare_22（BGRA8、3318X1264）
[2026.06.08-20.42.05:225][103]LogEditorFactories: -- imported successfully
[2026.06.08-20.42.09:196][446]LogAssetEditorSubsystem: Opening Asset editor for Texture2D /Game/HotelRoom/Texture/T_BathWare_23.T_BathWare_23
[2026.06.08-20.42.13:809][847]LogSlate: Window 'T_BathWare_23' being destroyed
[2026.06.08-20.42.13:817][847]LogSlate: Window 'T_BathWare_23' being destroyed
[2026.06.08-20.42.20:692][218]LogEditorFactories: Performing atomic reimport of [E:/图片/001.png]
[2026.06.08-20.42.20:698][218]LogFactory: FactoryCreateFile: Texture2D with ReimportTextureFactory (0 0 E:/图片/001.png)
[2026.06.08-20.42.20:830][218]LogTexture: Display: 正在编译纹理：T_BathWare_23（BGRA8、3318X1264）
[2026.06.08-20.42.21:005][218]LogEditorFactories: -- imported successfully
[2026.06.08-20.42.22:385][310]LogAssetEditorSubsystem: Opening Asset editor for Texture2D /Game/HotelRoom/Texture/T_BathWare_24.T_BathWare_24
[2026.06.08-20.42.24:829][503]LogSlate: Window 'T_BathWare_24' being destroyed
[2026.06.08-20.42.24:837][503]LogSlate: Window 'T_BathWare_24' being destroyed
[2026.06.08-20.42.31:216][882]LogEditorFactories: Performing atomic reimport of [E:/图片/001.png]
[2026.06.08-20.42.31:221][882]LogFactory: FactoryCreateFile: Texture2D with ReimportTextureFactory (0 0 E:/图片/001.png)
[2026.06.08-20.42.31:364][882]LogTexture: Display: 正在编译纹理：T_BathWare_24（BGRA8、3318X1264）
[2026.06.08-20.42.31:545][882]LogEditorFactories: -- imported successfully
[2026.06.08-20.42.33:035][957]LogAssetEditorSubsystem: Opening Asset editor for Texture2D /Game/HotelRoom/Texture/T_BathWare_25.T_BathWare_25
[2026.06.08-20.42.35:746][184]LogSlate: Window 'T_BathWare_25' being destroyed
[2026.06.08-20.42.35:754][184]LogSlate: Window 'T_BathWare_25' being destroyed
[2026.06.08-20.42.47:668][527]LogEditorFactories: Performing atomic reimport of [E:/图片/00003.png]
[2026.06.08-20.42.47:682][527]LogFactory: FactoryCreateFile: Texture2D with ReimportTextureFactory (0 0 E:/图片/00003.png)
[2026.06.08-20.42.47:875][527]LogTexture: Display: 正在编译纹理：T_BathWare_25（OODLE_AutoDXT、2896X1448）
[2026.06.08-20.42.48:157][527]LogTextureFormatOodle: Display: non-RDO encode 2896 x 1448 x 1 to format OODLE_AutoDXT (Oodle OodleTex_BC1_WithTransparency) lambda=0 effort=20 
[2026.06.08-20.42.48:171][527]LogEditorFactories: -- imported successfully
[2026.06.08-20.42.49:606][630]LogAssetEditorSubsystem: Opening Asset editor for Texture2D /Game/HotelRoom/Texture/T_BathWare_02.T_BathWare_02
[2026.06.08-20.42.52:187][849]LogSlate: Window 'T_BathWare_02' being destroyed
[2026.06.08-20.42.52:195][849]LogSlate: Window 'T_BathWare_02' being destroyed
[2026.06.08-20.43.03:865][211]LogEditorFactories: Performing atomic reimport of [E:/图片/006.png]
[2026.06.08-20.43.03:873][211]LogFactory: FactoryCreateFile: Texture2D with ReimportTextureFactory (0 0 E:/图片/006.png)
[2026.06.08-20.43.04:023][211]LogTexture: Display: 正在编译纹理：T_BathWare_02（BGRA8、2164X1937）
[2026.06.08-20.43.04:157][211]LogEditorFactories: -- imported successfully
[2026.06.08-20.43.14:484][123]LogAssetEditorSubsystem: Opening Asset editor for Texture2D /Game/HotelRoom/Texture/T_Paint2.T_Paint2
[2026.06.08-20.43.19:728][576]LogSlate: Window 'T_Paint2' being destroyed
[2026.06.08-20.43.19:735][576]LogSlate: Window 'T_Paint2' being destroyed
[2026.06.08-20.43.21:662][730]LogAssetEditorSubsystem: Opening Asset editor for Texture2D /Game/HotelRoom/Texture/T_Plant_30.T_Plant_30
[2026.06.08-20.43.50:269][264]LogSlate: Window 'T_Plant_30' being destroyed
[2026.06.08-20.43.50:276][264]LogSlate: Window 'T_Plant_30' being destroyed
[2026.06.08-20.49.14:010][503]LogEditorFactories: Performing atomic reimport of [E:/需要修改的图片/03.png]
[2026.06.08-20.49.14:021][503]LogFactory: FactoryCreateFile: Texture2D with ReimportTextureFactory (0 0 E:/需要修改的图片/03.png)
[2026.06.08-20.49.14:191][503]LogTexture: Display: 正在编译纹理：T_Plant_30（OODLE_AutoDXT、2048X2048）
[2026.06.08-20.49.14:429][503]LogTextureFormatOodle: Display: non-RDO encode 2048 x 2048 x 1 to format OODLE_AutoDXT (Oodle OodleTex_BC1_WithTransparency) lambda=0 effort=20 
[2026.06.08-20.49.14:443][503]LogEditorFactories: -- imported successfully
[2026.06.08-20.49.20:212][976]LogAssetEditorSubsystem: Opening Asset editor for Texture2D /Game/HotelRoom/Texture/T_Rec_11.T_Rec_11
[2026.06.08-20.49.32:716][ 38]LogSlate: Window 'T_Rec_11' being destroyed
[2026.06.08-20.49.32:728][ 38]LogSlate: Window 'T_Rec_11' being destroyed
[2026.06.08-20.49.38:431][553]LogAssetEditorSubsystem: Opening Asset editor for Texture2D /Game/HotelRoom/Texture/T_Rec_16.T_Rec_16
[2026.06.08-20.49.41:997][832]LogSlate: Window 'T_Rec_16' being destroyed
[2026.06.08-20.49.42:007][832]LogSlate: Window 'T_Rec_16' being destroyed
[2026.06.08-20.49.44:851][ 59]LogAssetEditorSubsystem: Opening Asset editor for Texture2D /Game/HotelRoom/Texture/T_Znzmo_78.T_Znzmo_78
[2026.06.08-20.49.58:507][203]LogSlate: Window 'T_Znzmo_78' being destroyed
[2026.06.08-20.49.58:517][203]LogSlate: Window 'T_Znzmo_78' being destroyed
[2026.06.08-20.50.00:299][346]LogAssetEditorSubsystem: Opening Asset editor for Texture2D /Game/HotelRoom/Texture/T_Znzmo_79.T_Znzmo_79
[2026.06.08-20.50.13:517][492]LogSlate: Window 'T_Znzmo_79' being destroyed
[2026.06.08-20.50.13:528][492]LogSlate: Window 'T_Znzmo_79' being destroyed
[2026.06.08-20.50.20:192][112]LogUObjectHash: Compacting FUObjectHashTables data took   1.36ms
[2026.06.08-20.50.28:863][112]LogSlate: Window 'Delete Assets' being destroyed
[2026.06.08-20.50.43:634][517]LogUObjectHash: Compacting FUObjectHashTables data took   0.47ms
[2026.06.08-20.50.45:279][517]LogSlate: Window '保存内容' being destroyed
[2026.06.08-20.50.45:353][517]Cmd: OBJ SAVEPACKAGE PACKAGE="/Game/HotelRoom/Texture/T_BathWare_02" FILE="../../../../../../Users/Administrator/Downloads/process/ZJJD-Vol1/Content/HotelRoom/Texture/T_BathWare_02.uasset" SILENT=true
[2026.06.08-20.50.45:599][517]LogSavePackage: Moving '../../../../../../Users/Administrator/Downloads/process/ZJJD-Vol1/Saved/T_BathWare_023C44166C43BD19B9AF2CB3B3AE0B31C8.tmp' to '../../../../../../Users/Administrator/Downloads/process/ZJJD-Vol1/Content/HotelRoom/Texture/T_BathWare_02.uasset'
[2026.06.08-20.50.45:621][517]Cmd: OBJ SAVEPACKAGE PACKAGE="/Game/HotelRoom/Texture/T_BathWare_22" FILE="../../../../../../Users/Administrator/Downloads/process/ZJJD-Vol1/Content/HotelRoom/Texture/T_BathWare_22.uasset" SILENT=true
[2026.06.08-20.50.45:780][517]LogSavePackage: Moving '../../../../../../Users/Administrator/Downloads/process/ZJJD-Vol1/Saved/T_BathWare_225504CF884A0B3609950355A5FAD3A51E.tmp' to '../../../../../../Users/Administrator/Downloads/process/ZJJD-Vol1/Content/HotelRoom/Texture/T_BathWare_22.uasset'
[2026.06.08-20.50.45:800][517]Cmd: OBJ SAVEPACKAGE PACKAGE="/Game/HotelRoom/Texture/T_BathWare_23" FILE="../../../../../../Users/Administrator/Downloads/process/ZJJD-Vol1/Content/HotelRoom/Texture/T_BathWare_23.uasset" SILENT=true
[2026.06.08-20.50.45:958][517]LogSavePackage: Moving '../../../../../../Users/Administrator/Downloads/process/ZJJD-Vol1/Saved/T_BathWare_23F159D3CC4FCCC0E44F4373AF497A9854.tmp' to '../../../../../../Users/Administrator/Downloads/process/ZJJD-Vol1/Content/HotelRoom/Texture/T_BathWare_23.uasset'
[2026.06.08-20.50.45:972][517]Cmd: OBJ SAVEPACKAGE PACKAGE="/Game/HotelRoom/Texture/T_BathWare_24" FILE="../../../../../../Users/Administrator/Downloads/process/ZJJD-Vol1/Content/HotelRoom/Texture/T_BathWare_24.uasset" SILENT=true
[2026.06.08-20.50.46:133][517]LogSavePackage: Moving '../../../../../../Users/Administrator/Downloads/process/ZJJD-Vol1/Saved/T_BathWare_2415BC744F4B08AC6F067B6E803B44E7D8.tmp' to '../../../../../../Users/Administrator/Downloads/process/ZJJD-Vol1/Content/HotelRoom/Texture/T_BathWare_24.uasset'
[2026.06.08-20.50.46:154][517]Cmd: OBJ SAVEPACKAGE PACKAGE="/Game/HotelRoom/Texture/T_BathWare_25" FILE="../../../../../../Users/Administrator/Downloads/process/ZJJD-Vol1/Content/HotelRoom/Texture/T_BathWare_25.uasset" SILENT=true
[2026.06.08-20.50.46:456][517]LogSavePackage: Moving '../../../../../../Users/Administrator/Downloads/process/ZJJD-Vol1/Saved/T_BathWare_256CE135C54426E9A443D05BB645FA22A2.tmp' to '../../../../../../Users/Administrator/Downloads/process/ZJJD-Vol1/Content/HotelRoom/Texture/T_BathWare_25.uasset'
[2026.06.08-20.50.46:465][517]Cmd: OBJ SAVEPACKAGE PACKAGE="/Game/HotelRoom/Texture/T_Plant_30" FILE="../../../../../../Users/Administrator/Downloads/process/ZJJD-Vol1/Content/HotelRoom/Texture/T_Plant_30.uasset" SILENT=true
[2026.06.08-20.50.46:739][517]LogSavePackage: Moving '../../../../../../Users/Administrator/Downloads/process/ZJJD-Vol1/Saved/T_Plant_308254F4BF414855943287E28443BCE3F0.tmp' to '../../../../../../Users/Administrator/Downloads/process/ZJJD-Vol1/Content/HotelRoom/Texture/T_Plant_30.uasset'
[2026.06.08-20.50.46:755][517]AssetCheck: New page: 资产保存：多个资产
[2026.06.08-20.50.46:756][517]LogContentValidation: Display: 正在验证Texture2D /Game/HotelRoom/Texture/T_BathWare_23.T_BathWare_23
[2026.06.08-20.50.46:756][517]LogContentValidation: Display: 正在验证Texture2D /Game/HotelRoom/Texture/T_BathWare_25.T_BathWare_25
[2026.06.08-20.50.46:756][517]LogContentValidation: Display: 正在验证Texture2D /Game/HotelRoom/Texture/T_BathWare_24.T_BathWare_24
[2026.06.08-20.50.46:756][517]LogContentValidation: Display: 正在验证Texture2D /Game/HotelRoom/Texture/T_BathWare_22.T_BathWare_22
[2026.06.08-20.50.46:756][517]LogContentValidation: Display: 正在验证Texture2D /Game/HotelRoom/Texture/T_BathWare_02.T_BathWare_02
[2026.06.08-20.50.46:756][517]LogContentValidation: Display: 正在验证Texture2D /Game/HotelRoom/Texture/T_Plant_30.T_Plant_30
[2026.06.08-20.50.52:547][ 98]LogRenderer: Reallocating scene render targets to support 916x328 Format 10 NumSamples 1 (Frame:18507).
[2026.06.08-20.50.52:606][103]LogRenderer: Reallocating scene render targets to support 916x352 Format 10 NumSamples 1 (Frame:18509).
[2026.06.08-20.50.52:649][105]LogRenderer: Reallocating scene render targets to support 916x368 Format 10 NumSamples 1 (Frame:18511).
[2026.06.08-20.50.52:679][107]LogRenderer: Reallocating scene render targets to support 916x376 Format 10 NumSamples 1 (Frame:18513).
[2026.06.08-20.50.52:763][115]LogRenderer: Reallocating scene render targets to support 916x380 Format 10 NumSamples 1 (Frame:18515).
[2026.06.08-20.51.57:791][587]MapCheck: New page: 地图检测
[2026.06.08-20.51.57:834][587]Cmd: MAP REBUILD ALLVISIBLE
[2026.06.08-20.51.57:834][587]LogEditorServer: Rebuildmap Clear paths rebuilt
[2026.06.08-20.51.57:854][587]LogWorld: UWorld::CleanupWorld for model, bSessionEnded=true, bCleanupResources=false
[2026.06.08-20.51.57:869][587]LogNavigationDataBuild: Display: UNavigationSystemV1::Build started...
[2026.06.08-20.51.57:869][587]LogNavigationDataBuild: Display:    Building navigation data using PHYSICS_INTERFACE_PHYSX.
[2026.06.08-20.51.57:869][587]LogNavigationDataBuild: Display:    Building navigation data using WITH_PHYSX.
[2026.06.08-20.51.57:880][587]LogUObjectHash: Compacting FUObjectHashTables data took   0.92ms
[2026.06.08-20.51.58:000][587]LogLevel: Display: Export Material TexCoord Scales took 0.117 seconds.
[2026.06.08-20.51.58:447][587]TextureStreamingBuild: Display: Build Texture Streaming took 0.444 seconds.
[2026.06.08-20.51.58:455][587]LogUObjectHash: Compacting FUObjectHashTables data took   0.31ms
[2026.06.08-20.51.58:464][587]LightingResults: New page: 光照构建 - 2026年6月9日 下午12:51:58
[2026.06.08-20.51.58:536][587]LogSwarmInterface: [OpenConnection] Registering TCP channel ...
[2026.06.08-20.51.58:612][587]LogSwarmInterface: [OpenConnection] Connecting to agent ...
[2026.06.08-20.51.58:640][587]LogSwarmInterface: [TryOpenConnection] Testing the Agent
[2026.06.08-20.51.59:711][587]LogSwarmInterface: [TryOpenConnection] Opening Connection to Agent
[2026.06.08-20.51.59:711][587]LogSwarmInterface: [TryOpenConnection] Local Process ID is 17300
[2026.06.08-20.52.06:775][587]LogStaticLightingSystem: Running Lightmass w/ ImmediateImport mode ENABLED
[2026.06.08-20.52.06:775][587]LogStaticLightingSystem: Running Lightmass w/ ImmediateProcess mode ENABLED
[2026.06.08-20.52.06:775][587]LogStaticLightingSystem: Running Lightmass w/ Sorting mode ENABLED
[2026.06.08-20.52.06:775][587]LogStaticLightingSystem: Running Lightmass w/ Mapping paddings ENABLED
[2026.06.08-20.52.06:775][587]LogStaticLightingSystem: Running Lightmass w/ Mapping debug paddings DISABLED
[2026.06.08-20.53.40:587][587]Cmd: MAP CHECK DONTDISPLAYDIALOG
[2026.06.08-20.53.40:587][587]MapCheck: New page: model - 2026年6月9日 下午12:53:40
[2026.06.08-20.53.40:589][587]MapCheck: Error: WorldSettings 地图需要重新构建光照 
[2026.06.08-20.53.40:598][587]MapCheck: 地图检测完成：1个错误、0个警告、完成用时10.493毫秒。
[2026.06.08-20.53.40:603][587]LogEditorBuildUtils: Build time 1:42
[2026.06.08-20.53.40:713][587]LogMaterial: Display: Missing cached shadermap for FLightmassMaterialRenderer MI_Pano in PCD3D_SM5, Default, SM5 (DDC key hash: 20DC8AA7763EBCC8891F530C050FB4213386A485), compiling. 
[2026.06.08-20.53.40:740][587]LogShaderCompilers: Display: Submitted 2 shader compile jobs with 'Low' priority
[2026.06.08-20.53.40:744][587]LogMaterial: Display: Missing cached shadermap for FLightmassMaterialRenderer MI_Pano in PCD3D_SM5, Default, SM5 (DDC key hash: B789D61BC54C66541207ABD9671E745F7E4C6A39), compiling. 
[2026.06.08-20.53.40:748][587]LogShaderCompilers: Display: Worker (1/5): shaders left to compile 2
[2026.06.08-20.53.40:748][587]LogShaderCompilers: Display: Worker (2/5): shaders left to compile 1
[2026.06.08-20.53.40:748][587]LogShaderCompilers: Display: Started 2 'Local' shader compile jobs with 'Low' priority
[2026.06.08-20.53.40:748][587]LogShaderCompilers: Display: Submitted 2 shader compile jobs with 'Low' priority
[2026.06.08-20.53.40:822][588]LogShaderCompilers: Display: Worker (3/5): shaders left to compile 2
[2026.06.08-20.53.40:822][588]LogShaderCompilers: Display: Worker (4/5): shaders left to compile 1
[2026.06.08-20.53.40:822][588]LogShaderCompilers: Display: Started 2 'Local' shader compile jobs with 'Low' priority
[2026.06.08-20.53.41:171][592]LogMaterial: Display: Missing cached shadermap for FLightmassMaterialRenderer MI_Rec_04 in PCD3D_SM5, Default, SM5 (DDC key hash: 87B4B771DE491DDF2769D3CAEB6F4D51D68FBAC6), compiling. 
[2026.06.08-20.53.41:177][592]LogShaderCompilers: Display: Submitted 2 shader compile jobs with 'Low' priority
[2026.06.08-20.53.41:180][592]LogMaterial: Display: Missing cached shadermap for FLightmassMaterialRenderer MI_Rec_04 in PCD3D_SM5, Default, SM5 (DDC key hash: B3AA0706CB5072A1D8FF03E9996CFDC3CA8AEF6A), compiling. 
[2026.06.08-20.53.41:185][592]LogShaderCompilers: Display: Submitted 2 shader compile jobs with 'Low' priority
[2026.06.08-20.53.41:269][595]LogMaterial: Display: Missing cached shadermap for FLightmassMaterialRenderer MI_Gold_DirtyMetal in PCD3D_SM5, Default, SM5 (DDC key hash: F6E9912F1B9E005B56932482545120FD7F7A1A29), compiling. 
[2026.06.08-20.53.41:272][595]LogShaderCompilers: Display: Submitted 2 shader compile jobs with 'Low' priority
[2026.06.08-20.53.41:276][595]LogMaterial: Display: Missing cached shadermap for FLightmassMaterialRenderer MI_Gold_DirtyMetal in PCD3D_SM5, Default, SM5 (DDC key hash: FA73858D4B36ED4827CDE3A565EE8653D99D0676), compiling. 
[2026.06.08-20.53.41:280][595]LogShaderCompilers: Display: Submitted 2 shader compile jobs with 'Low' priority
[2026.06.08-20.53.41:297][596]LogMaterial: Display: Missing cached shadermap for FLightmassMaterialRenderer MI_TransparentCurtain in PCD3D_SM5, Default, SM5 (DDC key hash: 3F3E225AA32CDBF42A3BA3D3AF3410DDA5D204D4), compiling. 
[2026.06.08-20.53.41:301][596]LogShaderCompilers: Display: Submitted 2 shader compile jobs with 'Low' priority
[2026.06.08-20.53.41:303][596]LogMaterial: Display: Missing cached shadermap for FLightmassMaterialRenderer MI_TransparentCurtain in PCD3D_SM5, Default, SM5 (DDC key hash: B6EA45953EE733F8BF9C6BC7A9196BF464606FA7), compiling. 
[2026.06.08-20.53.41:308][596]LogShaderCompilers: Display: Submitted 2 shader compile jobs with 'Low' priority
[2026.06.08-20.53.41:347][598]LogMaterial: Display: Missing cached shadermap for FLightmassMaterialRenderer MI_BathWare_17 in PCD3D_SM5, Default, SM5 (DDC key hash: 2F58006B9815BECD1756AE73B5CE7BCDAECC3DBF), compiling. 
[2026.06.08-20.53.41:351][598]LogShaderCompilers: Display: Submitted 2 shader compile jobs with 'Low' priority
[2026.06.08-20.53.41:355][598]LogMaterial: Display: Missing cached shadermap for FLightmassMaterialRenderer MI_BathWare_17 in PCD3D_SM5, Default, SM5 (DDC key hash: E1DBE40C597622F29192096EEFA617F7AE7F2FB0), compiling. 
[2026.06.08-20.53.41:362][598]LogShaderCompilers: Display: Submitted 2 shader compile jobs with 'Low' priority
[2026.06.08-20.53.41:386][599]LogMaterial: Display: Missing cached shadermap for FLightmassMaterialRenderer MI_BathWare_34 in PCD3D_SM5, Default, SM5 (DDC key hash: 565837D7B0443A466EEE393EC86B0F38F0AB7491), compiling. 
[2026.06.08-20.53.41:392][599]LogShaderCompilers: Display: Submitted 2 shader compile jobs with 'Low' priority
[2026.06.08-20.53.41:396][599]LogMaterial: Display: Missing cached shadermap for FLightmassMaterialRenderer MI_BathWare_34 in PCD3D_SM5, Default, SM5 (DDC key hash: B20FF623BB9EC8228770BE4A83D62036D9F1345C), compiling. 
[2026.06.08-20.53.41:402][599]LogShaderCompilers: Display: Submitted 2 shader compile jobs with 'Low' priority
[2026.06.08-20.53.41:444][601]LogMaterial: Display: Missing cached shadermap for FLightmassMaterialRenderer MI_Floor in PCD3D_SM5, Default, SM5 (DDC key hash: A5C4F2ECB1B6F185ECADCAAD5042BF90FD97244C), compiling. 
[2026.06.08-20.53.41:452][601]LogShaderCompilers: Display: Submitted 2 shader compile jobs with 'Low' priority
[2026.06.08-20.53.41:456][601]LogMaterial: Display: Missing cached shadermap for FLightmassMaterialRenderer MI_Floor in PCD3D_SM5, Default, SM5 (DDC key hash: C5A26DF7416F94DA90439F3129F5C085CDCDB6F9), compiling. 
[2026.06.08-20.53.41:465][601]LogShaderCompilers: Display: Submitted 2 shader compile jobs with 'Low' priority
[2026.06.08-20.53.41:487][602]LogMaterial: Display: Missing cached shadermap for FLightmassMaterialRenderer MI_Deco_01 in PCD3D_SM5, Default, SM5 (DDC key hash: AE98BBAE3B231BA1260325C192985E486BA62E5C), compiling. 
[2026.06.08-20.53.41:495][602]LogShaderCompilers: Display: Submitted 2 shader compile jobs with 'Low' priority
[2026.06.08-20.53.41:499][602]LogMaterial: Display: Missing cached shadermap for FLightmassMaterialRenderer MI_Deco_01 in PCD3D_SM5, Default, SM5 (DDC key hash: 07BA825FA9C88CD1FA5FC3F71E24BA3DDD72515B), compiling. 
[2026.06.08-20.53.41:508][602]LogShaderCompilers: Display: Submitted 2 shader compile jobs with 'Low' priority
[2026.06.08-20.53.41:531][603]LogMaterial: Display: Missing cached shadermap for FLightmassMaterialRenderer MI_Flower_01 in PCD3D_SM5, Default, SM5 (DDC key hash: 0BFA950283B0898409AA031C3BD97E77BFA0E162), compiling. 
[2026.06.08-20.53.41:541][603]LogShaderCompilers: Display: Submitted 2 shader compile jobs with 'Low' priority
[2026.06.08-20.53.41:544][603]LogMaterial: Display: Missing cached shadermap for FLightmassMaterialRenderer MI_Flower_01 in PCD3D_SM5, Default, SM5 (DDC key hash: 910B00C2DC747F16521687A5B696D65230A3322D), compiling. 
[2026.06.08-20.53.41:551][603]LogShaderCompilers: Display: Submitted 2 shader compile jobs with 'Low' priority
[2026.06.08-20.53.41:574][604]LogMaterial: Display: Missing cached shadermap for FLightmassMaterialRenderer MI_PaintingPack in PCD3D_SM5, Default, SM5 (DDC key hash: 571A8272447FEDEE3C44B31C4F6300D7096273DC), compiling. 
[2026.06.08-20.53.41:582][604]LogShaderCompilers: Display: Submitted 2 shader compile jobs with 'Low' priority
[2026.06.08-20.53.41:585][604]LogMaterial: Display: Missing cached shadermap for FLightmassMaterialRenderer MI_PaintingPack in PCD3D_SM5, Default, SM5 (DDC key hash: 18027F84003E8277D2D205DE15BBD8112248B506), compiling. 
[2026.06.08-20.53.41:592][604]LogShaderCompilers: Display: Submitted 2 shader compile jobs with 'Low' priority
[2026.06.08-20.53.41:614][605]LogMaterial: Display: Missing cached shadermap for FLightmassMaterialRenderer MI_Box002_01 in PCD3D_SM5, Default, SM5 (DDC key hash: C4C46F04BAF603D45F9BB48FA4310428C8FD4FD0), compiling. 
[2026.06.08-20.53.41:624][605]LogShaderCompilers: Display: Submitted 2 shader compile jobs with 'Low' priority
[2026.06.08-20.53.41:627][605]LogMaterial: Display: Missing cached shadermap for FLightmassMaterialRenderer MI_Box002_01 in PCD3D_SM5, Default, SM5 (DDC key hash: F3041D9AB1EC1A878AAE4221EFF26B3E28288987), compiling. 
[2026.06.08-20.53.41:636][605]LogShaderCompilers: Display: Submitted 2 shader compile jobs with 'Low' priority
[2026.06.08-20.53.50:133][607]LogShaderCompilers: Display: Worker (3/5): shaders left to compile 40
[2026.06.08-20.53.50:133][607]LogShaderCompilers: Display: Started 10 'Local' shader compile jobs with 'Low' priority
[2026.06.08-20.53.50:133][607]LogShaderCompilers: Display: Worker (1/5): shaders left to compile 30
[2026.06.08-20.53.50:133][607]LogShaderCompilers: Display: Started 8 'Local' shader compile jobs with 'Low' priority
[2026.06.08-20.53.50:133][607]LogShaderCompilers: Display: Worker (4/5): shaders left to compile 22
[2026.06.08-20.53.50:133][607]LogShaderCompilers: Display: Started 6 'Local' shader compile jobs with 'Low' priority
[2026.06.08-20.53.50:133][607]LogShaderCompilers: Display: Worker (2/5): shaders left to compile 16
[2026.06.08-20.53.50:133][607]LogShaderCompilers: Display: Started 5 'Local' shader compile jobs with 'Low' priority
[2026.06.08-20.53.50:133][607]LogShaderCompilers: Display: Worker (2/5): shaders left to compile 11
[2026.06.08-20.53.50:133][607]LogShaderCompilers: Display: Started 3 'Local' shader compile jobs with 'Low' priority
[2026.06.08-20.53.50:133][607]LogShaderCompilers: Display: Worker (4/5): shaders left to compile 8
[2026.06.08-20.53.50:133][607]LogShaderCompilers: Display: Started 3 'Local' shader compile jobs with 'Low' priority
[2026.06.08-20.53.50:133][607]LogShaderCompilers: Display: Worker (1/5): shaders left to compile 5
[2026.06.08-20.53.50:133][607]LogShaderCompilers: Display: Started 2 'Local' shader compile jobs with 'Low' priority
[2026.06.08-20.53.50:134][607]LogShaderCompilers: Display: Worker (2/5): shaders left to compile 3
[2026.06.08-20.53.50:134][607]LogShaderCompilers: Display: Started 1 'Local' shader compile jobs with 'Low' priority
[2026.06.08-20.53.50:134][607]LogShaderCompilers: Display: Worker (4/5): shaders left to compile 2
[2026.06.08-20.53.50:134][607]LogShaderCompilers: Display: Started 1 'Local' shader compile jobs with 'Low' priority
[2026.06.08-20.53.50:134][607]LogShaderCompilers: Display: Worker (3/5): shaders left to compile 1
[2026.06.08-20.53.50:134][607]LogShaderCompilers: Display: Started 1 'Local' shader compile jobs with 'Low' priority
[2026.06.08-20.53.50:134][607]LogShaderCompilers: Display: === FShaderJobCache stats ===
[2026.06.08-20.53.50:134][607]LogShaderCompilers: Display: Total job queries 44, among them cache hits 0 (0.00%)
[2026.06.08-20.53.50:134][607]LogShaderCompilers: Display: Tracking 44 distinct input hashes that result in 12 distinct outputs (27.27%)
[2026.06.08-20.53.50:134][607]LogShaderCompilers: Display: RAM used: 0.03 MB (0.00 GB) of 819.20 MB (0.80 GB) budget. Usage: 0.00%
[2026.06.08-20.53.50:134][607]LogShaderCompilers: Display: ================================================
[2026.06.08-20.53.50:198][608]LogUObjectHash: Compacting FUObjectHashTables data took   0.68ms
[2026.06.08-20.53.50:281][608]LogSavePackage: Moving '../../../../../../Users/Administrator/Downloads/process/ZJJD-Vol1/Saved/model_Auto121316C744E627411D0AA1C88D12D41BA.tmp' to '../../../../../../Users/Administrator/Downloads/process/ZJJD-Vol1/Saved/Autosaves/Game/HotelRoom/Map/model_Auto1.umap'
[2026.06.08-20.53.50:284][608]LogFileHelpers: Editor autosave (incl. external actors) for '/Game/HotelRoom/Map/model' took 0.098
[2026.06.08-20.53.50:284][608]LogFileHelpers: Editor autosave (incl. sublevels & external actors) for all levels took 0.098
[2026.06.08-20.53.52:410][688]LogUObjectHash: Compacting FUObjectHashTables data took   0.98ms
[2026.06.08-20.55.07:584][513]LogSlate: Took 0.001411 seconds to synchronously load lazily loaded font '../../../Engine/Content/Slate/Fonts/DroidSansMono.ttf' (77K)
[2026.06.08-20.56.03:250][467]LightingResults: Warning: SM_Curtain001 对象拥有包裹的UV。
[2026.06.08-20.56.03:250][467]LightingResults: Warning: SM_Curtain001 对象拥有重叠的UV。
[2026.06.08-20.56.03:250][467]LightingResults: SM_Curtain001 Lightmap UV are overlapping by 2.5%. Please adjust content - Enable Error Coloring to visualize.
[2026.06.08-20.56.19:546][515]LightingResults: Warning: SM_Curtain002 对象拥有包裹的UV。
[2026.06.08-20.56.19:546][515]LightingResults: Warning: SM_Curtain002 对象拥有重叠的UV。
[2026.06.08-20.56.19:546][515]LightingResults: SM_Curtain002 Lightmap UV are overlapping by 2.0%. Please adjust content - Enable Error Coloring to visualize.
[2026.06.08-20.56.39:076][573]LightingResults: Warning: SM_Bonsai001 对象拥有重叠的UV。
[2026.06.08-20.56.39:076][573]LightingResults: SM_Bonsai001 Lightmap UV are overlapping by 17.2%. Please adjust content - Enable Error Coloring to visualize.
[2026.06.08-20.56.42:431][583]LightingResults: Warning: SM_Curtain003 对象拥有重叠的UV。
[2026.06.08-20.56.42:431][583]LightingResults: SM_Curtain003 Lightmap UV are overlapping by 2.8%. Please adjust content - Enable Error Coloring to visualize.
[2026.06.08-20.56.46:472][595]LightingResults: Warning: SM_Window001 对象拥有重叠的UV。
[2026.06.08-20.56.46:472][595]LightingResults: SM_Window001 Lightmap UV are overlapping by 2.1%. Please adjust content - Enable Error Coloring to visualize.
[2026.06.08-20.56.59:900][635]LightingResults: Warning: SM_Mac006 对象拥有重叠的UV。
[2026.06.08-20.56.59:900][635]LightingResults: SM_Mac006 Lightmap UV are overlapping by 39.2%. Please adjust content - Enable Error Coloring to visualize.
[2026.06.08-20.57.21:510][699]Job is a success!
[2026.06.08-20.57.21:514][699]LightingResults: Warning: SM_Plant008 对象拥有重叠的UV。
[2026.06.08-20.57.21:514][699]LightingResults: SM_Plant008 Lightmap UV are overlapping by 37.9%. Please adjust content - Enable Error Coloring to visualize.
[2026.06.08-20.57.22:271][700]LogVolumetricLightmapImport: Imported Volumetric Lightmap in 0.026s
[2026.06.08-20.57.22:271][700]LogVolumetricLightmapImport:      Indirection Texture 16x16x16 = 0.0Mb
[2026.06.08-20.57.22:271][700]LogVolumetricLightmapImport:      BrickData (all levels) 0.0Mb
[2026.06.08-20.57.22:271][700]LogVolumetricLightmapImport:      Bricks at depth
[2026.06.08-20.57.22:271][700]LogVolumetricLightmapImport:          0: 25.0% covering 100.0% of volume
[2026.06.08-20.57.22:271][700]LogVolumetricLightmapImport:          1: 25.0% covering 1.6% of volume
[2026.06.08-20.57.22:271][700]LogVolumetricLightmapImport:          2: 50.0% covering 0.0% of volume
[2026.06.08-20.57.22:271][700]LogVolumetricLightmapImport:      Bricks in each level
[2026.06.08-20.57.22:271][700]LogVolumetricLightmapImport:          model 			 4 bricks 	 100.0% (Persistent Level)
[2026.06.08-20.57.24:836][700]LogTexture: Display: 正在编译纹理：HQ_Lightmap0_1（BGRA8、2048X2048）
[2026.06.08-20.57.24:836][700]LogTexture: Display: 正在编译纹理：LQ_Lightmap_0_1（BGRA8、2048X2048）
[2026.06.08-20.57.24:836][700]LogTexture: Display: 正在编译纹理：HQ_Lightmap0_2（BGRA8、2048X2048）
[2026.06.08-20.57.24:836][700]LogTexture: Display: 正在编译纹理：LQ_Lightmap_0_2（BGRA8、2048X2048）
[2026.06.08-20.57.24:836][700]LogTexture: Display: 正在编译纹理：HQ_Lightmap0_3（BGRA8、2048X2048）
[2026.06.08-20.57.24:836][700]LogTexture: Display: 正在编译纹理：LQ_Lightmap_0_3（BGRA8、2048X2048）
[2026.06.08-20.57.24:836][700]LogTexture: Display: 正在编译纹理：HQ_Lightmap1_4（BGRA8、1024X1024）
[2026.06.08-20.57.24:836][700]LogTexture: Display: 正在编译纹理：LQ_Lightmap_1_4（BGRA8、1024X1024）
[2026.06.08-20.57.24:836][700]LogTexture: Display: 正在编译纹理：HQ_Lightmap1_5（BGRA8、1024X1024）
[2026.06.08-20.57.24:836][700]LogTexture: Display: 正在编译纹理：LQ_Lightmap_1_5（BGRA8、1024X1024）
[2026.06.08-20.57.24:836][700]LogTexture: Display: 正在编译纹理：HQ_Lightmap0_6（BGRA8、1024X1024）
[2026.06.08-20.57.24:837][700]LogTexture: Display: 正在编译纹理：LQ_Lightmap_0_6（BGRA8、1024X1024）
[2026.06.08-20.57.24:837][700]LogTexture: Display: 正在编译纹理：HQ_Lightmap0_7（BGRA8、1024X1024）
[2026.06.08-20.57.24:837][700]LogTexture: Display: 正在编译纹理：LQ_Lightmap_0_7（BGRA8、1024X1024）
[2026.06.08-20.57.24:837][700]LogTexture: Display: 正在编译纹理：HQ_Lightmap0_8（BGRA8、1024X1024）
[2026.06.08-20.57.24:837][700]LogTexture: Display: 正在编译纹理：LQ_Lightmap_0_8（BGRA8、1024X1024）
[2026.06.08-20.57.25:448][700]LogTexture: Display: 正在编译纹理：ShadowMapTexture2D_4（BGRA8、1024X1024）
[2026.06.08-20.57.25:448][700]LogTexture: Display: 正在编译纹理：ShadowMapTexture2D_2（BGRA8、1024X1024）
[2026.06.08-20.57.25:448][700]LogTexture: Display: 正在编译纹理：ShadowMapTexture2D_5（BGRA8、1024X1024）
[2026.06.08-20.57.25:448][700]LogTexture: Display: 正在编译纹理：ShadowMapTexture2D_1（BGRA8、1024X1024）
[2026.06.08-20.57.25:619][700]LogTexture: Display: 正在编译纹理：ShadowMapTexture2D_3（BGRA8、1024X1024）
[2026.06.08-20.57.25:619][700]LogTexture: Display: 正在编译纹理：ShadowMapTexture2D_0（BGRA8、1024X1024）
[2026.06.08-20.57.25:619][700]Lightmass on 备用机: 3:32 min total, 26.7 sec importing, 3.33 sec setup, 1:12 min photons, 1:48 min processing, 0 ms extra exporting [79/79 mappings]. Threads: 12:42 min total, 6:26 min processing.
[2026.06.08-20.57.25:621][700]LogStaticLightingSystem: model_BuiltData storing lightmap data for 79 meshes in 15 LightmapResourceClusters (5.3 Meshes per cluster).
[2026.06.08-20.57.25:657][700]LogUObjectHash: Compacting FUObjectHashTables data took   2.40ms
[2026.06.08-20.57.25:729][700]LogStaticLightingSystem: Illumination: 5:26 min (1.84 sec encoding lightmaps, 697 ms encoding shadowmaps)
[2026.06.08-20.57.25:730][700]LogStaticLightingSystem: Lightmap texture memory:  181.3 MB (181.3 MB streaming, 0.0 MB non-streaming), 16 textures
[2026.06.08-20.57.25:730][700]LogStaticLightingSystem: Shadowmap texture memory: 32.0 MB (32.0 MB streaming, 0.0 MB non-streaming), 6 textures
[2026.06.08-20.57.26:287][700]DumpUnbuiltLightIteractions
[2026.06.08-20.57.26:287][700]Lights with unbuilt interactions: 0
[2026.06.08-20.57.26:287][700]
[2026.06.08-20.57.26:287][700]Primitives with unbuilt interactions: 0
[2026.06.08-20.57.26:319][700]LogShaderCompilers: Display: === FShaderJobCache stats ===
[2026.06.08-20.57.26:319][700]LogShaderCompilers: Display: Total job queries 44, among them cache hits 0 (0.00%)
[2026.06.08-20.57.26:319][700]LogShaderCompilers: Display: Tracking 44 distinct input hashes that result in 12 distinct outputs (27.27%)
[2026.06.08-20.57.26:320][700]LogShaderCompilers: Display: RAM used: 0.03 MB (0.00 GB) of 819.20 MB (0.80 GB) budget. Usage: 0.00%
[2026.06.08-20.57.26:320][700]LogShaderCompilers: Display: ================================================
[2026.06.08-20.57.26:464][700]LogTexture: Display: 正在编译纹理：NewReflectionComponentTexture8B81A5D44CB86E9CB936038FD5EA8052（BGRA8、128X128）
[2026.06.08-20.57.26:571][701]Cmd: MAP CHECK NOTIFYRESULTS
[2026.06.08-20.57.26:572][701]MapCheck: New page: model - 2026年6月9日 下午12:57:26
[2026.06.08-20.57.26:573][701]MapCheck: 地图检测完成：0个错误、0个警告、完成用时1.697毫秒。
[2026.06.08-21.02.05:305][ 51]LogUObjectHash: Compacting FUObjectHashTables data took   1.01ms
[2026.06.08-21.02.05:513][ 51]LogSavePackage: Moving '../../../../../../Users/Administrator/Downloads/process/ZJJD-Vol1/Saved/model2386B37549DC72259277D88975DA6E8B.tmp' to '../../../../../../Users/Administrator/Downloads/process/ZJJD-Vol1/Content/HotelRoom/Map/model.umap'
[2026.06.08-21.02.05:535][ 51]Cmd: OBJ SAVEPACKAGE PACKAGE="/Game/HotelRoom/Map/model_BuiltData" FILE="../../../../../../Users/Administrator/Downloads/process/ZJJD-Vol1/Content/HotelRoom/Map/model_BuiltData.uasset" SILENT=true
[2026.06.08-21.02.06:964][ 51]LogSavePackage: Moving '../../../../../../Users/Administrator/Downloads/process/ZJJD-Vol1/Saved/model_BuiltData3EE599AB46324C382D604FB398ACCB84.tmp' to '../../../../../../Users/Administrator/Downloads/process/ZJJD-Vol1/Content/HotelRoom/Map/model_BuiltData.uasset'
[2026.06.08-21.02.06:993][ 51]AssetCheck: New page: 资产保存：多个资产
[2026.06.08-21.02.06:993][ 51]LogContentValidation: Display: 正在验证MapBuildDataRegistry /Game/HotelRoom/Map/model_BuiltData.model_BuiltData
[2026.06.08-21.02.06:993][ 51]LogContentValidation: Display: 正在验证World /Game/HotelRoom/Map/model.model
[2026.06.08-21.02.07:720][108]LogUObjectHash: Compacting FUObjectHashTables data took   0.39ms
[2026.06.08-21.02.47:082][617]LogEditorViewport: Clicking on Actor (LMB): StaticMeshActor (SM_TeaTable002)
[2026.06.08-21.03.14:755][718]LogPlayLevel: PlayLevel: No blueprints needed recompiling
[2026.06.08-21.03.14:757][718]PIE: New page: PIE会话：model（2026年6月9日 下午1:03:14）
[2026.06.08-21.03.14:796][718]LogOnline: OSS: Creating online subsystem instance for: NULL
[2026.06.08-21.03.14:812][718]LogOnline: OSS: TryLoadSubsystemAndSetDefault: Loaded subsystem for module [NULL]
[2026.06.08-21.03.14:816][718]LogPlayLevel: Creating play world package: /Game/HotelRoom/Map/UEDPIE_0_model
[2026.06.08-21.03.14:870][718]LogPlayLevel: PIE: StaticDuplicateObject took: (0.052520s)
[2026.06.08-21.03.14:883][718]LogAIModule: Creating AISystem for world model
[2026.06.08-21.03.14:889][718]LogPlayLevel: PIE: World Init took: (0.018632s)
[2026.06.08-21.03.14:890][718]LogPlayLevel: PIE: Created PIE world by copying editor world from /Game/HotelRoom/Map/model.model to /Game/HotelRoom/Map/UEDPIE_0_model.model (0.073835s)
[2026.06.08-21.03.14:904][718]LogUObjectHash: Compacting FUObjectHashTables data took   1.57ms
[2026.06.08-21.03.14:911][718]LogAudio: Display: Creating Audio Device:                 Id: 2, Scope: Unique, Realtime: True
[2026.06.08-21.03.14:915][718]LogAudioMixer: Display: Audio Mixer Platform Settings:
[2026.06.08-21.03.14:916][718]LogAudioMixer: Display: 	Sample Rate:						  48000
[2026.06.08-21.03.14:916][718]LogAudioMixer: Display: 	Callback Buffer Frame Size Requested: 1024
[2026.06.08-21.03.14:916][718]LogAudioMixer: Display: 	Callback Buffer Frame Size To Use:	  1024
[2026.06.08-21.03.14:916][718]LogAudioMixer: Display: 	Number of buffers to queue:			  2
[2026.06.08-21.03.14:916][718]LogAudioMixer: Display: 	Max Channels (voices):				  32
[2026.06.08-21.03.14:916][718]LogAudioMixer: Display: 	Number of Async Source Workers:		  0
[2026.06.08-21.03.14:917][718]LogAudio: Display: AudioDevice MaxSources: 32
[2026.06.08-21.03.14:926][718]LogAudio: Display: Audio Spatialization Plugin: None (built-in).
[2026.06.08-21.03.14:926][718]LogAudio: Display: Audio Reverb Plugin: None (built-in).
[2026.06.08-21.03.14:926][718]LogAudio: Display: Audio Occlusion Plugin: None (built-in).
[2026.06.08-21.03.14:926][718]LogAudioMixer: Display: Initializing audio mixer.
[2026.06.08-21.03.14:952][718]LogAudioMixer: Display: 0: FrontLeft
[2026.06.08-21.03.14:952][718]LogAudioMixer: Display: 1: FrontRight
[2026.06.08-21.03.14:989][718]LogAudioMixer: Display: Using Audio Device 2270W (NVIDIA High Definition Audio)
[2026.06.08-21.03.14:995][718]LogAudioMixer: Display: Initializing Sound Submixes...
[2026.06.08-21.03.14:996][718]LogAudioMixer: Display: Creating Master Submix 'MasterSubmixDefault'
[2026.06.08-21.03.14:997][718]LogAudioMixer: Display: Creating Master Submix 'MasterReverbSubmixDefault'
[2026.06.08-21.03.14:999][718]LogAudioMixer: Display: Creating Master Submix 'MasterEQSubmixDefault'
[2026.06.08-21.03.15:000][718]LogAudioMixer: FMixerPlatformXAudio2::StartAudioStream() called
[2026.06.08-21.03.15:000][718]LogAudioMixer: Display: Output buffers initialized: Frames=1024, Channels=2, Samples=2048
[2026.06.08-21.03.15:002][718]LogAudioMixer: Display: Starting AudioMixerPlatformInterface::RunInternal()
[2026.06.08-21.03.15:002][718]LogAudioMixer: Display: FMixerPlatformXAudio2::SubmitBuffer() called for the first time
[2026.06.08-21.03.15:002][718]LogInit: FAudioDevice initialized.
[2026.06.08-21.03.15:003][718]LogAudio: Display: Audio Device (ID: 2) registered with world 'model'.
[2026.06.08-21.03.15:067][718]LogSlate: Updating window title bar state: overlay mode, drag disabled, window buttons hidden, title bar hidden
[2026.06.08-21.03.15:078][718]LogLoad: Game class is 'GameModeBase'
[2026.06.08-21.03.15:111][718]LogWorld: Bringing World /Game/HotelRoom/Map/UEDPIE_0_model.model up for play (max tick rate 0) at 2026.06.09-05.03.15
[2026.06.08-21.03.15:115][718]LogOutputDevice: Warning: 

Script Stack (0 frames):

[2026.06.08-21.03.15:260][718]LogStats: FPlatformStackWalk::StackWalkAndDump -  0.141 s
[2026.06.08-21.03.15:260][718]LogOutputDevice: Error: === Handled ensure: ===
[2026.06.08-21.03.15:260][718]LogOutputDevice: Error: 
[2026.06.08-21.03.15:260][718]LogOutputDevice: Error: Ensure condition failed: Class.IsValid() [File:D:/Build/++UE4/Sync/Engine/Source/Runtime/Engine/Private/UserInterface/InputSettings.cpp] [Line: 460]
[2026.06.08-21.03.15:260][718]LogOutputDevice: Error: Invalid InputComponent class in Input Settings. Manual reset required.
[2026.06.08-21.03.15:260][718]LogOutputDevice: Error: Stack: 
[2026.06.08-21.03.15:260][718]LogOutputDevice: Error: [Callstack] 0x00007ffb5fc31e99 UE4Editor-Engine.dll!UnknownFunction []
[2026.06.08-21.03.15:260][718]LogOutputDevice: Error: [Callstack] 0x00007ffb5f446373 UE4Editor-Engine.dll!UnknownFunction []
[2026.06.08-21.03.15:260][718]LogOutputDevice: Error: [Callstack] 0x00007ffb5ea10454 UE4Editor-Engine.dll!UnknownFunction []
[2026.06.08-21.03.15:260][718]LogOutputDevice: Error: [Callstack] 0x00007ffb5ea22da8 UE4Editor-Engine.dll!UnknownFunction []
[2026.06.08-21.03.15:260][718]LogOutputDevice: Error: [Callstack] 0x00007ffb5f4c461d UE4Editor-Engine.dll!UnknownFunction []
[2026.06.08-21.03.15:260][718]LogOutputDevice: Error: [Callstack] 0x00007ffb5e85e979 UE4Editor-Engine.dll!UnknownFunction []
[2026.06.08-21.03.15:260][718]LogOutputDevice: Error: [Callstack] 0x00007ffb5c522c45 UE4Editor-UnrealEd.dll!UnknownFunction []
[2026.06.08-21.03.15:260][718]LogOutputDevice: Error: [Callstack] 0x00007ffb5c54622f UE4Editor-UnrealEd.dll!UnknownFunction []
[2026.06.08-21.03.15:260][718]LogOutputDevice: Error: [Callstack] 0x00007ffb5c52397d UE4Editor-UnrealEd.dll!UnknownFunction []
[2026.06.08-21.03.15:260][718]LogOutputDevice: Error: [Callstack] 0x00007ffb5c563772 UE4Editor-UnrealEd.dll!UnknownFunction []
[2026.06.08-21.03.15:260][718]LogOutputDevice: Error: [Callstack] 0x00007ffb5c566d31 UE4Editor-UnrealEd.dll!UnknownFunction []
[2026.06.08-21.03.15:260][718]LogOutputDevice: Error: [Callstack] 0x00007ffb5c5665f8 UE4Editor-UnrealEd.dll!UnknownFunction []
[2026.06.08-21.03.15:260][718]LogOutputDevice: Error: [Callstack] 0x00007ffb5bfc0c8c UE4Editor-UnrealEd.dll!UnknownFunction []
[2026.06.08-21.03.15:260][718]LogOutputDevice: Error: [Callstack] 0x00007ffb5c8c2ba6 UE4Editor-UnrealEd.dll!UnknownFunction []
[2026.06.08-21.03.15:260][718]LogOutputDevice: Error: [Callstack] 0x00007ff66da987a0 UE4Editor.exe!UnknownFunction []
[2026.06.08-21.03.15:260][718]LogOutputDevice: Error: [Callstack] 0x00007ff66dab0fcc UE4Editor.exe!UnknownFunction []
[2026.06.08-21.03.15:260][718]LogOutputDevice: Error: [Callstack] 0x00007ff66dab10ba UE4Editor.exe!UnknownFunction []
[2026.06.08-21.03.15:260][718]LogOutputDevice: Error: [Callstack] 0x00007ff66dab40dd UE4Editor.exe!UnknownFunction []
[2026.06.08-21.03.15:260][718]LogOutputDevice: Error: [Callstack] 0x00007ff66dac5984 UE4Editor.exe!UnknownFunction []
[2026.06.08-21.03.15:260][718]LogOutputDevice: Error: [Callstack] 0x00007ff66dac853a UE4Editor.exe!UnknownFunction []
[2026.06.08-21.03.15:260][718]LogOutputDevice: Error: [Callstack] 0x00007ffbd5557344 KERNEL32.DLL!UnknownFunction []
[2026.06.08-21.03.15:260][718]LogOutputDevice: Error: [Callstack] 0x00007ffbd6da26b1 ntdll.dll!UnknownFunction []
[2026.06.08-21.03.15:260][718]LogOutputDevice: Error: 
[2026.06.08-21.03.15:269][718]LogStats:                SubmitErrorReport -  0.000 s
[2026.06.08-21.03.18:508][718]LogStats:                    SendNewReport -  3.239 s
[2026.06.08-21.03.18:509][718]LogStats:             FDebug::EnsureFailed -  3.394 s
[2026.06.08-21.03.18:513][718]LogWorld: Bringing up level for play took: 3.407448
[2026.06.08-21.03.18:516][718]LogOnline: OSS: Creating online subsystem instance for: :Context_2
[2026.06.08-21.03.18:526][718]LogOutputDevice: Warning: 

Script Stack (0 frames):

[2026.06.08-21.03.18:631][718]LogStats: FPlatformStackWalk::StackWalkAndDump -  0.105 s
[2026.06.08-21.03.18:631][718]LogOutputDevice: Error: === Handled ensure: ===
[2026.06.08-21.03.18:631][718]LogOutputDevice: Error: 
[2026.06.08-21.03.18:632][718]LogOutputDevice: Error: Ensure condition failed: Class.IsValid() [File:D:/Build/++UE4/Sync/Engine/Source/Runtime/Engine/Private/UserInterface/InputSettings.cpp] [Line: 453]
[2026.06.08-21.03.18:632][718]LogOutputDevice: Error: Invalid PlayerInput class in Input Settings. Manual reset required.
[2026.06.08-21.03.18:632][718]LogOutputDevice: Error: Stack: 
[2026.06.08-21.03.18:632][718]LogOutputDevice: Error: [Callstack] 0x00007ffb5fc32709 UE4Editor-Engine.dll!UnknownFunction []
[2026.06.08-21.03.18:632][718]LogOutputDevice: Error: [Callstack] 0x00007ffb5f4466f3 UE4Editor-Engine.dll!UnknownFunction []
[2026.06.08-21.03.18:632][718]LogOutputDevice: Error: [Callstack] 0x00007ffb5ef3d7ee UE4Editor-Engine.dll!UnknownFunction []
[2026.06.08-21.03.18:632][718]LogOutputDevice: Error: [Callstack] 0x00007ffb5ef5105b UE4Editor-Engine.dll!UnknownFunction []
[2026.06.08-21.03.18:632][718]LogOutputDevice: Error: [Callstack] 0x00007ffb5ea2b769 UE4Editor-Engine.dll!UnknownFunction []
[2026.06.08-21.03.18:632][718]LogOutputDevice: Error: [Callstack] 0x00007ffb5ea898ad UE4Editor-Engine.dll!UnknownFunction []
[2026.06.08-21.03.18:632][718]LogOutputDevice: Error: [Callstack] 0x00007ffb5e85e9de UE4Editor-Engine.dll!UnknownFunction []
[2026.06.08-21.03.18:632][718]LogOutputDevice: Error: [Callstack] 0x00007ffb5c522c45 UE4Editor-UnrealEd.dll!UnknownFunction []
[2026.06.08-21.03.18:632][718]LogOutputDevice: Error: [Callstack] 0x00007ffb5c54622f UE4Editor-UnrealEd.dll!UnknownFunction []
[2026.06.08-21.03.18:632][718]LogOutputDevice: Error: [Callstack] 0x00007ffb5c52397d UE4Editor-UnrealEd.dll!UnknownFunction []
[2026.06.08-21.03.18:632][718]LogOutputDevice: Error: [Callstack] 0x00007ffb5c563772 UE4Editor-UnrealEd.dll!UnknownFunction []
[2026.06.08-21.03.18:632][718]LogOutputDevice: Error: [Callstack] 0x00007ffb5c566d31 UE4Editor-UnrealEd.dll!UnknownFunction []
[2026.06.08-21.03.18:632][718]LogOutputDevice: Error: [Callstack] 0x00007ffb5c5665f8 UE4Editor-UnrealEd.dll!UnknownFunction []
[2026.06.08-21.03.18:632][718]LogOutputDevice: Error: [Callstack] 0x00007ffb5bfc0c8c UE4Editor-UnrealEd.dll!UnknownFunction []
[2026.06.08-21.03.18:632][718]LogOutputDevice: Error: [Callstack] 0x00007ffb5c8c2ba6 UE4Editor-UnrealEd.dll!UnknownFunction []
[2026.06.08-21.03.18:632][718]LogOutputDevice: Error: [Callstack] 0x00007ff66da987a0 UE4Editor.exe!UnknownFunction []
[2026.06.08-21.03.18:632][718]LogOutputDevice: Error: [Callstack] 0x00007ff66dab0fcc UE4Editor.exe!UnknownFunction []
[2026.06.08-21.03.18:632][718]LogOutputDevice: Error: [Callstack] 0x00007ff66dab10ba UE4Editor.exe!UnknownFunction []
[2026.06.08-21.03.18:632][718]LogOutputDevice: Error: [Callstack] 0x00007ff66dab40dd UE4Editor.exe!UnknownFunction []
[2026.06.08-21.03.18:632][718]LogOutputDevice: Error: [Callstack] 0x00007ff66dac5984 UE4Editor.exe!UnknownFunction []
[2026.06.08-21.03.18:632][718]LogOutputDevice: Error: [Callstack] 0x00007ff66dac853a UE4Editor.exe!UnknownFunction []
[2026.06.08-21.03.18:632][718]LogOutputDevice: Error: [Callstack] 0x00007ffbd5557344 KERNEL32.DLL!UnknownFunction []
[2026.06.08-21.03.18:632][718]LogOutputDevice: Error: [Callstack] 0x00007ffbd6da26b1 ntdll.dll!UnknownFunction []
[2026.06.08-21.03.18:632][718]LogOutputDevice: Error: 
[2026.06.08-21.03.18:640][718]LogStats:                SubmitErrorReport -  0.000 s
[2026.06.08-21.03.26:366][718]LogStats:                    SendNewReport -  7.727 s
[2026.06.08-21.03.26:366][718]LogStats:             FDebug::EnsureFailed -  7.840 s
[2026.06.08-21.03.26:399][718]LogNativeClassHierarchy: Verbose: Native class hierarchy updated for 'MovieSceneCapture' in 0.0034 seconds. Added 20 classes and 0 folders.
[2026.06.08-21.03.26:428][718]PIE: 登陆的服务器
[2026.06.08-21.03.26:432][718]PIE: PIE总开始时间：11.684秒。
[2026.06.08-21.03.26:461][718]LogAudioMixer: Resetting audio stream to device id 
[2026.06.08-21.03.26:476][718]LogAudioMixer: Display: 0: FrontLeft
[2026.06.08-21.03.26:476][718]LogAudioMixer: Display: 1: FrontRight
[2026.06.08-21.03.26:508][718]LogAudioMixer: Resetting audio stream to device id 
[2026.06.08-21.03.26:516][718]LogAudioMixer: Display: 0: FrontLeft
[2026.06.08-21.03.26:516][718]LogAudioMixer: Display: 1: FrontRight
[2026.06.08-21.03.26:598][719]LogRenderer: Reallocating scene render targets to support 1280x696 Format 10 NumSamples 1 (Frame:1).
[2026.06.08-21.03.38:434][ 62]LogRenderer: Reallocating scene render targets to support 1920x1080 Format 10 NumSamples 1 (Frame:1344).
[2026.06.08-21.03.38:725][ 65]LogClient: 高分辨率截图另存为 C:/Users/Administrator/Downloads/process/ZJJD-Vol1/Saved/Screenshots/Windows/HighresScreenshot00000.png
[2026.06.08-21.03.39:907][161]LogSlate: Updating window title bar state: overlay mode, drag disabled, window buttons hidden, title bar hidden
[2026.06.08-21.03.39:907][161]LogWorld: BeginTearingDown for /Game/HotelRoom/Map/UEDPIE_0_model
[2026.06.08-21.03.39:910][161]LogSlate: Window 'HotelRoom预览[NetMode: Standalone]  (64-bit/Windows) ' being destroyed
[2026.06.08-21.03.39:930][161]LogWorld: UWorld::CleanupWorld for model, bSessionEnded=true, bCleanupResources=true
[2026.06.08-21.03.39:932][161]LogSlate: InvalidateAllWidgets triggered.  All widgets were invalidated
[2026.06.08-21.03.39:944][161]LogPlayLevel: Display: Shutting down PIE online subsystems
[2026.06.08-21.03.39:966][161]LogSlate: InvalidateAllWidgets triggered.  All widgets were invalidated
[2026.06.08-21.03.39:977][161]LogAudio: Display: Audio Device unregistered from world 'None'.
[2026.06.08-21.03.39:982][161]LogAudioMixer: FMixerPlatformXAudio2::StopAudioStream() called
[2026.06.08-21.03.39:984][161]LogAudioMixer: FMixerPlatformXAudio2::StopAudioStream() called
[2026.06.08-21.03.40:016][161]LogUObjectHash: Compacting FUObjectHashTables data took   1.02ms
[2026.06.08-21.03.40:051][162]LogPlayLevel: Display: Destroying online subsystem :Context_2
[2026.06.09-00.34.38:799][907]LogEditorViewport: Clicking on Actor (LMB): StaticMeshActor (SM_Side_table001)
[2026.06.09-00.35.00:391][368]LogEditorViewport: Clicking on Actor (LMB): StaticMeshActor (SM_Wall001)
[2026.06.09-00.35.02:755][592]LogTemp: Repeating last play command: 新建编辑器窗口（编辑器中运行）
[2026.06.09-00.35.02:763][592]LogPlayLevel: PlayLevel: No blueprints needed recompiling
[2026.06.09-00.35.02:763][592]PIE: New page: PIE会话：model（2026年6月9日 下午4:35:02）
[2026.06.09-00.35.02:763][592]LogPlayLevel: Creating play world package: /Game/HotelRoom/Map/UEDPIE_0_model
[2026.06.09-00.35.02:779][592]LogPlayLevel: PIE: StaticDuplicateObject took: (0.013011s)
[2026.06.09-00.35.02:780][592]LogAIModule: Creating AISystem for world model
[2026.06.09-00.35.02:781][592]LogPlayLevel: PIE: World Init took: (0.002342s)
[2026.06.09-00.35.02:781][592]LogPlayLevel: PIE: Created PIE world by copying editor world from /Game/HotelRoom/Map/model.model to /Game/HotelRoom/Map/UEDPIE_0_model.model (0.018001s)
[2026.06.09-00.35.02:790][592]LogUObjectHash: Compacting FUObjectHashTables data took   1.28ms
[2026.06.09-00.35.02:792][592]LogAudio: Display: Creating Audio Device:                 Id: 3, Scope: Unique, Realtime: True
[2026.06.09-00.35.02:792][592]LogAudioMixer: Display: Audio Mixer Platform Settings:
[2026.06.09-00.35.02:792][592]LogAudioMixer: Display: 	Sample Rate:						  48000
[2026.06.09-00.35.02:792][592]LogAudioMixer: Display: 	Callback Buffer Frame Size Requested: 1024
[2026.06.09-00.35.02:792][592]LogAudioMixer: Display: 	Callback Buffer Frame Size To Use:	  1024
[2026.06.09-00.35.02:792][592]LogAudioMixer: Display: 	Number of buffers to queue:			  2
[2026.06.09-00.35.02:792][592]LogAudioMixer: Display: 	Max Channels (voices):				  32
[2026.06.09-00.35.02:792][592]LogAudioMixer: Display: 	Number of Async Source Workers:		  0
[2026.06.09-00.35.02:792][592]LogAudio: Display: AudioDevice MaxSources: 32
[2026.06.09-00.35.02:792][592]LogAudio: Display: Audio Spatialization Plugin: None (built-in).
[2026.06.09-00.35.02:792][592]LogAudio: Display: Audio Reverb Plugin: None (built-in).
[2026.06.09-00.35.02:792][592]LogAudio: Display: Audio Occlusion Plugin: None (built-in).
[2026.06.09-00.35.02:792][592]LogAudioMixer: Display: Initializing audio mixer.
[2026.06.09-00.35.02:802][592]LogAudioMixer: Display: 0: FrontLeft
[2026.06.09-00.35.02:802][592]LogAudioMixer: Display: 1: FrontRight
[2026.06.09-00.35.02:823][592]LogAudioMixer: Display: Using Audio Device 2270W (NVIDIA High Definition Audio)
[2026.06.09-00.35.02:823][592]LogAudioMixer: Display: Initializing Sound Submixes...
[2026.06.09-00.35.02:823][592]LogAudioMixer: Display: Creating Master Submix 'MasterSubmixDefault'
[2026.06.09-00.35.02:823][592]LogAudioMixer: Display: Creating Master Submix 'MasterReverbSubmixDefault'
[2026.06.09-00.35.02:824][592]LogAudioMixer: Display: Creating Master Submix 'MasterEQSubmixDefault'
[2026.06.09-00.35.02:824][592]LogAudioMixer: FMixerPlatformXAudio2::StartAudioStream() called
[2026.06.09-00.35.02:824][592]LogAudioMixer: Display: Output buffers initialized: Frames=1024, Channels=2, Samples=2048
[2026.06.09-00.35.02:826][592]LogAudioMixer: Display: Starting AudioMixerPlatformInterface::RunInternal()
[2026.06.09-00.35.02:826][592]LogAudioMixer: Display: FMixerPlatformXAudio2::SubmitBuffer() called for the first time
[2026.06.09-00.35.02:826][592]LogInit: FAudioDevice initialized.
[2026.06.09-00.35.02:826][592]LogAudio: Display: Audio Device (ID: 3) registered with world 'model'.
[2026.06.09-00.35.02:865][592]LogSlate: Updating window title bar state: overlay mode, drag disabled, window buttons hidden, title bar hidden
[2026.06.09-00.35.02:865][592]LogLoad: Game class is 'GameModeBase'
[2026.06.09-00.35.02:873][592]LogWorld: Bringing World /Game/HotelRoom/Map/UEDPIE_0_model.model up for play (max tick rate 0) at 2026.06.09-08.35.02
[2026.06.09-00.35.02:873][592]LogWorld: Bringing up level for play took: 0.007042
[2026.06.09-00.35.02:874][592]LogOnline: OSS: Creating online subsystem instance for: :Context_3
[2026.06.09-00.35.02:879][592]PIE: 登陆的服务器
[2026.06.09-00.35.02:880][592]PIE: PIE总开始时间：0.119秒。
[2026.06.09-00.35.15:505][ 24]LogRenderer: Reallocating scene render targets to support 1920x1080 Format 10 NumSamples 1 (Frame:1432).
[2026.06.09-00.35.15:916][ 27]LogClient: 高分辨率截图另存为 C:/Users/Administrator/Downloads/process/ZJJD-Vol1/Saved/Screenshots/Windows/HighresScreenshot00001.png
[2026.06.09-00.35.16:523][ 72]LogSlate: Updating window title bar state: overlay mode, drag disabled, window buttons hidden, title bar hidden
[2026.06.09-00.35.16:523][ 72]LogWorld: BeginTearingDown for /Game/HotelRoom/Map/UEDPIE_0_model
[2026.06.09-00.35.16:524][ 72]LogSlate: Window 'HotelRoom预览[NetMode: Standalone]  (64-bit/Windows) ' being destroyed
[2026.06.09-00.35.16:543][ 72]LogWorld: UWorld::CleanupWorld for model, bSessionEnded=true, bCleanupResources=true
[2026.06.09-00.35.16:544][ 72]LogSlate: InvalidateAllWidgets triggered.  All widgets were invalidated
[2026.06.09-00.35.16:554][ 72]LogPlayLevel: Display: Shutting down PIE online subsystems
[2026.06.09-00.35.16:574][ 72]LogSlate: InvalidateAllWidgets triggered.  All widgets were invalidated
[2026.06.09-00.35.16:584][ 72]LogAudioMixer: FMixerPlatformXAudio2::StopAudioStream() called
[2026.06.09-00.35.16:585][ 72]LogAudioMixer: FMixerPlatformXAudio2::StopAudioStream() called
[2026.06.09-00.35.16:593][ 72]LogUObjectHash: Compacting FUObjectHashTables data took   1.28ms
[2026.06.09-00.35.16:641][ 73]LogPlayLevel: Display: Destroying online subsystem :Context_3
[2026.06.09-00.35.39:707][538]LogTemp: Repeating last play command: 新建编辑器窗口（编辑器中运行）
[2026.06.09-00.35.39:713][538]LogPlayLevel: PlayLevel: No blueprints needed recompiling
[2026.06.09-00.35.39:713][538]PIE: New page: PIE会话：model（2026年6月9日 下午4:35:39）
[2026.06.09-00.35.39:714][538]LogPlayLevel: Creating play world package: /Game/HotelRoom/Map/UEDPIE_0_model
[2026.06.09-00.35.39:728][538]LogPlayLevel: PIE: StaticDuplicateObject took: (0.014108s)
[2026.06.09-00.35.39:729][538]LogAIModule: Creating AISystem for world model
[2026.06.09-00.35.39:729][538]LogPlayLevel: PIE: World Init took: (0.001121s)
[2026.06.09-00.35.39:729][538]LogPlayLevel: PIE: Created PIE world by copying editor world from /Game/HotelRoom/Map/model.model to /Game/HotelRoom/Map/UEDPIE_0_model.model (0.015394s)
[2026.06.09-00.35.39:737][538]LogUObjectHash: Compacting FUObjectHashTables data took   0.92ms
[2026.06.09-00.35.39:740][538]LogAudio: Display: Creating Audio Device:                 Id: 4, Scope: Unique, Realtime: True
[2026.06.09-00.35.39:740][538]LogAudioMixer: Display: Audio Mixer Platform Settings:
[2026.06.09-00.35.39:740][538]LogAudioMixer: Display: 	Sample Rate:						  48000
[2026.06.09-00.35.39:740][538]LogAudioMixer: Display: 	Callback Buffer Frame Size Requested: 1024
[2026.06.09-00.35.39:740][538]LogAudioMixer: Display: 	Callback Buffer Frame Size To Use:	  1024
[2026.06.09-00.35.39:740][538]LogAudioMixer: Display: 	Number of buffers to queue:			  2
[2026.06.09-00.35.39:740][538]LogAudioMixer: Display: 	Max Channels (voices):				  32
[2026.06.09-00.35.39:740][538]LogAudioMixer: Display: 	Number of Async Source Workers:		  0
[2026.06.09-00.35.39:740][538]LogAudio: Display: AudioDevice MaxSources: 32
[2026.06.09-00.35.39:741][538]LogAudio: Display: Audio Spatialization Plugin: None (built-in).
[2026.06.09-00.35.39:741][538]LogAudio: Display: Audio Reverb Plugin: None (built-in).
[2026.06.09-00.35.39:741][538]LogAudio: Display: Audio Occlusion Plugin: None (built-in).
[2026.06.09-00.35.39:741][538]LogAudioMixer: Display: Initializing audio mixer.
[2026.06.09-00.35.39:749][538]LogAudioMixer: Display: 0: FrontLeft
[2026.06.09-00.35.39:749][538]LogAudioMixer: Display: 1: FrontRight
[2026.06.09-00.35.39:767][538]LogAudioMixer: Display: Using Audio Device 2270W (NVIDIA High Definition Audio)
[2026.06.09-00.35.39:768][538]LogAudioMixer: Display: Initializing Sound Submixes...
[2026.06.09-00.35.39:768][538]LogAudioMixer: Display: Creating Master Submix 'MasterSubmixDefault'
[2026.06.09-00.35.39:768][538]LogAudioMixer: Display: Creating Master Submix 'MasterReverbSubmixDefault'
[2026.06.09-00.35.39:768][538]LogAudioMixer: Display: Creating Master Submix 'MasterEQSubmixDefault'
[2026.06.09-00.35.39:768][538]LogAudioMixer: FMixerPlatformXAudio2::StartAudioStream() called
[2026.06.09-00.35.39:768][538]LogAudioMixer: Display: Output buffers initialized: Frames=1024, Channels=2, Samples=2048
[2026.06.09-00.35.39:770][538]LogAudioMixer: Display: Starting AudioMixerPlatformInterface::RunInternal()
[2026.06.09-00.35.39:770][538]LogAudioMixer: Display: FMixerPlatformXAudio2::SubmitBuffer() called for the first time
[2026.06.09-00.35.39:770][538]LogInit: FAudioDevice initialized.
[2026.06.09-00.35.39:770][538]LogAudio: Display: Audio Device (ID: 4) registered with world 'model'.
[2026.06.09-00.35.39:830][538]LogSlate: Updating window title bar state: overlay mode, drag disabled, window buttons hidden, title bar hidden
[2026.06.09-00.35.39:831][538]LogLoad: Game class is 'GameModeBase'
[2026.06.09-00.35.39:839][538]LogWorld: Bringing World /Game/HotelRoom/Map/UEDPIE_0_model.model up for play (max tick rate 0) at 2026.06.09-08.35.39
[2026.06.09-00.35.39:839][538]LogWorld: Bringing up level for play took: 0.007757
[2026.06.09-00.35.39:840][538]LogOnline: OSS: Creating online subsystem instance for: :Context_4
[2026.06.09-00.35.39:845][538]PIE: 登陆的服务器
[2026.06.09-00.35.39:847][538]PIE: PIE总开始时间：0.135秒。
[2026.06.09-00.35.45:203][129]LogSlate: Updating window title bar state: overlay mode, drag disabled, window buttons hidden, title bar hidden
[2026.06.09-00.35.45:203][129]LogWorld: BeginTearingDown for /Game/HotelRoom/Map/UEDPIE_0_model
[2026.06.09-00.35.45:204][129]LogSlate: Window 'HotelRoom预览[NetMode: Standalone]  (64-bit/Windows) ' being destroyed
[2026.06.09-00.35.45:221][129]LogWorld: UWorld::CleanupWorld for model, bSessionEnded=true, bCleanupResources=true
[2026.06.09-00.35.45:222][129]LogSlate: InvalidateAllWidgets triggered.  All widgets were invalidated
[2026.06.09-00.35.45:238][129]LogPlayLevel: Display: Shutting down PIE online subsystems
[2026.06.09-00.35.45:256][129]LogSlate: InvalidateAllWidgets triggered.  All widgets were invalidated
[2026.06.09-00.35.45:263][129]LogAudioMixer: FMixerPlatformXAudio2::StopAudioStream() called
[2026.06.09-00.35.45:264][129]LogAudioMixer: FMixerPlatformXAudio2::StopAudioStream() called
[2026.06.09-00.35.45:270][129]LogUObjectHash: Compacting FUObjectHashTables data took   1.47ms
[2026.06.09-00.35.45:319][130]LogPlayLevel: Display: Destroying online subsystem :Context_4
[2026.06.09-00.35.46:554][266]LogEditorViewport: Clicking on Actor (LMB): StaticMeshActor (SM_Pendantlamp_01)
[2026.06.09-00.35.48:834][523]LogAssetEditorSubsystem: Opening Asset editor for StaticMesh /Game/HotelRoom/Mesh/SM_Pendantlamp_01.SM_Pendantlamp_01
[2026.06.09-00.35.49:113][523]LogTexture: Default maximum texture size for cubemaps generated from long-lat sources has been changed from 512 to unlimited. In order to preserve old behaiour for '/Engine/MapTemplates/Sky/SunsetAmbientCubemap.SunsetAmbientCubemap', its maximum texture size has been explicitly set to 512.
[2026.06.09-00.36.29:054][178]Cmd: OBJ SAVEPACKAGE PACKAGE="/Game/HotelRoom/Mesh/SM_Pendantlamp_01" FILE="../../../../../../Users/Administrator/Downloads/process/ZJJD-Vol1/Content/HotelRoom/Mesh/SM_Pendantlamp_01.uasset" SILENT=true
[2026.06.09-00.36.29:072][178]LogSavePackage: Moving '../../../../../../Users/Administrator/Downloads/process/ZJJD-Vol1/Saved/SM_Pendantlamp_01FD91D8A24C03F14A99F18ABEAC5319F2.tmp' to '../../../../../../Users/Administrator/Downloads/process/ZJJD-Vol1/Content/HotelRoom/Mesh/SM_Pendantlamp_01.uasset'
[2026.06.09-00.36.29:095][178]AssetCheck: New page: 资产保存：SM_Pendantlamp_01
[2026.06.09-00.36.29:095][178]LogContentValidation: Display: 正在验证StaticMesh /Game/HotelRoom/Mesh/SM_Pendantlamp_01.SM_Pendantlamp_01
[2026.06.09-00.36.34:828][622]LogTemp: Repeating last play command: 新建编辑器窗口（编辑器中运行）
[2026.06.09-00.36.34:837][622]LogPlayLevel: PlayLevel: No blueprints needed recompiling
[2026.06.09-00.36.34:838][622]PIE: New page: PIE会话：model（2026年6月9日 下午4:36:34）
[2026.06.09-00.36.34:838][622]LogPlayLevel: Creating play world package: /Game/HotelRoom/Map/UEDPIE_0_model
[2026.06.09-00.36.34:851][622]LogPlayLevel: PIE: StaticDuplicateObject took: (0.013438s)
[2026.06.09-00.36.34:855][622]LogAIModule: Creating AISystem for world model
[2026.06.09-00.36.34:855][622]LogPlayLevel: PIE: World Init took: (0.003952s)
[2026.06.09-00.36.34:855][622]LogPlayLevel: PIE: Created PIE world by copying editor world from /Game/HotelRoom/Map/model.model to /Game/HotelRoom/Map/UEDPIE_0_model.model (0.017584s)
[2026.06.09-00.36.34:865][622]LogUObjectHash: Compacting FUObjectHashTables data took   1.29ms
[2026.06.09-00.36.34:876][622]LogAudio: Display: Creating Audio Device:                 Id: 5, Scope: Unique, Realtime: True
[2026.06.09-00.36.34:876][622]LogAudioMixer: Display: Audio Mixer Platform Settings:
[2026.06.09-00.36.34:876][622]LogAudioMixer: Display: 	Sample Rate:						  48000
[2026.06.09-00.36.34:876][622]LogAudioMixer: Display: 	Callback Buffer Frame Size Requested: 1024
[2026.06.09-00.36.34:876][622]LogAudioMixer: Display: 	Callback Buffer Frame Size To Use:	  1024
[2026.06.09-00.36.34:876][622]LogAudioMixer: Display: 	Number of buffers to queue:			  2
[2026.06.09-00.36.34:876][622]LogAudioMixer: Display: 	Max Channels (voices):				  32
[2026.06.09-00.36.34:876][622]LogAudioMixer: Display: 	Number of Async Source Workers:		  0
[2026.06.09-00.36.34:876][622]LogAudio: Display: AudioDevice MaxSources: 32
[2026.06.09-00.36.34:877][622]LogAudio: Display: Audio Spatialization Plugin: None (built-in).
[2026.06.09-00.36.34:877][622]LogAudio: Display: Audio Reverb Plugin: None (built-in).
[2026.06.09-00.36.34:877][622]LogAudio: Display: Audio Occlusion Plugin: None (built-in).
[2026.06.09-00.36.34:877][622]LogAudioMixer: Display: Initializing audio mixer.
[2026.06.09-00.36.34:888][622]LogAudioMixer: Display: 0: FrontLeft
[2026.06.09-00.36.34:888][622]LogAudioMixer: Display: 1: FrontRight
[2026.06.09-00.36.34:905][622]LogAudioMixer: Display: Using Audio Device 2270W (NVIDIA High Definition Audio)
[2026.06.09-00.36.34:906][622]LogAudioMixer: Display: Initializing Sound Submixes...
[2026.06.09-00.36.34:906][622]LogAudioMixer: Display: Creating Master Submix 'MasterSubmixDefault'
[2026.06.09-00.36.34:906][622]LogAudioMixer: Display: Creating Master Submix 'MasterReverbSubmixDefault'
[2026.06.09-00.36.34:906][622]LogAudioMixer: Display: Creating Master Submix 'MasterEQSubmixDefault'
[2026.06.09-00.36.34:906][622]LogAudioMixer: FMixerPlatformXAudio2::StartAudioStream() called
[2026.06.09-00.36.34:906][622]LogAudioMixer: Display: Output buffers initialized: Frames=1024, Channels=2, Samples=2048
[2026.06.09-00.36.34:908][622]LogAudioMixer: Display: Starting AudioMixerPlatformInterface::RunInternal()
[2026.06.09-00.36.34:908][622]LogAudioMixer: Display: FMixerPlatformXAudio2::SubmitBuffer() called for the first time
[2026.06.09-00.36.34:908][622]LogInit: FAudioDevice initialized.
[2026.06.09-00.36.34:908][622]LogAudio: Display: Audio Device (ID: 5) registered with world 'model'.
[2026.06.09-00.36.34:969][622]LogSlate: Updating window title bar state: overlay mode, drag disabled, window buttons hidden, title bar hidden
[2026.06.09-00.36.34:970][622]LogLoad: Game class is 'GameModeBase'
[2026.06.09-00.36.34:977][622]LogWorld: Bringing World /Game/HotelRoom/Map/UEDPIE_0_model.model up for play (max tick rate 0) at 2026.06.09-08.36.34
[2026.06.09-00.36.34:977][622]LogWorld: Bringing up level for play took: 0.006589
[2026.06.09-00.36.34:977][622]LogOnline: OSS: Creating online subsystem instance for: :Context_7
[2026.06.09-00.36.34:984][622]PIE: 登陆的服务器
[2026.06.09-00.36.34:986][622]PIE: PIE总开始时间：0.153秒。
[2026.06.09-00.36.40:964][271]LogSlate: Updating window title bar state: overlay mode, drag disabled, window buttons hidden, title bar hidden
[2026.06.09-00.36.40:964][271]LogWorld: BeginTearingDown for /Game/HotelRoom/Map/UEDPIE_0_model
[2026.06.09-00.36.40:964][271]LogSlate: Window 'HotelRoom预览[NetMode: Standalone]  (64-bit/Windows) ' being destroyed
[2026.06.09-00.36.40:974][271]LogWorld: UWorld::CleanupWorld for model, bSessionEnded=true, bCleanupResources=true
[2026.06.09-00.36.40:976][271]LogSlate: InvalidateAllWidgets triggered.  All widgets were invalidated
[2026.06.09-00.36.40:990][271]LogPlayLevel: Display: Shutting down PIE online subsystems
[2026.06.09-00.36.41:008][271]LogSlate: InvalidateAllWidgets triggered.  All widgets were invalidated
[2026.06.09-00.36.41:016][271]LogAudio: Display: Audio Device unregistered from world 'None'.
[2026.06.09-00.36.41:016][271]LogAudioMixer: FMixerPlatformXAudio2::StopAudioStream() called
[2026.06.09-00.36.41:018][271]LogAudioMixer: FMixerPlatformXAudio2::StopAudioStream() called
[2026.06.09-00.36.41:024][271]LogUObjectHash: Compacting FUObjectHashTables data took   1.50ms
[2026.06.09-00.36.41:060][272]LogPlayLevel: Display: Destroying online subsystem :Context_7
[2026.06.09-00.36.57:776][516]Cmd: OBJ SAVEPACKAGE PACKAGE="/Game/HotelRoom/Mesh/SM_Pendantlamp_01" FILE="../../../../../../Users/Administrator/Downloads/process/ZJJD-Vol1/Content/HotelRoom/Mesh/SM_Pendantlamp_01.uasset" SILENT=true
[2026.06.09-00.36.57:788][516]LogSavePackage: Moving '../../../../../../Users/Administrator/Downloads/process/ZJJD-Vol1/Saved/SM_Pendantlamp_0126092B4E4A55A169D75F47A5DCAD4D6B.tmp' to '../../../../../../Users/Administrator/Downloads/process/ZJJD-Vol1/Content/HotelRoom/Mesh/SM_Pendantlamp_01.uasset'
[2026.06.09-00.36.57:803][516]AssetCheck: New page: 资产保存：SM_Pendantlamp_01
[2026.06.09-00.36.57:803][516]LogContentValidation: Display: 正在验证StaticMesh /Game/HotelRoom/Mesh/SM_Pendantlamp_01.SM_Pendantlamp_01
[2026.06.09-00.37.01:479][819]LogTemp: Repeating last play command: 新建编辑器窗口（编辑器中运行）
[2026.06.09-00.37.01:485][819]LogPlayLevel: PlayLevel: No blueprints needed recompiling
[2026.06.09-00.37.01:485][819]PIE: New page: PIE会话：model（2026年6月9日 下午4:37:01）
[2026.06.09-00.37.01:485][819]LogPlayLevel: Creating play world package: /Game/HotelRoom/Map/UEDPIE_0_model
[2026.06.09-00.37.01:499][819]LogPlayLevel: PIE: StaticDuplicateObject took: (0.014139s)
[2026.06.09-00.37.01:500][819]LogAIModule: Creating AISystem for world model
[2026.06.09-00.37.01:500][819]LogPlayLevel: PIE: World Init took: (0.001064s)
[2026.06.09-00.37.01:500][819]LogPlayLevel: PIE: Created PIE world by copying editor world from /Game/HotelRoom/Map/model.model to /Game/HotelRoom/Map/UEDPIE_0_model.model (0.015348s)
[2026.06.09-00.37.01:508][819]LogUObjectHash: Compacting FUObjectHashTables data took   0.92ms
[2026.06.09-00.37.01:510][819]LogAudio: Display: Creating Audio Device:                 Id: 6, Scope: Unique, Realtime: True
[2026.06.09-00.37.01:510][819]LogAudioMixer: Display: Audio Mixer Platform Settings:
[2026.06.09-00.37.01:510][819]LogAudioMixer: Display: 	Sample Rate:						  48000
[2026.06.09-00.37.01:510][819]LogAudioMixer: Display: 	Callback Buffer Frame Size Requested: 1024
[2026.06.09-00.37.01:510][819]LogAudioMixer: Display: 	Callback Buffer Frame Size To Use:	  1024
[2026.06.09-00.37.01:510][819]LogAudioMixer: Display: 	Number of buffers to queue:			  2
[2026.06.09-00.37.01:510][819]LogAudioMixer: Display: 	Max Channels (voices):				  32
[2026.06.09-00.37.01:510][819]LogAudioMixer: Display: 	Number of Async Source Workers:		  0
[2026.06.09-00.37.01:510][819]LogAudio: Display: AudioDevice MaxSources: 32
[2026.06.09-00.37.01:512][819]LogAudio: Display: Audio Spatialization Plugin: None (built-in).
[2026.06.09-00.37.01:512][819]LogAudio: Display: Audio Reverb Plugin: None (built-in).
[2026.06.09-00.37.01:512][819]LogAudio: Display: Audio Occlusion Plugin: None (built-in).
[2026.06.09-00.37.01:512][819]LogAudioMixer: Display: Initializing audio mixer.
[2026.06.09-00.37.01:521][819]LogAudioMixer: Display: 0: FrontLeft
[2026.06.09-00.37.01:521][819]LogAudioMixer: Display: 1: FrontRight
[2026.06.09-00.37.01:537][819]LogAudioMixer: Display: Using Audio Device 2270W (NVIDIA High Definition Audio)
[2026.06.09-00.37.01:537][819]LogAudioMixer: Display: Initializing Sound Submixes...
[2026.06.09-00.37.01:537][819]LogAudioMixer: Display: Creating Master Submix 'MasterSubmixDefault'
[2026.06.09-00.37.01:537][819]LogAudioMixer: Display: Creating Master Submix 'MasterReverbSubmixDefault'
[2026.06.09-00.37.01:538][819]LogAudioMixer: Display: Creating Master Submix 'MasterEQSubmixDefault'
[2026.06.09-00.37.01:538][819]LogAudioMixer: FMixerPlatformXAudio2::StartAudioStream() called
[2026.06.09-00.37.01:538][819]LogAudioMixer: Display: Output buffers initialized: Frames=1024, Channels=2, Samples=2048
[2026.06.09-00.37.01:540][819]LogAudioMixer: Display: Starting AudioMixerPlatformInterface::RunInternal()
[2026.06.09-00.37.01:540][819]LogAudioMixer: Display: FMixerPlatformXAudio2::SubmitBuffer() called for the first time
[2026.06.09-00.37.01:540][819]LogInit: FAudioDevice initialized.
[2026.06.09-00.37.01:540][819]LogAudio: Display: Audio Device (ID: 6) registered with world 'model'.
[2026.06.09-00.37.01:601][819]LogSlate: Updating window title bar state: overlay mode, drag disabled, window buttons hidden, title bar hidden
[2026.06.09-00.37.01:602][819]LogLoad: Game class is 'GameModeBase'
[2026.06.09-00.37.01:609][819]LogWorld: Bringing World /Game/HotelRoom/Map/UEDPIE_0_model.model up for play (max tick rate 0) at 2026.06.09-08.37.01
[2026.06.09-00.37.01:609][819]LogWorld: Bringing up level for play took: 0.005931
[2026.06.09-00.37.01:609][819]LogOnline: OSS: Creating online subsystem instance for: :Context_8
[2026.06.09-00.37.01:616][819]PIE: 登陆的服务器
[2026.06.09-00.37.01:618][819]PIE: PIE总开始时间：0.135秒。
[2026.06.09-00.37.10:544][793]LogSlate: Updating window title bar state: overlay mode, drag disabled, window buttons hidden, title bar hidden
[2026.06.09-00.37.10:544][793]LogWorld: BeginTearingDown for /Game/HotelRoom/Map/UEDPIE_0_model
[2026.06.09-00.37.10:545][793]LogSlate: Window 'HotelRoom预览[NetMode: Standalone]  (64-bit/Windows) ' being destroyed
[2026.06.09-00.37.10:553][793]LogWorld: UWorld::CleanupWorld for model, bSessionEnded=true, bCleanupResources=true
[2026.06.09-00.37.10:554][793]LogSlate: InvalidateAllWidgets triggered.  All widgets were invalidated
[2026.06.09-00.37.10:565][793]LogPlayLevel: Display: Shutting down PIE online subsystems
[2026.06.09-00.37.10:582][793]LogSlate: InvalidateAllWidgets triggered.  All widgets were invalidated
[2026.06.09-00.37.10:591][793]LogAudioMixer: FMixerPlatformXAudio2::StopAudioStream() called
[2026.06.09-00.37.10:593][793]LogAudioMixer: FMixerPlatformXAudio2::StopAudioStream() called
[2026.06.09-00.37.10:599][793]LogUObjectHash: Compacting FUObjectHashTables data took   1.03ms
[2026.06.09-00.37.10:637][794]LogPlayLevel: Display: Destroying online subsystem :Context_8
[2026.06.09-00.37.18:185][205]LogAssetEditorSubsystem: Opening Asset editor for MaterialInstanceConstant /Game/Computer/Material/MI_Glass_Area.MI_Glass_Area
[2026.06.09-00.37.36:192][534]Cmd: OBJ SAVEPACKAGE PACKAGE="/Game/Computer/Material/MI_Glass_Area" FILE="../../../../../../Users/Administrator/Downloads/process/ZJJD-Vol1/Content/Computer/Material/MI_Glass_Area.uasset" SILENT=true
[2026.06.09-00.37.36:202][534]LogUObjectHash: Compacting FUObjectHashTables data took   1.10ms
[2026.06.09-00.37.36:216][534]LogUObjectHash: Compacting FUObjectHashTables data took   0.68ms
[2026.06.09-00.37.36:226][534]LogSavePackage: Moving '../../../../../../Users/Administrator/Downloads/process/ZJJD-Vol1/Saved/MI_Glass_Area1401C1B64E1668C5C8942EAE2FC4ED96.tmp' to '../../../../../../Users/Administrator/Downloads/process/ZJJD-Vol1/Content/Computer/Material/MI_Glass_Area.uasset'
[2026.06.09-00.37.36:248][534]AssetCheck: New page: 资产保存：MI_Glass_Area
[2026.06.09-00.37.36:248][534]LogContentValidation: Display: 正在验证MaterialInstanceConstant /Game/Computer/Material/MI_Glass_Area.MI_Glass_Area
[2026.06.09-00.37.41:822][846]LogTemp: Repeating last play command: 新建编辑器窗口（编辑器中运行）
[2026.06.09-00.37.41:830][846]LogPlayLevel: PlayLevel: No blueprints needed recompiling
[2026.06.09-00.37.41:830][846]PIE: New page: PIE会话：model（2026年6月9日 下午4:37:41）
[2026.06.09-00.37.41:830][846]LogPlayLevel: Creating play world package: /Game/HotelRoom/Map/UEDPIE_0_model
[2026.06.09-00.37.41:844][846]LogPlayLevel: PIE: StaticDuplicateObject took: (0.013929s)
[2026.06.09-00.37.41:845][846]LogAIModule: Creating AISystem for world model
[2026.06.09-00.37.41:845][846]LogPlayLevel: PIE: World Init took: (0.001108s)
[2026.06.09-00.37.41:845][846]LogPlayLevel: PIE: Created PIE world by copying editor world from /Game/HotelRoom/Map/model.model to /Game/HotelRoom/Map/UEDPIE_0_model.model (0.015191s)
[2026.06.09-00.37.41:853][846]LogUObjectHash: Compacting FUObjectHashTables data took   1.07ms
[2026.06.09-00.37.41:855][846]LogAudio: Display: Creating Audio Device:                 Id: 7, Scope: Unique, Realtime: True
[2026.06.09-00.37.41:855][846]LogAudioMixer: Display: Audio Mixer Platform Settings:
[2026.06.09-00.37.41:855][846]LogAudioMixer: Display: 	Sample Rate:						  48000
[2026.06.09-00.37.41:855][846]LogAudioMixer: Display: 	Callback Buffer Frame Size Requested: 1024
[2026.06.09-00.37.41:855][846]LogAudioMixer: Display: 	Callback Buffer Frame Size To Use:	  1024
[2026.06.09-00.37.41:855][846]LogAudioMixer: Display: 	Number of buffers to queue:			  2
[2026.06.09-00.37.41:855][846]LogAudioMixer: Display: 	Max Channels (voices):				  32
[2026.06.09-00.37.41:855][846]LogAudioMixer: Display: 	Number of Async Source Workers:		  0
[2026.06.09-00.37.41:855][846]LogAudio: Display: AudioDevice MaxSources: 32
[2026.06.09-00.37.41:856][846]LogAudio: Display: Audio Spatialization Plugin: None (built-in).
[2026.06.09-00.37.41:856][846]LogAudio: Display: Audio Reverb Plugin: None (built-in).
[2026.06.09-00.37.41:856][846]LogAudio: Display: Audio Occlusion Plugin: None (built-in).
[2026.06.09-00.37.41:856][846]LogAudioMixer: Display: Initializing audio mixer.
[2026.06.09-00.37.41:864][846]LogAudioMixer: Display: 0: FrontLeft
[2026.06.09-00.37.41:864][846]LogAudioMixer: Display: 1: FrontRight
[2026.06.09-00.37.41:881][846]LogAudioMixer: Display: Using Audio Device 2270W (NVIDIA High Definition Audio)
[2026.06.09-00.37.41:881][846]LogAudioMixer: Display: Initializing Sound Submixes...
[2026.06.09-00.37.41:881][846]LogAudioMixer: Display: Creating Master Submix 'MasterSubmixDefault'
[2026.06.09-00.37.41:881][846]LogAudioMixer: Display: Creating Master Submix 'MasterReverbSubmixDefault'
[2026.06.09-00.37.41:882][846]LogAudioMixer: Display: Creating Master Submix 'MasterEQSubmixDefault'
[2026.06.09-00.37.41:882][846]LogAudioMixer: FMixerPlatformXAudio2::StartAudioStream() called
[2026.06.09-00.37.41:882][846]LogAudioMixer: Display: Output buffers initialized: Frames=1024, Channels=2, Samples=2048
[2026.06.09-00.37.41:884][846]LogAudioMixer: Display: Starting AudioMixerPlatformInterface::RunInternal()
[2026.06.09-00.37.41:884][846]LogAudioMixer: Display: FMixerPlatformXAudio2::SubmitBuffer() called for the first time
[2026.06.09-00.37.41:884][846]LogInit: FAudioDevice initialized.
[2026.06.09-00.37.41:884][846]LogAudio: Display: Audio Device (ID: 7) registered with world 'model'.
[2026.06.09-00.37.41:945][846]LogSlate: Updating window title bar state: overlay mode, drag disabled, window buttons hidden, title bar hidden
[2026.06.09-00.37.41:946][846]LogLoad: Game class is 'GameModeBase'
[2026.06.09-00.37.41:953][846]LogWorld: Bringing World /Game/HotelRoom/Map/UEDPIE_0_model.model up for play (max tick rate 0) at 2026.06.09-08.37.41
[2026.06.09-00.37.41:954][846]LogWorld: Bringing up level for play took: 0.007470
[2026.06.09-00.37.41:954][846]LogOnline: OSS: Creating online subsystem instance for: :Context_10
[2026.06.09-00.37.41:960][846]PIE: 登陆的服务器
[2026.06.09-00.37.41:962][846]PIE: PIE总开始时间：0.134秒。
[2026.06.09-00.37.46:904][233]LogSlate: Updating window title bar state: overlay mode, drag disabled, window buttons hidden, title bar hidden
[2026.06.09-00.37.46:904][233]LogWorld: BeginTearingDown for /Game/HotelRoom/Map/UEDPIE_0_model
[2026.06.09-00.37.46:904][233]LogSlate: Window 'HotelRoom预览[NetMode: Standalone]  (64-bit/Windows) ' being destroyed
[2026.06.09-00.37.46:913][233]LogWorld: UWorld::CleanupWorld for model, bSessionEnded=true, bCleanupResources=true
[2026.06.09-00.37.46:915][233]LogSlate: InvalidateAllWidgets triggered.  All widgets were invalidated
[2026.06.09-00.37.46:925][233]LogPlayLevel: Display: Shutting down PIE online subsystems
[2026.06.09-00.37.46:942][233]LogSlate: InvalidateAllWidgets triggered.  All widgets were invalidated
[2026.06.09-00.37.46:950][233]LogAudioMixer: FMixerPlatformXAudio2::StopAudioStream() called
[2026.06.09-00.37.46:952][233]LogAudioMixer: FMixerPlatformXAudio2::StopAudioStream() called
[2026.06.09-00.37.46:959][233]LogUObjectHash: Compacting FUObjectHashTables data took   1.60ms
[2026.06.09-00.37.46:997][234]LogPlayLevel: Display: Destroying online subsystem :Context_10
[2026.06.09-00.37.57:505][889]Cmd: OBJ SAVEPACKAGE PACKAGE="/Game/Computer/Material/MI_Glass_Area" FILE="../../../../../../Users/Administrator/Downloads/process/ZJJD-Vol1/Content/Computer/Material/MI_Glass_Area.uasset" SILENT=true
[2026.06.09-00.37.57:512][889]LogUObjectHash: Compacting FUObjectHashTables data took   0.94ms
[2026.06.09-00.37.57:523][889]LogUObjectHash: Compacting FUObjectHashTables data took   0.32ms
[2026.06.09-00.37.57:530][889]LogSavePackage: Moving '../../../../../../Users/Administrator/Downloads/process/ZJJD-Vol1/Saved/MI_Glass_AreaCEE05D0147E8AB3D24224493DECA672E.tmp' to '../../../../../../Users/Administrator/Downloads/process/ZJJD-Vol1/Content/Computer/Material/MI_Glass_Area.uasset'
[2026.06.09-00.37.57:552][889]AssetCheck: New page: 资产保存：MI_Glass_Area
[2026.06.09-00.37.57:552][889]LogContentValidation: Display: 正在验证MaterialInstanceConstant /Game/Computer/Material/MI_Glass_Area.MI_Glass_Area
[2026.06.09-00.37.58:537][951]LogTemp: Repeating last play command: 新建编辑器窗口（编辑器中运行）
[2026.06.09-00.37.58:544][951]LogPlayLevel: PlayLevel: No blueprints needed recompiling
[2026.06.09-00.37.58:544][951]PIE: New page: PIE会话：model（2026年6月9日 下午4:37:58）
[2026.06.09-00.37.58:544][951]LogPlayLevel: Creating play world package: /Game/HotelRoom/Map/UEDPIE_0_model
[2026.06.09-00.37.58:556][951]LogPlayLevel: PIE: StaticDuplicateObject took: (0.011597s)
[2026.06.09-00.37.58:557][951]LogAIModule: Creating AISystem for world model
[2026.06.09-00.37.58:557][951]LogPlayLevel: PIE: World Init took: (0.001154s)
[2026.06.09-00.37.58:557][951]LogPlayLevel: PIE: Created PIE world by copying editor world from /Game/HotelRoom/Map/model.model to /Game/HotelRoom/Map/UEDPIE_0_model.model (0.012919s)
[2026.06.09-00.37.58:567][951]LogUObjectHash: Compacting FUObjectHashTables data took   1.10ms
[2026.06.09-00.37.58:567][951]LogAudio: Display: Creating Audio Device:                 Id: 8, Scope: Unique, Realtime: True
[2026.06.09-00.37.58:567][951]LogAudioMixer: Display: Audio Mixer Platform Settings:
[2026.06.09-00.37.58:567][951]LogAudioMixer: Display: 	Sample Rate:						  48000
[2026.06.09-00.37.58:567][951]LogAudioMixer: Display: 	Callback Buffer Frame Size Requested: 1024
[2026.06.09-00.37.58:567][951]LogAudioMixer: Display: 	Callback Buffer Frame Size To Use:	  1024
[2026.06.09-00.37.58:567][951]LogAudioMixer: Display: 	Number of buffers to queue:			  2
[2026.06.09-00.37.58:567][951]LogAudioMixer: Display: 	Max Channels (voices):				  32
[2026.06.09-00.37.58:567][951]LogAudioMixer: Display: 	Number of Async Source Workers:		  0
[2026.06.09-00.37.58:567][951]LogAudio: Display: AudioDevice MaxSources: 32
[2026.06.09-00.37.58:568][951]LogAudio: Display: Audio Spatialization Plugin: None (built-in).
[2026.06.09-00.37.58:568][951]LogAudio: Display: Audio Reverb Plugin: None (built-in).
[2026.06.09-00.37.58:568][951]LogAudio: Display: Audio Occlusion Plugin: None (built-in).
[2026.06.09-00.37.58:568][951]LogAudioMixer: Display: Initializing audio mixer.
[2026.06.09-00.37.58:578][951]LogAudioMixer: Display: 0: FrontLeft
[2026.06.09-00.37.58:578][951]LogAudioMixer: Display: 1: FrontRight
[2026.06.09-00.37.58:595][951]LogAudioMixer: Display: Using Audio Device 2270W (NVIDIA High Definition Audio)
[2026.06.09-00.37.58:595][951]LogAudioMixer: Display: Initializing Sound Submixes...
[2026.06.09-00.37.58:595][951]LogAudioMixer: Display: Creating Master Submix 'MasterSubmixDefault'
[2026.06.09-00.37.58:595][951]LogAudioMixer: Display: Creating Master Submix 'MasterReverbSubmixDefault'
[2026.06.09-00.37.58:596][951]LogAudioMixer: Display: Creating Master Submix 'MasterEQSubmixDefault'
[2026.06.09-00.37.58:596][951]LogAudioMixer: FMixerPlatformXAudio2::StartAudioStream() called
[2026.06.09-00.37.58:596][951]LogAudioMixer: Display: Output buffers initialized: Frames=1024, Channels=2, Samples=2048
[2026.06.09-00.37.58:597][951]LogAudioMixer: Display: Starting AudioMixerPlatformInterface::RunInternal()
[2026.06.09-00.37.58:597][951]LogAudioMixer: Display: FMixerPlatformXAudio2::SubmitBuffer() called for the first time
[2026.06.09-00.37.58:597][951]LogInit: FAudioDevice initialized.
[2026.06.09-00.37.58:597][951]LogAudio: Display: Audio Device (ID: 8) registered with world 'model'.
[2026.06.09-00.37.58:659][951]LogSlate: Updating window title bar state: overlay mode, drag disabled, window buttons hidden, title bar hidden
[2026.06.09-00.37.58:660][951]LogLoad: Game class is 'GameModeBase'
[2026.06.09-00.37.58:667][951]LogWorld: Bringing World /Game/HotelRoom/Map/UEDPIE_0_model.model up for play (max tick rate 0) at 2026.06.09-08.37.58
[2026.06.09-00.37.58:668][951]LogWorld: Bringing up level for play took: 0.005686
[2026.06.09-00.37.58:668][951]LogOnline: OSS: Creating online subsystem instance for: :Context_11
[2026.06.09-00.37.58:678][951]PIE: 登陆的服务器
[2026.06.09-00.37.58:681][951]PIE: PIE总开始时间：0.139秒。
[2026.06.09-00.38.02:974][287]LogSlate: Updating window title bar state: overlay mode, drag disabled, window buttons hidden, title bar hidden
[2026.06.09-00.38.02:975][287]LogWorld: BeginTearingDown for /Game/HotelRoom/Map/UEDPIE_0_model
[2026.06.09-00.38.02:975][287]LogSlate: Window 'HotelRoom预览[NetMode: Standalone]  (64-bit/Windows) ' being destroyed
[2026.06.09-00.38.02:988][287]LogWorld: UWorld::CleanupWorld for model, bSessionEnded=true, bCleanupResources=true
[2026.06.09-00.38.02:989][287]LogSlate: InvalidateAllWidgets triggered.  All widgets were invalidated
[2026.06.09-00.38.03:004][287]LogPlayLevel: Display: Shutting down PIE online subsystems
[2026.06.09-00.38.03:022][287]LogSlate: InvalidateAllWidgets triggered.  All widgets were invalidated
[2026.06.09-00.38.03:033][287]LogAudio: Display: Audio Device unregistered from world 'None'.
[2026.06.09-00.38.03:033][287]LogAudioMixer: FMixerPlatformXAudio2::StopAudioStream() called
[2026.06.09-00.38.03:035][287]LogAudioMixer: FMixerPlatformXAudio2::StopAudioStream() called
[2026.06.09-00.38.03:042][287]LogUObjectHash: Compacting FUObjectHashTables data took   1.16ms
[2026.06.09-00.38.03:079][288]LogPlayLevel: Display: Destroying online subsystem :Context_11
[2026.06.09-00.38.19:333][495]Cmd: OBJ SAVEPACKAGE PACKAGE="/Game/Computer/Material/MI_Glass_Area" FILE="../../../../../../Users/Administrator/Downloads/process/ZJJD-Vol1/Content/Computer/Material/MI_Glass_Area.uasset" SILENT=true
[2026.06.09-00.38.19:341][495]LogUObjectHash: Compacting FUObjectHashTables data took   1.11ms
[2026.06.09-00.38.19:353][495]LogUObjectHash: Compacting FUObjectHashTables data took   0.57ms
[2026.06.09-00.38.19:360][495]LogSavePackage: Moving '../../../../../../Users/Administrator/Downloads/process/ZJJD-Vol1/Saved/MI_Glass_AreaF1CDE82C4BAAFF2D2490E1B817B71294.tmp' to '../../../../../../Users/Administrator/Downloads/process/ZJJD-Vol1/Content/Computer/Material/MI_Glass_Area.uasset'
[2026.06.09-00.38.19:373][495]AssetCheck: New page: 资产保存：MI_Glass_Area
[2026.06.09-00.38.19:373][495]LogContentValidation: Display: 正在验证MaterialInstanceConstant /Game/Computer/Material/MI_Glass_Area.MI_Glass_Area
[2026.06.09-00.38.20:454][555]LogTemp: Repeating last play command: 新建编辑器窗口（编辑器中运行）
[2026.06.09-00.38.20:465][555]LogPlayLevel: PlayLevel: No blueprints needed recompiling
[2026.06.09-00.38.20:465][555]PIE: New page: PIE会话：model（2026年6月9日 下午4:38:20）
[2026.06.09-00.38.20:465][555]LogPlayLevel: Creating play world package: /Game/HotelRoom/Map/UEDPIE_0_model
[2026.06.09-00.38.20:476][555]LogPlayLevel: PIE: StaticDuplicateObject took: (0.010714s)
[2026.06.09-00.38.20:477][555]LogAIModule: Creating AISystem for world model
[2026.06.09-00.38.20:477][555]LogPlayLevel: PIE: World Init took: (0.001424s)
[2026.06.09-00.38.20:477][555]LogPlayLevel: PIE: Created PIE world by copying editor world from /Game/HotelRoom/Map/model.model to /Game/HotelRoom/Map/UEDPIE_0_model.model (0.012307s)
[2026.06.09-00.38.20:486][555]LogUObjectHash: Compacting FUObjectHashTables data took   0.99ms
[2026.06.09-00.38.20:487][555]LogAudio: Display: Creating Audio Device:                 Id: 9, Scope: Unique, Realtime: True
[2026.06.09-00.38.20:487][555]LogAudioMixer: Display: Audio Mixer Platform Settings:
[2026.06.09-00.38.20:487][555]LogAudioMixer: Display: 	Sample Rate:						  48000
[2026.06.09-00.38.20:487][555]LogAudioMixer: Display: 	Callback Buffer Frame Size Requested: 1024
[2026.06.09-00.38.20:487][555]LogAudioMixer: Display: 	Callback Buffer Frame Size To Use:	  1024
[2026.06.09-00.38.20:487][555]LogAudioMixer: Display: 	Number of buffers to queue:			  2
[2026.06.09-00.38.20:487][555]LogAudioMixer: Display: 	Max Channels (voices):				  32
[2026.06.09-00.38.20:487][555]LogAudioMixer: Display: 	Number of Async Source Workers:		  0
[2026.06.09-00.38.20:487][555]LogAudio: Display: AudioDevice MaxSources: 32
[2026.06.09-00.38.20:487][555]LogAudio: Display: Audio Spatialization Plugin: None (built-in).
[2026.06.09-00.38.20:488][555]LogAudio: Display: Audio Reverb Plugin: None (built-in).
[2026.06.09-00.38.20:488][555]LogAudio: Display: Audio Occlusion Plugin: None (built-in).
[2026.06.09-00.38.20:488][555]LogAudioMixer: Display: Initializing audio mixer.
[2026.06.09-00.38.20:497][555]LogAudioMixer: Display: 0: FrontLeft
[2026.06.09-00.38.20:497][555]LogAudioMixer: Display: 1: FrontRight
[2026.06.09-00.38.20:513][555]LogAudioMixer: Display: Using Audio Device 2270W (NVIDIA High Definition Audio)
[2026.06.09-00.38.20:513][555]LogAudioMixer: Display: Initializing Sound Submixes...
[2026.06.09-00.38.20:513][555]LogAudioMixer: Display: Creating Master Submix 'MasterSubmixDefault'
[2026.06.09-00.38.20:513][555]LogAudioMixer: Display: Creating Master Submix 'MasterReverbSubmixDefault'
[2026.06.09-00.38.20:514][555]LogAudioMixer: Display: Creating Master Submix 'MasterEQSubmixDefault'
[2026.06.09-00.38.20:514][555]LogAudioMixer: FMixerPlatformXAudio2::StartAudioStream() called
[2026.06.09-00.38.20:514][555]LogAudioMixer: Display: Output buffers initialized: Frames=1024, Channels=2, Samples=2048
[2026.06.09-00.38.20:516][555]LogAudioMixer: Display: Starting AudioMixerPlatformInterface::RunInternal()
[2026.06.09-00.38.20:516][555]LogAudioMixer: Display: FMixerPlatformXAudio2::SubmitBuffer() called for the first time
[2026.06.09-00.38.20:516][555]LogInit: FAudioDevice initialized.
[2026.06.09-00.38.20:516][555]LogAudio: Display: Audio Device (ID: 9) registered with world 'model'.
[2026.06.09-00.38.20:567][555]LogSlate: Updating window title bar state: overlay mode, drag disabled, window buttons hidden, title bar hidden
[2026.06.09-00.38.20:568][555]LogLoad: Game class is 'GameModeBase'
[2026.06.09-00.38.20:575][555]LogWorld: Bringing World /Game/HotelRoom/Map/UEDPIE_0_model.model up for play (max tick rate 0) at 2026.06.09-08.38.20
[2026.06.09-00.38.20:576][555]LogWorld: Bringing up level for play took: 0.006895
[2026.06.09-00.38.20:576][555]LogOnline: OSS: Creating online subsystem instance for: :Context_12
[2026.06.09-00.38.20:582][555]PIE: 登陆的服务器
[2026.06.09-00.38.20:584][555]PIE: PIE总开始时间：0.121秒。
[2026.06.09-00.38.32:804][518]LogSlate: Updating window title bar state: overlay mode, drag disabled, window buttons hidden, title bar hidden
[2026.06.09-00.38.32:804][518]LogWorld: BeginTearingDown for /Game/HotelRoom/Map/UEDPIE_0_model
[2026.06.09-00.38.32:807][518]LogSlate: Window 'HotelRoom预览[NetMode: Standalone]  (64-bit/Windows) ' being destroyed
[2026.06.09-00.38.32:820][518]LogWorld: UWorld::CleanupWorld for model, bSessionEnded=true, bCleanupResources=true
[2026.06.09-00.38.32:820][518]LogSlate: InvalidateAllWidgets triggered.  All widgets were invalidated
[2026.06.09-00.38.32:834][518]LogPlayLevel: Display: Shutting down PIE online subsystems
[2026.06.09-00.38.32:853][518]LogSlate: InvalidateAllWidgets triggered.  All widgets were invalidated
[2026.06.09-00.38.32:860][518]LogAudioMixer: FMixerPlatformXAudio2::StopAudioStream() called
[2026.06.09-00.38.32:862][518]LogAudioMixer: FMixerPlatformXAudio2::StopAudioStream() called
[2026.06.09-00.38.32:868][518]LogUObjectHash: Compacting FUObjectHashTables data took   1.53ms
[2026.06.09-00.38.32:908][519]LogPlayLevel: Display: Destroying online subsystem :Context_12
[2026.06.09-00.38.38:332][899]Cmd: OBJ SAVEPACKAGE PACKAGE="/Game/Computer/Material/MI_Glass_Area" FILE="../../../../../../Users/Administrator/Downloads/process/ZJJD-Vol1/Content/Computer/Material/MI_Glass_Area.uasset" SILENT=true
[2026.06.09-00.38.38:341][899]LogUObjectHash: Compacting FUObjectHashTables data took   1.19ms
[2026.06.09-00.38.38:352][899]LogUObjectHash: Compacting FUObjectHashTables data took   0.33ms
[2026.06.09-00.38.38:362][899]LogSavePackage: Moving '../../../../../../Users/Administrator/Downloads/process/ZJJD-Vol1/Saved/MI_Glass_AreaBC7B00E345699B4B4CA6CAAA44892217.tmp' to '../../../../../../Users/Administrator/Downloads/process/ZJJD-Vol1/Content/Computer/Material/MI_Glass_Area.uasset'
[2026.06.09-00.38.38:378][899]AssetCheck: New page: 资产保存：MI_Glass_Area
[2026.06.09-00.38.38:378][899]LogContentValidation: Display: 正在验证MaterialInstanceConstant /Game/Computer/Material/MI_Glass_Area.MI_Glass_Area
[2026.06.09-00.38.41:809][136]LogTemp: Repeating last play command: 新建编辑器窗口（编辑器中运行）
[2026.06.09-00.38.41:817][136]LogPlayLevel: PlayLevel: No blueprints needed recompiling
[2026.06.09-00.38.41:817][136]PIE: New page: PIE会话：model（2026年6月9日 下午4:38:41）
[2026.06.09-00.38.41:817][136]LogPlayLevel: Creating play world package: /Game/HotelRoom/Map/UEDPIE_0_model
[2026.06.09-00.38.41:831][136]LogPlayLevel: PIE: StaticDuplicateObject took: (0.013579s)
[2026.06.09-00.38.41:832][136]LogAIModule: Creating AISystem for world model
[2026.06.09-00.38.41:832][136]LogPlayLevel: PIE: World Init took: (0.001223s)
[2026.06.09-00.38.41:832][136]LogPlayLevel: PIE: Created PIE world by copying editor world from /Game/HotelRoom/Map/model.model to /Game/HotelRoom/Map/UEDPIE_0_model.model (0.014981s)
[2026.06.09-00.38.41:840][136]LogUObjectHash: Compacting FUObjectHashTables data took   0.88ms
[2026.06.09-00.38.41:842][136]LogAudio: Display: Creating Audio Device:                 Id: 10, Scope: Unique, Realtime: True
[2026.06.09-00.38.41:842][136]LogAudioMixer: Display: Audio Mixer Platform Settings:
[2026.06.09-00.38.41:842][136]LogAudioMixer: Display: 	Sample Rate:						  48000
[2026.06.09-00.38.41:842][136]LogAudioMixer: Display: 	Callback Buffer Frame Size Requested: 1024
[2026.06.09-00.38.41:842][136]LogAudioMixer: Display: 	Callback Buffer Frame Size To Use:	  1024
[2026.06.09-00.38.41:842][136]LogAudioMixer: Display: 	Number of buffers to queue:			  2
[2026.06.09-00.38.41:842][136]LogAudioMixer: Display: 	Max Channels (voices):				  32
[2026.06.09-00.38.41:842][136]LogAudioMixer: Display: 	Number of Async Source Workers:		  0
[2026.06.09-00.38.41:842][136]LogAudio: Display: AudioDevice MaxSources: 32
[2026.06.09-00.38.41:842][136]LogAudio: Display: Audio Spatialization Plugin: None (built-in).
[2026.06.09-00.38.41:842][136]LogAudio: Display: Audio Reverb Plugin: None (built-in).
[2026.06.09-00.38.41:842][136]LogAudio: Display: Audio Occlusion Plugin: None (built-in).
[2026.06.09-00.38.41:842][136]LogAudioMixer: Display: Initializing audio mixer.
[2026.06.09-00.38.41:851][136]LogAudioMixer: Display: 0: FrontLeft
[2026.06.09-00.38.41:851][136]LogAudioMixer: Display: 1: FrontRight
[2026.06.09-00.38.41:866][136]LogAudioMixer: Display: Using Audio Device 2270W (NVIDIA High Definition Audio)
[2026.06.09-00.38.41:866][136]LogAudioMixer: Display: Initializing Sound Submixes...
[2026.06.09-00.38.41:867][136]LogAudioMixer: Display: Creating Master Submix 'MasterSubmixDefault'
[2026.06.09-00.38.41:867][136]LogAudioMixer: Display: Creating Master Submix 'MasterReverbSubmixDefault'
[2026.06.09-00.38.41:867][136]LogAudioMixer: Display: Creating Master Submix 'MasterEQSubmixDefault'
[2026.06.09-00.38.41:867][136]LogAudioMixer: FMixerPlatformXAudio2::StartAudioStream() called
[2026.06.09-00.38.41:867][136]LogAudioMixer: Display: Output buffers initialized: Frames=1024, Channels=2, Samples=2048
[2026.06.09-00.38.41:869][136]LogAudioMixer: Display: Starting AudioMixerPlatformInterface::RunInternal()
[2026.06.09-00.38.41:869][136]LogAudioMixer: Display: FMixerPlatformXAudio2::SubmitBuffer() called for the first time
[2026.06.09-00.38.41:869][136]LogInit: FAudioDevice initialized.
[2026.06.09-00.38.41:869][136]LogAudio: Display: Audio Device (ID: 10) registered with world 'model'.
[2026.06.09-00.38.41:908][136]LogSlate: Updating window title bar state: overlay mode, drag disabled, window buttons hidden, title bar hidden
[2026.06.09-00.38.41:908][136]LogLoad: Game class is 'GameModeBase'
[2026.06.09-00.38.41:914][136]LogWorld: Bringing World /Game/HotelRoom/Map/UEDPIE_0_model.model up for play (max tick rate 0) at 2026.06.09-08.38.41
[2026.06.09-00.38.41:915][136]LogWorld: Bringing up level for play took: 0.005767
[2026.06.09-00.38.41:915][136]LogOnline: OSS: Creating online subsystem instance for: :Context_13
[2026.06.09-00.38.41:921][136]PIE: 登陆的服务器
[2026.06.09-00.38.41:923][136]PIE: PIE总开始时间：0.108秒。
[2026.06.09-00.38.52:624][982]LogSlate: Updating window title bar state: overlay mode, drag disabled, window buttons hidden, title bar hidden
[2026.06.09-00.38.52:624][982]LogWorld: BeginTearingDown for /Game/HotelRoom/Map/UEDPIE_0_model
[2026.06.09-00.38.52:624][982]LogSlate: Window 'HotelRoom预览[NetMode: Standalone]  (64-bit/Windows) ' being destroyed
[2026.06.09-00.38.52:636][982]LogWorld: UWorld::CleanupWorld for model, bSessionEnded=true, bCleanupResources=true
[2026.06.09-00.38.52:639][982]LogSlate: InvalidateAllWidgets triggered.  All widgets were invalidated
[2026.06.09-00.38.52:653][982]LogPlayLevel: Display: Shutting down PIE online subsystems
[2026.06.09-00.38.52:670][982]LogSlate: InvalidateAllWidgets triggered.  All widgets were invalidated
[2026.06.09-00.38.52:680][982]LogAudioMixer: FMixerPlatformXAudio2::StopAudioStream() called
[2026.06.09-00.38.52:682][982]LogAudioMixer: FMixerPlatformXAudio2::StopAudioStream() called
[2026.06.09-00.38.52:689][982]LogUObjectHash: Compacting FUObjectHashTables data took   1.56ms
[2026.06.09-00.38.52:724][983]LogPlayLevel: Display: Destroying online subsystem :Context_13
[2026.06.09-00.38.59:475][472]Cmd: OBJ SAVEPACKAGE PACKAGE="/Game/Computer/Material/MI_Glass_Area" FILE="../../../../../../Users/Administrator/Downloads/process/ZJJD-Vol1/Content/Computer/Material/MI_Glass_Area.uasset" SILENT=true
[2026.06.09-00.38.59:483][472]LogUObjectHash: Compacting FUObjectHashTables data took   1.28ms
[2026.06.09-00.38.59:494][472]LogUObjectHash: Compacting FUObjectHashTables data took   0.51ms
[2026.06.09-00.38.59:501][472]LogSavePackage: Moving '../../../../../../Users/Administrator/Downloads/process/ZJJD-Vol1/Saved/MI_Glass_AreaE3EE058E4D49BB4A5A50599079BF48BA.tmp' to '../../../../../../Users/Administrator/Downloads/process/ZJJD-Vol1/Content/Computer/Material/MI_Glass_Area.uasset'
[2026.06.09-00.38.59:516][472]AssetCheck: New page: 资产保存：MI_Glass_Area
[2026.06.09-00.38.59:516][472]LogContentValidation: Display: 正在验证MaterialInstanceConstant /Game/Computer/Material/MI_Glass_Area.MI_Glass_Area
[2026.06.09-00.39.01:238][587]LogTemp: Repeating last play command: 新建编辑器窗口（编辑器中运行）
[2026.06.09-00.39.01:245][587]LogPlayLevel: PlayLevel: No blueprints needed recompiling
[2026.06.09-00.39.01:245][587]PIE: New page: PIE会话：model（2026年6月9日 下午4:39:01）
[2026.06.09-00.39.01:245][587]LogPlayLevel: Creating play world package: /Game/HotelRoom/Map/UEDPIE_0_model
[2026.06.09-00.39.01:257][587]LogPlayLevel: PIE: StaticDuplicateObject took: (0.011742s)
[2026.06.09-00.39.01:258][587]LogAIModule: Creating AISystem for world model
[2026.06.09-00.39.01:258][587]LogPlayLevel: PIE: World Init took: (0.001185s)
[2026.06.09-00.39.01:258][587]LogPlayLevel: PIE: Created PIE world by copying editor world from /Game/HotelRoom/Map/model.model to /Game/HotelRoom/Map/UEDPIE_0_model.model (0.013087s)
[2026.06.09-00.39.01:266][587]LogUObjectHash: Compacting FUObjectHashTables data took   0.83ms
[2026.06.09-00.39.01:267][587]LogAudio: Display: Creating Audio Device:                 Id: 11, Scope: Unique, Realtime: True
[2026.06.09-00.39.01:267][587]LogAudioMixer: Display: Audio Mixer Platform Settings:
[2026.06.09-00.39.01:267][587]LogAudioMixer: Display: 	Sample Rate:						  48000
[2026.06.09-00.39.01:267][587]LogAudioMixer: Display: 	Callback Buffer Frame Size Requested: 1024
[2026.06.09-00.39.01:267][587]LogAudioMixer: Display: 	Callback Buffer Frame Size To Use:	  1024
[2026.06.09-00.39.01:268][587]LogAudioMixer: Display: 	Number of buffers to queue:			  2
[2026.06.09-00.39.01:268][587]LogAudioMixer: Display: 	Max Channels (voices):				  32
[2026.06.09-00.39.01:268][587]LogAudioMixer: Display: 	Number of Async Source Workers:		  0
[2026.06.09-00.39.01:268][587]LogAudio: Display: AudioDevice MaxSources: 32
[2026.06.09-00.39.01:268][587]LogAudio: Display: Audio Spatialization Plugin: None (built-in).
[2026.06.09-00.39.01:268][587]LogAudio: Display: Audio Reverb Plugin: None (built-in).
[2026.06.09-00.39.01:268][587]LogAudio: Display: Audio Occlusion Plugin: None (built-in).
[2026.06.09-00.39.01:268][587]LogAudioMixer: Display: Initializing audio mixer.
[2026.06.09-00.39.01:277][587]LogAudioMixer: Display: 0: FrontLeft
[2026.06.09-00.39.01:277][587]LogAudioMixer: Display: 1: FrontRight
[2026.06.09-00.39.01:295][587]LogAudioMixer: Display: Using Audio Device 2270W (NVIDIA High Definition Audio)
[2026.06.09-00.39.01:295][587]LogAudioMixer: Display: Initializing Sound Submixes...
[2026.06.09-00.39.01:295][587]LogAudioMixer: Display: Creating Master Submix 'MasterSubmixDefault'
[2026.06.09-00.39.01:296][587]LogAudioMixer: Display: Creating Master Submix 'MasterReverbSubmixDefault'
[2026.06.09-00.39.01:296][587]LogAudioMixer: Display: Creating Master Submix 'MasterEQSubmixDefault'
[2026.06.09-00.39.01:296][587]LogAudioMixer: FMixerPlatformXAudio2::StartAudioStream() called
[2026.06.09-00.39.01:296][587]LogAudioMixer: Display: Output buffers initialized: Frames=1024, Channels=2, Samples=2048
[2026.06.09-00.39.01:298][587]LogAudioMixer: Display: Starting AudioMixerPlatformInterface::RunInternal()
[2026.06.09-00.39.01:298][587]LogAudioMixer: Display: FMixerPlatformXAudio2::SubmitBuffer() called for the first time
[2026.06.09-00.39.01:298][587]LogInit: FAudioDevice initialized.
[2026.06.09-00.39.01:298][587]LogAudio: Display: Audio Device (ID: 11) registered with world 'model'.
[2026.06.09-00.39.01:360][587]LogSlate: Updating window title bar state: overlay mode, drag disabled, window buttons hidden, title bar hidden
[2026.06.09-00.39.01:360][587]LogLoad: Game class is 'GameModeBase'
[2026.06.09-00.39.01:367][587]LogWorld: Bringing World /Game/HotelRoom/Map/UEDPIE_0_model.model up for play (max tick rate 0) at 2026.06.09-08.39.01
[2026.06.09-00.39.01:367][587]LogWorld: Bringing up level for play took: 0.006447
[2026.06.09-00.39.01:367][587]LogOnline: OSS: Creating online subsystem instance for: :Context_14
[2026.06.09-00.39.01:374][587]PIE: 登陆的服务器
[2026.06.09-00.39.01:376][587]PIE: PIE总开始时间：0.132秒。
[2026.06.09-00.39.33:325][953]LogSlate: Updating window title bar state: overlay mode, drag disabled, window buttons hidden, title bar hidden
[2026.06.09-00.39.33:325][953]LogWorld: BeginTearingDown for /Game/HotelRoom/Map/UEDPIE_0_model
[2026.06.09-00.39.33:326][953]LogSlate: Window 'HotelRoom预览[NetMode: Standalone]  (64-bit/Windows) ' being destroyed
[2026.06.09-00.39.33:336][953]LogWorld: UWorld::CleanupWorld for model, bSessionEnded=true, bCleanupResources=true
[2026.06.09-00.39.33:337][953]LogSlate: InvalidateAllWidgets triggered.  All widgets were invalidated
[2026.06.09-00.39.33:351][953]LogPlayLevel: Display: Shutting down PIE online subsystems
[2026.06.09-00.39.33:372][953]LogSlate: InvalidateAllWidgets triggered.  All widgets were invalidated
[2026.06.09-00.39.33:382][953]LogAudioMixer: FMixerPlatformXAudio2::StopAudioStream() called
[2026.06.09-00.39.33:384][953]LogAudioMixer: FMixerPlatformXAudio2::StopAudioStream() called
[2026.06.09-00.39.33:389][953]LogUObjectHash: Compacting FUObjectHashTables data took   0.92ms
[2026.06.09-00.39.33:623][954]LogPlayLevel: Display: Destroying online subsystem :Context_14
[2026.06.09-00.39.35:643][960]LogSlate: Window 'MI_Glass_Area' being destroyed
[2026.06.09-00.39.35:652][960]LogSlate: Window 'MI_Glass_Area' being destroyed
[2026.06.09-00.39.35:658][960]LogWorld: UWorld::CleanupWorld for World_1, bSessionEnded=true, bCleanupResources=true
[2026.06.09-00.39.35:658][960]LogSlate: InvalidateAllWidgets triggered.  All widgets were invalidated
[2026.06.09-00.39.35:758][960]LogWorld: UWorld::CleanupWorld for World_3, bSessionEnded=true, bCleanupResources=true
[2026.06.09-00.39.35:758][960]LogSlate: InvalidateAllWidgets triggered.  All widgets were invalidated
[2026.06.09-00.39.41:714][613]LogTemp: Repeating last play command: 新建编辑器窗口（编辑器中运行）
[2026.06.09-00.39.41:720][613]LogPlayLevel: PlayLevel: No blueprints needed recompiling
[2026.06.09-00.39.41:720][613]PIE: New page: PIE会话：model（2026年6月9日 下午4:39:41）
[2026.06.09-00.39.41:720][613]LogPlayLevel: Creating play world package: /Game/HotelRoom/Map/UEDPIE_0_model
[2026.06.09-00.39.41:731][613]LogPlayLevel: PIE: StaticDuplicateObject took: (0.011239s)
[2026.06.09-00.39.41:733][613]LogAIModule: Creating AISystem for world model
[2026.06.09-00.39.41:733][613]LogPlayLevel: PIE: World Init took: (0.001322s)
[2026.06.09-00.39.41:733][613]LogPlayLevel: PIE: Created PIE world by copying editor world from /Game/HotelRoom/Map/model.model to /Game/HotelRoom/Map/UEDPIE_0_model.model (0.012725s)
[2026.06.09-00.39.41:756][613]LogUObjectHash: Compacting FUObjectHashTables data took   1.45ms
[2026.06.09-00.39.41:759][613]LogAudio: Display: Creating Audio Device:                 Id: 12, Scope: Unique, Realtime: True
[2026.06.09-00.39.41:759][613]LogAudioMixer: Display: Audio Mixer Platform Settings:
[2026.06.09-00.39.41:759][613]LogAudioMixer: Display: 	Sample Rate:						  48000
[2026.06.09-00.39.41:759][613]LogAudioMixer: Display: 	Callback Buffer Frame Size Requested: 1024
[2026.06.09-00.39.41:759][613]LogAudioMixer: Display: 	Callback Buffer Frame Size To Use:	  1024
[2026.06.09-00.39.41:759][613]LogAudioMixer: Display: 	Number of buffers to queue:			  2
[2026.06.09-00.39.41:759][613]LogAudioMixer: Display: 	Max Channels (voices):				  32
[2026.06.09-00.39.41:759][613]LogAudioMixer: Display: 	Number of Async Source Workers:		  0
[2026.06.09-00.39.41:759][613]LogAudio: Display: AudioDevice MaxSources: 32
[2026.06.09-00.39.41:760][613]LogAudio: Display: Audio Spatialization Plugin: None (built-in).
[2026.06.09-00.39.41:760][613]LogAudio: Display: Audio Reverb Plugin: None (built-in).
[2026.06.09-00.39.41:760][613]LogAudio: Display: Audio Occlusion Plugin: None (built-in).
[2026.06.09-00.39.41:760][613]LogAudioMixer: Display: Initializing audio mixer.
[2026.06.09-00.39.41:769][613]LogAudioMixer: Display: 0: FrontLeft
[2026.06.09-00.39.41:769][613]LogAudioMixer: Display: 1: FrontRight
[2026.06.09-00.39.41:787][613]LogAudioMixer: Display: Using Audio Device 2270W (NVIDIA High Definition Audio)
[2026.06.09-00.39.41:787][613]LogAudioMixer: Display: Initializing Sound Submixes...
[2026.06.09-00.39.41:787][613]LogAudioMixer: Display: Creating Master Submix 'MasterSubmixDefault'
[2026.06.09-00.39.41:787][613]LogAudioMixer: Display: Creating Master Submix 'MasterReverbSubmixDefault'
[2026.06.09-00.39.41:788][613]LogAudioMixer: Display: Creating Master Submix 'MasterEQSubmixDefault'
[2026.06.09-00.39.41:788][613]LogAudioMixer: FMixerPlatformXAudio2::StartAudioStream() called
[2026.06.09-00.39.41:788][613]LogAudioMixer: Display: Output buffers initialized: Frames=1024, Channels=2, Samples=2048
[2026.06.09-00.39.41:789][613]LogAudioMixer: Display: Starting AudioMixerPlatformInterface::RunInternal()
[2026.06.09-00.39.41:789][613]LogAudioMixer: Display: FMixerPlatformXAudio2::SubmitBuffer() called for the first time
[2026.06.09-00.39.41:789][613]LogInit: FAudioDevice initialized.
[2026.06.09-00.39.41:789][613]LogAudio: Display: Audio Device (ID: 12) registered with world 'model'.
[2026.06.09-00.39.41:858][613]LogSlate: Updating window title bar state: overlay mode, drag disabled, window buttons hidden, title bar hidden
[2026.06.09-00.39.41:859][613]LogLoad: Game class is 'GameModeBase'
[2026.06.09-00.39.41:867][613]LogWorld: Bringing World /Game/HotelRoom/Map/UEDPIE_0_model.model up for play (max tick rate 0) at 2026.06.09-08.39.41
[2026.06.09-00.39.41:867][613]LogWorld: Bringing up level for play took: 0.008681
[2026.06.09-00.39.41:868][613]LogOnline: OSS: Creating online subsystem instance for: :Context_15
[2026.06.09-00.39.41:874][613]PIE: 登陆的服务器
[2026.06.09-00.39.41:876][613]PIE: PIE总开始时间：0.158秒。
[2026.06.09-00.39.49:532][474]LogRenderer: Reallocating scene render targets to support 1920x1080 Format 10 NumSamples 1 (Frame:861).
[2026.06.09-00.39.49:848][477]LogClient: 高分辨率截图另存为 C:/Users/Administrator/Downloads/process/ZJJD-Vol1/Saved/Screenshots/Windows/HighresScreenshot00002.png
[2026.06.09-00.39.50:925][568]LogSlate: Updating window title bar state: overlay mode, drag disabled, window buttons hidden, title bar hidden
[2026.06.09-00.39.50:925][568]LogWorld: BeginTearingDown for /Game/HotelRoom/Map/UEDPIE_0_model
[2026.06.09-00.39.50:927][568]LogSlate: Window 'HotelRoom预览[NetMode: Standalone]  (64-bit/Windows) ' being destroyed
[2026.06.09-00.39.50:945][568]LogWorld: UWorld::CleanupWorld for model, bSessionEnded=true, bCleanupResources=true
[2026.06.09-00.39.50:946][568]LogSlate: InvalidateAllWidgets triggered.  All widgets were invalidated
[2026.06.09-00.39.50:956][568]LogPlayLevel: Display: Shutting down PIE online subsystems
[2026.06.09-00.39.50:976][568]LogSlate: InvalidateAllWidgets triggered.  All widgets were invalidated
[2026.06.09-00.39.50:984][568]LogAudio: Display: Audio Device unregistered from world 'None'.
[2026.06.09-00.39.50:984][568]LogAudioMixer: FMixerPlatformXAudio2::StopAudioStream() called
[2026.06.09-00.39.50:986][568]LogAudioMixer: FMixerPlatformXAudio2::StopAudioStream() called
[2026.06.09-00.39.50:993][568]LogUObjectHash: Compacting FUObjectHashTables data took   1.09ms
[2026.06.09-00.39.51:028][569]LogPlayLevel: Display: Destroying online subsystem :Context_15
[2026.06.09-00.40.05:880][211]LogEditorViewport: Clicking on Actor (LMB): StaticMeshActor (SM_Mac006)
[2026.06.09-00.40.20:799][827]LogEditorViewport: Clicking on Actor (LMB): StaticMeshActor (SM_Ground_01)
[2026.06.09-00.40.21:757][917]LogEditorViewport: Clicking on Actor (LMB): StaticMeshActor (SM_Bed_01_02)
[2026.06.09-00.40.24:461][165]LogTemp: Repeating last play command: 新建编辑器窗口（编辑器中运行）
[2026.06.09-00.40.24:468][165]LogPlayLevel: PlayLevel: No blueprints needed recompiling
[2026.06.09-00.40.24:468][165]PIE: New page: PIE会话：model（2026年6月9日 下午4:40:24）
[2026.06.09-00.40.24:468][165]LogPlayLevel: Creating play world package: /Game/HotelRoom/Map/UEDPIE_0_model
[2026.06.09-00.40.24:483][165]LogPlayLevel: PIE: StaticDuplicateObject took: (0.014363s)
[2026.06.09-00.40.24:484][165]LogAIModule: Creating AISystem for world model
[2026.06.09-00.40.24:484][165]LogPlayLevel: PIE: World Init took: (0.001465s)
[2026.06.09-00.40.24:484][165]LogPlayLevel: PIE: Created PIE world by copying editor world from /Game/HotelRoom/Map/model.model to /Game/HotelRoom/Map/UEDPIE_0_model.model (0.016006s)
[2026.06.09-00.40.24:492][165]LogUObjectHash: Compacting FUObjectHashTables data took   1.07ms
[2026.06.09-00.40.24:496][165]LogAudio: Display: Creating Audio Device:                 Id: 13, Scope: Unique, Realtime: True
[2026.06.09-00.40.24:496][165]LogAudioMixer: Display: Audio Mixer Platform Settings:
[2026.06.09-00.40.24:496][165]LogAudioMixer: Display: 	Sample Rate:						  48000
[2026.06.09-00.40.24:496][165]LogAudioMixer: Display: 	Callback Buffer Frame Size Requested: 1024
[2026.06.09-00.40.24:496][165]LogAudioMixer: Display: 	Callback Buffer Frame Size To Use:	  1024
[2026.06.09-00.40.24:496][165]LogAudioMixer: Display: 	Number of buffers to queue:			  2
[2026.06.09-00.40.24:496][165]LogAudioMixer: Display: 	Max Channels (voices):				  32
[2026.06.09-00.40.24:496][165]LogAudioMixer: Display: 	Number of Async Source Workers:		  0
[2026.06.09-00.40.24:496][165]LogAudio: Display: AudioDevice MaxSources: 32
[2026.06.09-00.40.24:497][165]LogAudio: Display: Audio Spatialization Plugin: None (built-in).
[2026.06.09-00.40.24:497][165]LogAudio: Display: Audio Reverb Plugin: None (built-in).
[2026.06.09-00.40.24:497][165]LogAudio: Display: Audio Occlusion Plugin: None (built-in).
[2026.06.09-00.40.24:497][165]LogAudioMixer: Display: Initializing audio mixer.
[2026.06.09-00.40.24:508][165]LogAudioMixer: Display: 0: FrontLeft
[2026.06.09-00.40.24:508][165]LogAudioMixer: Display: 1: FrontRight
[2026.06.09-00.40.24:525][165]LogAudioMixer: Display: Using Audio Device 2270W (NVIDIA High Definition Audio)
[2026.06.09-00.40.24:525][165]LogAudioMixer: Display: Initializing Sound Submixes...
[2026.06.09-00.40.24:525][165]LogAudioMixer: Display: Creating Master Submix 'MasterSubmixDefault'
[2026.06.09-00.40.24:525][165]LogAudioMixer: Display: Creating Master Submix 'MasterReverbSubmixDefault'
[2026.06.09-00.40.24:526][165]LogAudioMixer: Display: Creating Master Submix 'MasterEQSubmixDefault'
[2026.06.09-00.40.24:526][165]LogAudioMixer: FMixerPlatformXAudio2::StartAudioStream() called
[2026.06.09-00.40.24:526][165]LogAudioMixer: Display: Output buffers initialized: Frames=1024, Channels=2, Samples=2048
[2026.06.09-00.40.24:528][165]LogAudioMixer: Display: Starting AudioMixerPlatformInterface::RunInternal()
[2026.06.09-00.40.24:528][165]LogAudioMixer: Display: FMixerPlatformXAudio2::SubmitBuffer() called for the first time
[2026.06.09-00.40.24:528][165]LogInit: FAudioDevice initialized.
[2026.06.09-00.40.24:528][165]LogAudio: Display: Audio Device (ID: 13) registered with world 'model'.
[2026.06.09-00.40.24:586][165]LogSlate: Updating window title bar state: overlay mode, drag disabled, window buttons hidden, title bar hidden
[2026.06.09-00.40.24:586][165]LogLoad: Game class is 'GameModeBase'
[2026.06.09-00.40.24:593][165]LogWorld: Bringing World /Game/HotelRoom/Map/UEDPIE_0_model.model up for play (max tick rate 0) at 2026.06.09-08.40.24
[2026.06.09-00.40.24:593][165]LogWorld: Bringing up level for play took: 0.007714
[2026.06.09-00.40.24:594][165]LogOnline: OSS: Creating online subsystem instance for: :Context_16
[2026.06.09-00.40.24:601][165]PIE: 登陆的服务器
[2026.06.09-00.40.24:603][165]PIE: PIE总开始时间：0.136秒。
[2026.06.09-00.40.34:176][236]LogRenderer: Reallocating scene render targets to support 1920x1080 Format 10 NumSamples 1 (Frame:1071).
[2026.06.09-00.40.34:516][239]LogClient: 高分辨率截图另存为 C:/Users/Administrator/Downloads/process/ZJJD-Vol1/Saved/Screenshots/Windows/HighresScreenshot00003.png
[2026.06.09-00.40.36:176][390]LogSlate: Updating window title bar state: overlay mode, drag disabled, window buttons hidden, title bar hidden
[2026.06.09-00.40.36:176][390]LogWorld: BeginTearingDown for /Game/HotelRoom/Map/UEDPIE_0_model
[2026.06.09-00.40.36:178][390]LogSlate: Window 'HotelRoom预览[NetMode: Standalone]  (64-bit/Windows) ' being destroyed
[2026.06.09-00.40.36:200][390]LogWorld: UWorld::CleanupWorld for model, bSessionEnded=true, bCleanupResources=true
[2026.06.09-00.40.36:202][390]LogSlate: InvalidateAllWidgets triggered.  All widgets were invalidated
[2026.06.09-00.40.36:213][390]LogPlayLevel: Display: Shutting down PIE online subsystems
[2026.06.09-00.40.36:231][390]LogSlate: InvalidateAllWidgets triggered.  All widgets were invalidated
[2026.06.09-00.40.36:239][390]LogAudioMixer: FMixerPlatformXAudio2::StopAudioStream() called
[2026.06.09-00.40.36:241][390]LogAudioMixer: FMixerPlatformXAudio2::StopAudioStream() called
[2026.06.09-00.40.36:246][390]LogUObjectHash: Compacting FUObjectHashTables data took   1.11ms
[2026.06.09-00.40.36:282][391]LogPlayLevel: Display: Destroying online subsystem :Context_16
[2026.06.09-00.40.49:287][824]LogTemp: Repeating last play command: 新建编辑器窗口（编辑器中运行）
[2026.06.09-00.40.49:295][824]LogPlayLevel: PlayLevel: No blueprints needed recompiling
[2026.06.09-00.40.49:296][824]PIE: New page: PIE会话：model（2026年6月9日 下午4:40:49）
[2026.06.09-00.40.49:296][824]LogPlayLevel: Creating play world package: /Game/HotelRoom/Map/UEDPIE_0_model
[2026.06.09-00.40.49:310][824]LogPlayLevel: PIE: StaticDuplicateObject took: (0.014546s)
[2026.06.09-00.40.49:311][824]LogAIModule: Creating AISystem for world model
[2026.06.09-00.40.49:311][824]LogPlayLevel: PIE: World Init took: (0.001175s)
[2026.06.09-00.40.49:311][824]LogPlayLevel: PIE: Created PIE world by copying editor world from /Game/HotelRoom/Map/model.model to /Game/HotelRoom/Map/UEDPIE_0_model.model (0.015923s)
[2026.06.09-00.40.49:320][824]LogUObjectHash: Compacting FUObjectHashTables data took   0.98ms
[2026.06.09-00.40.49:322][824]LogAudio: Display: Creating Audio Device:                 Id: 14, Scope: Unique, Realtime: True
[2026.06.09-00.40.49:322][824]LogAudioMixer: Display: Audio Mixer Platform Settings:
[2026.06.09-00.40.49:322][824]LogAudioMixer: Display: 	Sample Rate:						  48000
[2026.06.09-00.40.49:322][824]LogAudioMixer: Display: 	Callback Buffer Frame Size Requested: 1024
[2026.06.09-00.40.49:322][824]LogAudioMixer: Display: 	Callback Buffer Frame Size To Use:	  1024
[2026.06.09-00.40.49:322][824]LogAudioMixer: Display: 	Number of buffers to queue:			  2
[2026.06.09-00.40.49:322][824]LogAudioMixer: Display: 	Max Channels (voices):				  32
[2026.06.09-00.40.49:322][824]LogAudioMixer: Display: 	Number of Async Source Workers:		  0
[2026.06.09-00.40.49:322][824]LogAudio: Display: AudioDevice MaxSources: 32
[2026.06.09-00.40.49:323][824]LogAudio: Display: Audio Spatialization Plugin: None (built-in).
[2026.06.09-00.40.49:323][824]LogAudio: Display: Audio Reverb Plugin: None (built-in).
[2026.06.09-00.40.49:323][824]LogAudio: Display: Audio Occlusion Plugin: None (built-in).
[2026.06.09-00.40.49:323][824]LogAudioMixer: Display: Initializing audio mixer.
[2026.06.09-00.40.49:333][824]LogAudioMixer: Display: 0: FrontLeft
[2026.06.09-00.40.49:333][824]LogAudioMixer: Display: 1: FrontRight
[2026.06.09-00.40.49:353][824]LogAudioMixer: Display: Using Audio Device 2270W (NVIDIA High Definition Audio)
[2026.06.09-00.40.49:353][824]LogAudioMixer: Display: Initializing Sound Submixes...
[2026.06.09-00.40.49:353][824]LogAudioMixer: Display: Creating Master Submix 'MasterSubmixDefault'
[2026.06.09-00.40.49:353][824]LogAudioMixer: Display: Creating Master Submix 'MasterReverbSubmixDefault'
[2026.06.09-00.40.49:354][824]LogAudioMixer: Display: Creating Master Submix 'MasterEQSubmixDefault'
[2026.06.09-00.40.49:354][824]LogAudioMixer: FMixerPlatformXAudio2::StartAudioStream() called
[2026.06.09-00.40.49:354][824]LogAudioMixer: Display: Output buffers initialized: Frames=1024, Channels=2, Samples=2048
[2026.06.09-00.40.49:356][824]LogAudioMixer: Display: Starting AudioMixerPlatformInterface::RunInternal()
[2026.06.09-00.40.49:356][824]LogAudioMixer: Display: FMixerPlatformXAudio2::SubmitBuffer() called for the first time
[2026.06.09-00.40.49:356][824]LogInit: FAudioDevice initialized.
[2026.06.09-00.40.49:356][824]LogAudio: Display: Audio Device (ID: 14) registered with world 'model'.
[2026.06.09-00.40.49:416][824]LogSlate: Updating window title bar state: overlay mode, drag disabled, window buttons hidden, title bar hidden
[2026.06.09-00.40.49:416][824]LogLoad: Game class is 'GameModeBase'
[2026.06.09-00.40.49:424][824]LogWorld: Bringing World /Game/HotelRoom/Map/UEDPIE_0_model.model up for play (max tick rate 0) at 2026.06.09-08.40.49
[2026.06.09-00.40.49:426][824]LogWorld: Bringing up level for play took: 0.008278
[2026.06.09-00.40.49:426][824]LogOnline: OSS: Creating online subsystem instance for: :Context_17
[2026.06.09-00.40.49:431][824]PIE: 登陆的服务器
[2026.06.09-00.40.49:432][824]PIE: PIE总开始时间：0.139秒。
[2026.06.09-00.40.55:546][455]LogSlate: Updating window title bar state: overlay mode, drag disabled, window buttons hidden, title bar hidden
[2026.06.09-00.40.55:546][455]LogWorld: BeginTearingDown for /Game/HotelRoom/Map/UEDPIE_0_model
[2026.06.09-00.40.55:546][455]LogSlate: Window 'HotelRoom预览[NetMode: Standalone]  (64-bit/Windows) ' being destroyed
[2026.06.09-00.40.55:561][455]LogWorld: UWorld::CleanupWorld for model, bSessionEnded=true, bCleanupResources=true
[2026.06.09-00.40.55:562][455]LogSlate: InvalidateAllWidgets triggered.  All widgets were invalidated
[2026.06.09-00.40.55:577][455]LogPlayLevel: Display: Shutting down PIE online subsystems
[2026.06.09-00.40.55:597][455]LogSlate: InvalidateAllWidgets triggered.  All widgets were invalidated
[2026.06.09-00.40.55:606][455]LogAudioMixer: FMixerPlatformXAudio2::StopAudioStream() called
[2026.06.09-00.40.55:608][455]LogAudioMixer: FMixerPlatformXAudio2::StopAudioStream() called
[2026.06.09-00.40.55:615][455]LogUObjectHash: Compacting FUObjectHashTables data took   1.90ms
[2026.06.09-00.40.55:651][456]LogPlayLevel: Display: Destroying online subsystem :Context_17
[2026.06.09-00.41.04:164][426]LogEditorViewport: Clicking on Actor (LMB): StaticMeshActor (SM_Wall001)
[2026.06.09-00.41.05:103][504]LogEditorViewport: Clicking on Actor (LMB): StaticMeshActor (SM_Pendantlamp_02)
[2026.06.09-00.41.07:899][820]LogAssetEditorSubsystem: Opening Asset editor for StaticMesh /Game/HotelRoom/Mesh/SM_Pendantlamp_02.SM_Pendantlamp_02
[2026.06.09-00.41.23:730][795]LogSlate: Took 0.000347 seconds to synchronously load lazily loaded font '../../../Engine/Content/Slate/Fonts/Roboto-Italic.ttf' (157K)
[2026.06.09-00.41.30:440][286]LogSlate: Window 'SM_Pendantlamp_02' being destroyed
[2026.06.09-00.41.30:448][286]LogSlate: Window 'SM_Pendantlamp_02' being destroyed
[2026.06.09-00.41.30:456][286]LogWorld: UWorld::CleanupWorld for World_4, bSessionEnded=true, bCleanupResources=true
[2026.06.09-00.41.30:456][286]LogSlate: InvalidateAllWidgets triggered.  All widgets were invalidated
[2026.06.09-00.41.35:209][829]LogEditorViewport: Clicking on Actor (CTRL LMB): StaticMeshActor (SM_Pendantlamp_02)
[2026.06.09-00.41.43:477][755]LogEditorViewport: Clicking on Actor (CTRL LMB): StaticMeshActor (SM_Pendantlamp_02)
[2026.06.09-00.42.54:140][ 43]LogEditorViewport: Clicking on Actor (LMB): StaticMeshActor (SM_Pendantlamp_02)
[2026.06.09-00.42.58:759][570]LogAssetEditorSubsystem: Opening Asset editor for StaticMesh /Game/HotelRoom/Mesh/SM_Pendantlamp_02.SM_Pendantlamp_02
[2026.06.09-00.43.20:932][188]Cmd: OBJ SAVEPACKAGE PACKAGE="/Game/HotelRoom/Mesh/SM_Pendantlamp_02" FILE="../../../../../../Users/Administrator/Downloads/process/ZJJD-Vol1/Content/HotelRoom/Mesh/SM_Pendantlamp_02.uasset" SILENT=true
[2026.06.09-00.43.20:949][188]LogSavePackage: Moving '../../../../../../Users/Administrator/Downloads/process/ZJJD-Vol1/Saved/SM_Pendantlamp_026DB54C324426367284DCA69323C4C90C.tmp' to '../../../../../../Users/Administrator/Downloads/process/ZJJD-Vol1/Content/HotelRoom/Mesh/SM_Pendantlamp_02.uasset'
[2026.06.09-00.43.20:968][188]AssetCheck: New page: 资产保存：SM_Pendantlamp_02
[2026.06.09-00.43.20:968][188]LogContentValidation: Display: 正在验证StaticMesh /Game/HotelRoom/Mesh/SM_Pendantlamp_02.SM_Pendantlamp_02
[2026.06.09-00.43.26:605][678]LogTemp: Repeating last play command: 新建编辑器窗口（编辑器中运行）
[2026.06.09-00.43.26:611][678]LogPlayLevel: PlayLevel: No blueprints needed recompiling
[2026.06.09-00.43.26:612][678]PIE: New page: PIE会话：model（2026年6月9日 下午4:43:26）
[2026.06.09-00.43.26:612][678]LogPlayLevel: Creating play world package: /Game/HotelRoom/Map/UEDPIE_0_model
[2026.06.09-00.43.26:623][678]LogPlayLevel: PIE: StaticDuplicateObject took: (0.011416s)
[2026.06.09-00.43.26:624][678]LogAIModule: Creating AISystem for world model
[2026.06.09-00.43.26:625][678]LogPlayLevel: PIE: World Init took: (0.001536s)
[2026.06.09-00.43.26:625][678]LogPlayLevel: PIE: Created PIE world by copying editor world from /Game/HotelRoom/Map/model.model to /Game/HotelRoom/Map/UEDPIE_0_model.model (0.013195s)
[2026.06.09-00.43.26:635][678]LogUObjectHash: Compacting FUObjectHashTables data took   1.14ms
[2026.06.09-00.43.26:640][678]LogAudio: Display: Creating Audio Device:                 Id: 15, Scope: Unique, Realtime: True
[2026.06.09-00.43.26:640][678]LogAudioMixer: Display: Audio Mixer Platform Settings:
[2026.06.09-00.43.26:641][678]LogAudioMixer: Display: 	Sample Rate:						  48000
[2026.06.09-00.43.26:641][678]LogAudioMixer: Display: 	Callback Buffer Frame Size Requested: 1024
[2026.06.09-00.43.26:641][678]LogAudioMixer: Display: 	Callback Buffer Frame Size To Use:	  1024
[2026.06.09-00.43.26:641][678]LogAudioMixer: Display: 	Number of buffers to queue:			  2
[2026.06.09-00.43.26:641][678]LogAudioMixer: Display: 	Max Channels (voices):				  32
[2026.06.09-00.43.26:641][678]LogAudioMixer: Display: 	Number of Async Source Workers:		  0
[2026.06.09-00.43.26:641][678]LogAudio: Display: AudioDevice MaxSources: 32
[2026.06.09-00.43.26:641][678]LogAudio: Display: Audio Spatialization Plugin: None (built-in).
[2026.06.09-00.43.26:641][678]LogAudio: Display: Audio Reverb Plugin: None (built-in).
[2026.06.09-00.43.26:641][678]LogAudio: Display: Audio Occlusion Plugin: None (built-in).
[2026.06.09-00.43.26:641][678]LogAudioMixer: Display: Initializing audio mixer.
[2026.06.09-00.43.26:650][678]LogAudioMixer: Display: 0: FrontLeft
[2026.06.09-00.43.26:650][678]LogAudioMixer: Display: 1: FrontRight
[2026.06.09-00.43.26:667][678]LogAudioMixer: Display: Using Audio Device 2270W (NVIDIA High Definition Audio)
[2026.06.09-00.43.26:667][678]LogAudioMixer: Display: Initializing Sound Submixes...
[2026.06.09-00.43.26:667][678]LogAudioMixer: Display: Creating Master Submix 'MasterSubmixDefault'
[2026.06.09-00.43.26:667][678]LogAudioMixer: Display: Creating Master Submix 'MasterReverbSubmixDefault'
[2026.06.09-00.43.26:668][678]LogAudioMixer: Display: Creating Master Submix 'MasterEQSubmixDefault'
[2026.06.09-00.43.26:668][678]LogAudioMixer: FMixerPlatformXAudio2::StartAudioStream() called
[2026.06.09-00.43.26:668][678]LogAudioMixer: Display: Output buffers initialized: Frames=1024, Channels=2, Samples=2048
[2026.06.09-00.43.26:669][678]LogAudioMixer: Display: Starting AudioMixerPlatformInterface::RunInternal()
[2026.06.09-00.43.26:669][678]LogAudioMixer: Display: FMixerPlatformXAudio2::SubmitBuffer() called for the first time
[2026.06.09-00.43.26:669][678]LogInit: FAudioDevice initialized.
[2026.06.09-00.43.26:669][678]LogAudio: Display: Audio Device (ID: 15) registered with world 'model'.
[2026.06.09-00.43.26:711][678]LogSlate: Updating window title bar state: overlay mode, drag disabled, window buttons hidden, title bar hidden
[2026.06.09-00.43.26:711][678]LogLoad: Game class is 'GameModeBase'
[2026.06.09-00.43.26:718][678]LogWorld: Bringing World /Game/HotelRoom/Map/UEDPIE_0_model.model up for play (max tick rate 0) at 2026.06.09-08.43.26
[2026.06.09-00.43.26:719][678]LogWorld: Bringing up level for play took: 0.006897
[2026.06.09-00.43.26:719][678]LogOnline: OSS: Creating online subsystem instance for: :Context_20
[2026.06.09-00.43.26:725][678]PIE: 登陆的服务器
[2026.06.09-00.43.26:727][678]PIE: PIE总开始时间：0.117秒。
[2026.06.09-00.43.37:997][917]LogSlate: Updating window title bar state: overlay mode, drag disabled, window buttons hidden, title bar hidden
[2026.06.09-00.43.37:997][917]LogWorld: BeginTearingDown for /Game/HotelRoom/Map/UEDPIE_0_model
[2026.06.09-00.43.37:997][917]LogSlate: Window 'HotelRoom预览[NetMode: Standalone]  (64-bit/Windows) ' being destroyed
[2026.06.09-00.43.38:016][917]LogWorld: UWorld::CleanupWorld for model, bSessionEnded=true, bCleanupResources=true
[2026.06.09-00.43.38:017][917]LogSlate: InvalidateAllWidgets triggered.  All widgets were invalidated
[2026.06.09-00.43.38:025][917]LogPlayLevel: Display: Shutting down PIE online subsystems
[2026.06.09-00.43.38:042][917]LogSlate: InvalidateAllWidgets triggered.  All widgets were invalidated
[2026.06.09-00.43.38:052][917]LogAudio: Display: Audio Device unregistered from world 'None'.
[2026.06.09-00.43.38:052][917]LogAudioMixer: FMixerPlatformXAudio2::StopAudioStream() called
[2026.06.09-00.43.38:054][917]LogAudioMixer: FMixerPlatformXAudio2::StopAudioStream() called
[2026.06.09-00.43.38:062][917]LogUObjectHash: Compacting FUObjectHashTables data took   1.75ms
[2026.06.09-00.43.38:095][918]LogPlayLevel: Display: Destroying online subsystem :Context_20
[2026.06.09-00.43.43:562][469]LogEditorViewport: Clicking on Actor (LMB): StaticMeshActor (SM_Pendantlamp_03)
[2026.06.09-00.43.46:252][734]LogAssetEditorSubsystem: Opening Asset editor for StaticMesh /Game/HotelRoom/Mesh/SM_Pendantlamp_03.SM_Pendantlamp_03
[2026.06.09-00.44.02:290][922]LogEditorViewport: Clicking on Actor (LMB): StaticMeshActor (SM_Pendantlamp_02)
[2026.06.09-00.44.09:562][413]LogAssetEditorSubsystem: Opening Asset editor for MaterialInstanceConstant /Game/Computer/Material/MI_Glass_Area.MI_Glass_Area
[2026.06.09-00.44.13:412][654]LogSlate: Window 'MI_Glass_Area' being destroyed
[2026.06.09-00.44.13:421][654]LogSlate: Window 'MI_Glass_Area' being destroyed
[2026.06.09-00.44.13:426][654]LogWorld: UWorld::CleanupWorld for World_5, bSessionEnded=true, bCleanupResources=true
[2026.06.09-00.44.13:426][654]LogSlate: InvalidateAllWidgets triggered.  All widgets were invalidated
[2026.06.09-00.44.13:476][654]LogWorld: UWorld::CleanupWorld for World_6, bSessionEnded=true, bCleanupResources=true
[2026.06.09-00.44.13:476][654]LogSlate: InvalidateAllWidgets triggered.  All widgets were invalidated
[2026.06.09-00.44.13:528][654]LogWorld: UWorld::CleanupWorld for World_7, bSessionEnded=true, bCleanupResources=true
[2026.06.09-00.44.13:528][654]LogSlate: InvalidateAllWidgets triggered.  All widgets were invalidated
[2026.06.09-00.44.26:292][979]LogAssetEditorSubsystem: Opening Asset editor for StaticMesh /Game/HotelRoom/Mesh/SM_Pendantlamp_02.SM_Pendantlamp_02
[2026.06.09-00.44.45:562][195]LogContentBrowser: Deferred new asset file creation: MI_Glass_Area1
[2026.06.09-00.44.45:594][195]LogContentBrowser: Creating deferred item: MI_Glass_Area1
[2026.06.09-00.44.55:128][815]LogContentBrowser: Attempting asset rename: MI_Glass_Area1 -> MI_Glass_Area1
[2026.06.09-00.44.55:142][815]LogContentBrowser: End creating deferred item MI_Glass_Area1
[2026.06.09-00.45.09:942][856]LogContentBrowser: Attempting asset rename: MI_Glass_Area1 -> MI_YellowGlass_Area
[2026.06.09-00.45.10:229][856]LogSavePackage: Moving '../../../../../../Users/Administrator/Downloads/process/ZJJD-Vol1/Saved/MI_YellowGlass_Area3A54C6A7452C61918FFD518C7AA6F459.tmp' to '../../../../../../Users/Administrator/Downloads/process/ZJJD-Vol1/Content/Computer/Material/MI_YellowGlass_Area.uasset'
[2026.06.09-00.45.10:338][856]LogUObjectHash: Compacting FUObjectHashTables data took   1.40ms
[2026.06.09-00.45.10:368][856]LogUObjectHash: Compacting FUObjectHashTables data took   1.68ms
[2026.06.09-00.45.10:380][856]LogUObjectHash: Compacting FUObjectHashTables data took   0.34ms
[2026.06.09-00.45.10:662][856]AssetCheck: New page: 资产保存：MI_YellowGlass_Area
[2026.06.09-00.45.10:662][856]LogContentValidation: Display: 正在验证MaterialInstanceConstant /Game/Computer/Material/MI_YellowGlass_Area.MI_YellowGlass_Area
[2026.06.09-00.45.15:248][217]LogEditorViewport: Clicking on Actor (LMB): StaticMeshActor (SM_Pendantlamp_03)
[2026.06.09-00.45.17:848][480]LogAssetEditorSubsystem: Opening Asset editor for StaticMesh /Game/HotelRoom/Mesh/SM_Pendantlamp_03.SM_Pendantlamp_03
[2026.06.09-00.45.19:613][550]LogAssetEditorSubsystem: Opening Asset editor for MaterialInstanceConstant /Game/HotelRoom/Material/MI_White_Water.MI_White_Water
[2026.06.09-00.45.35:863][628]LogAssetEditorSubsystem: Opening Asset editor for MaterialInstanceConstant /Game/Computer/Material/MI_YellowGlass_Area.MI_YellowGlass_Area
[2026.06.09-00.45.42:262][ 58]LogUObjectHash: Compacting FUObjectHashTables data took   1.40ms
[2026.06.09-00.45.42:286][ 58]LogUObjectHash: Compacting FUObjectHashTables data took   0.34ms
[2026.06.09-00.45.42:293][ 58]LogSavePackage: Moving '../../../../../../Users/Administrator/Downloads/process/ZJJD-Vol1/Saved/MI_YellowGlass_Area53B129E046344426B07CDABB8182F052.tmp' to '../../../../../../Users/Administrator/Downloads/process/ZJJD-Vol1/Content/Computer/Material/MI_YellowGlass_Area.uasset'
[2026.06.09-00.45.42:309][ 58]AssetCheck: New page: 资产保存：MI_YellowGlass_Area
[2026.06.09-00.45.42:309][ 58]LogContentValidation: Display: 正在验证MaterialInstanceConstant /Game/Computer/Material/MI_YellowGlass_Area.MI_YellowGlass_Area
[2026.06.09-00.54.14:304][607]LogSlate: Window 'MI_YellowGlass_Area' being destroyed
[2026.06.09-00.54.14:316][607]LogSlate: Window 'MI_YellowGlass_Area' being destroyed
[2026.06.09-00.54.14:320][607]LogWorld: UWorld::CleanupWorld for World_8, bSessionEnded=true, bCleanupResources=true
[2026.06.09-00.54.14:320][607]LogSlate: InvalidateAllWidgets triggered.  All widgets were invalidated
[2026.06.09-00.54.14:369][607]LogWorld: UWorld::CleanupWorld for World_9, bSessionEnded=true, bCleanupResources=true
[2026.06.09-00.54.14:369][607]LogSlate: InvalidateAllWidgets triggered.  All widgets were invalidated
[2026.06.09-00.54.14:415][607]LogWorld: UWorld::CleanupWorld for World_10, bSessionEnded=true, bCleanupResources=true
[2026.06.09-00.54.14:415][607]LogSlate: InvalidateAllWidgets triggered.  All widgets were invalidated
[2026.06.09-00.54.14:437][607]LogWorld: UWorld::CleanupWorld for World_11, bSessionEnded=true, bCleanupResources=true
[2026.06.09-00.54.14:437][607]LogSlate: InvalidateAllWidgets triggered.  All widgets were invalidated
[2026.06.09-00.54.20:430][206]LogAssetEditorSubsystem: Opening Asset editor for StaticMesh /Game/HotelRoom/Mesh/SM_Pendantlamp_03.SM_Pendantlamp_03
[2026.06.09-00.54.26:590][550]Cmd: OBJ SAVEPACKAGE PACKAGE="/Game/HotelRoom/Mesh/SM_Pendantlamp_03" FILE="../../../../../../Users/Administrator/Downloads/process/ZJJD-Vol1/Content/HotelRoom/Mesh/SM_Pendantlamp_03.uasset" SILENT=true
[2026.06.09-00.54.26:611][550]LogSavePackage: Moving '../../../../../../Users/Administrator/Downloads/process/ZJJD-Vol1/Saved/SM_Pendantlamp_039BA21A9A43D8A69D5C9CB496F4367168.tmp' to '../../../../../../Users/Administrator/Downloads/process/ZJJD-Vol1/Content/HotelRoom/Mesh/SM_Pendantlamp_03.uasset'
[2026.06.09-00.54.26:628][550]AssetCheck: New page: 资产保存：SM_Pendantlamp_03
[2026.06.09-00.54.26:628][550]LogContentValidation: Display: 正在验证StaticMesh /Game/HotelRoom/Mesh/SM_Pendantlamp_03.SM_Pendantlamp_03
[2026.06.09-00.54.27:957][659]LogSlate: Window 'SM_Pendantlamp_03' being destroyed
[2026.06.09-00.54.27:965][659]LogSlate: Window 'SM_Pendantlamp_03' being destroyed
[2026.06.09-00.54.27:971][659]LogWorld: UWorld::CleanupWorld for World_12, bSessionEnded=true, bCleanupResources=true
[2026.06.09-00.54.27:971][659]LogSlate: InvalidateAllWidgets triggered.  All widgets were invalidated
[2026.06.09-00.54.31:782][ 90]LogEditorViewport: Clicking on Actor (LMB): StaticMeshActor (SM_Pendantlamp_02)
[2026.06.09-00.54.33:437][280]LogAssetEditorSubsystem: Opening Asset editor for StaticMesh /Game/HotelRoom/Mesh/SM_Pendantlamp_02.SM_Pendantlamp_02
[2026.06.09-00.54.39:078][605]Cmd: OBJ SAVEPACKAGE PACKAGE="/Game/HotelRoom/Mesh/SM_Pendantlamp_02" FILE="../../../../../../Users/Administrator/Downloads/process/ZJJD-Vol1/Content/HotelRoom/Mesh/SM_Pendantlamp_02.uasset" SILENT=true
[2026.06.09-00.54.39:092][605]LogSavePackage: Moving '../../../../../../Users/Administrator/Downloads/process/ZJJD-Vol1/Saved/SM_Pendantlamp_0245B988A44196B392E2401C9A0403DD7E.tmp' to '../../../../../../Users/Administrator/Downloads/process/ZJJD-Vol1/Content/HotelRoom/Mesh/SM_Pendantlamp_02.uasset'
[2026.06.09-00.54.39:110][605]AssetCheck: New page: 资产保存：SM_Pendantlamp_02
[2026.06.09-00.54.39:110][605]LogContentValidation: Display: 正在验证StaticMesh /Game/HotelRoom/Mesh/SM_Pendantlamp_02.SM_Pendantlamp_02
[2026.06.09-00.54.40:463][702]LogSlate: Window 'SM_Pendantlamp_02' being destroyed
[2026.06.09-00.54.40:470][702]LogSlate: Window 'SM_Pendantlamp_02' being destroyed
[2026.06.09-00.54.40:475][702]LogWorld: UWorld::CleanupWorld for World_13, bSessionEnded=true, bCleanupResources=true
[2026.06.09-00.54.40:476][702]LogSlate: InvalidateAllWidgets triggered.  All widgets were invalidated
[2026.06.09-00.54.43:350][ 20]LogTemp: Repeating last play command: 新建编辑器窗口（编辑器中运行）
[2026.06.09-00.54.43:357][ 20]LogPlayLevel: PlayLevel: No blueprints needed recompiling
[2026.06.09-00.54.43:357][ 20]PIE: New page: PIE会话：model（2026年6月9日 下午4:54:43）
[2026.06.09-00.54.43:357][ 20]LogPlayLevel: Creating play world package: /Game/HotelRoom/Map/UEDPIE_0_model
[2026.06.09-00.54.43:377][ 20]LogPlayLevel: PIE: StaticDuplicateObject took: (0.019537s)
[2026.06.09-00.54.43:378][ 20]LogAIModule: Creating AISystem for world model
[2026.06.09-00.54.43:378][ 20]LogPlayLevel: PIE: World Init took: (0.001521s)
[2026.06.09-00.54.43:378][ 20]LogPlayLevel: PIE: Created PIE world by copying editor world from /Game/HotelRoom/Map/model.model to /Game/HotelRoom/Map/UEDPIE_0_model.model (0.021289s)
[2026.06.09-00.54.43:391][ 20]LogUObjectHash: Compacting FUObjectHashTables data took   1.04ms
[2026.06.09-00.54.43:396][ 20]LogAudio: Display: Creating Audio Device:                 Id: 16, Scope: Unique, Realtime: True
[2026.06.09-00.54.43:396][ 20]LogAudioMixer: Display: Audio Mixer Platform Settings:
[2026.06.09-00.54.43:396][ 20]LogAudioMixer: Display: 	Sample Rate:						  48000
[2026.06.09-00.54.43:396][ 20]LogAudioMixer: Display: 	Callback Buffer Frame Size Requested: 1024
[2026.06.09-00.54.43:396][ 20]LogAudioMixer: Display: 	Callback Buffer Frame Size To Use:	  1024
[2026.06.09-00.54.43:396][ 20]LogAudioMixer: Display: 	Number of buffers to queue:			  2
[2026.06.09-00.54.43:396][ 20]LogAudioMixer: Display: 	Max Channels (voices):				  32
[2026.06.09-00.54.43:396][ 20]LogAudioMixer: Display: 	Number of Async Source Workers:		  0
[2026.06.09-00.54.43:396][ 20]LogAudio: Display: AudioDevice MaxSources: 32
[2026.06.09-00.54.43:397][ 20]LogAudio: Display: Audio Spatialization Plugin: None (built-in).
[2026.06.09-00.54.43:397][ 20]LogAudio: Display: Audio Reverb Plugin: None (built-in).
[2026.06.09-00.54.43:397][ 20]LogAudio: Display: Audio Occlusion Plugin: None (built-in).
[2026.06.09-00.54.43:397][ 20]LogAudioMixer: Display: Initializing audio mixer.
[2026.06.09-00.54.43:406][ 20]LogAudioMixer: Display: 0: FrontLeft
[2026.06.09-00.54.43:406][ 20]LogAudioMixer: Display: 1: FrontRight
[2026.06.09-00.54.43:428][ 20]LogAudioMixer: Display: Using Audio Device 2270W (NVIDIA High Definition Audio)
[2026.06.09-00.54.43:428][ 20]LogAudioMixer: Display: Initializing Sound Submixes...
[2026.06.09-00.54.43:429][ 20]LogAudioMixer: Display: Creating Master Submix 'MasterSubmixDefault'
[2026.06.09-00.54.43:429][ 20]LogAudioMixer: Display: Creating Master Submix 'MasterReverbSubmixDefault'
[2026.06.09-00.54.43:429][ 20]LogAudioMixer: Display: Creating Master Submix 'MasterEQSubmixDefault'
[2026.06.09-00.54.43:429][ 20]LogAudioMixer: FMixerPlatformXAudio2::StartAudioStream() called
[2026.06.09-00.54.43:429][ 20]LogAudioMixer: Display: Output buffers initialized: Frames=1024, Channels=2, Samples=2048
[2026.06.09-00.54.43:431][ 20]LogAudioMixer: Display: Starting AudioMixerPlatformInterface::RunInternal()
[2026.06.09-00.54.43:431][ 20]LogAudioMixer: Display: FMixerPlatformXAudio2::SubmitBuffer() called for the first time
[2026.06.09-00.54.43:431][ 20]LogInit: FAudioDevice initialized.
[2026.06.09-00.54.43:431][ 20]LogAudio: Display: Audio Device (ID: 16) registered with world 'model'.
[2026.06.09-00.54.43:486][ 20]LogSlate: Updating window title bar state: overlay mode, drag disabled, window buttons hidden, title bar hidden
[2026.06.09-00.54.43:487][ 20]LogLoad: Game class is 'GameModeBase'
[2026.06.09-00.54.43:494][ 20]LogWorld: Bringing World /Game/HotelRoom/Map/UEDPIE_0_model.model up for play (max tick rate 0) at 2026.06.09-08.54.43
[2026.06.09-00.54.43:494][ 20]LogWorld: Bringing up level for play took: 0.006867
[2026.06.09-00.54.43:495][ 20]LogOnline: OSS: Creating online subsystem instance for: :Context_29
[2026.06.09-00.54.43:500][ 20]PIE: 登陆的服务器
[2026.06.09-00.54.43:502][ 20]PIE: PIE总开始时间：0.147秒。
[2026.06.09-00.54.51:983][999]LogSlate: Updating window title bar state: overlay mode, drag disabled, window buttons hidden, title bar hidden
[2026.06.09-00.54.51:983][999]LogWorld: BeginTearingDown for /Game/HotelRoom/Map/UEDPIE_0_model
[2026.06.09-00.54.51:983][999]LogSlate: Window 'HotelRoom预览[NetMode: Standalone]  (64-bit/Windows) ' being destroyed
[2026.06.09-00.54.51:992][999]LogWorld: UWorld::CleanupWorld for model, bSessionEnded=true, bCleanupResources=true
[2026.06.09-00.54.51:994][999]LogSlate: InvalidateAllWidgets triggered.  All widgets were invalidated
[2026.06.09-00.54.52:007][999]LogPlayLevel: Display: Shutting down PIE online subsystems
[2026.06.09-00.54.52:025][999]LogSlate: InvalidateAllWidgets triggered.  All widgets were invalidated
[2026.06.09-00.54.52:034][999]LogAudio: Display: Audio Device unregistered from world 'None'.
[2026.06.09-00.54.52:034][999]LogAudioMixer: FMixerPlatformXAudio2::StopAudioStream() called
[2026.06.09-00.54.52:036][999]LogAudioMixer: FMixerPlatformXAudio2::StopAudioStream() called
[2026.06.09-00.54.52:043][999]LogUObjectHash: Compacting FUObjectHashTables data took   1.04ms
[2026.06.09-00.54.52:077][  0]LogPlayLevel: Display: Destroying online subsystem :Context_29
[2026.06.09-00.54.54:465][192]LogAssetEditorSubsystem: Opening Asset editor for MaterialInstanceConstant /Game/Computer/Material/MI_YellowGlass_Area.MI_YellowGlass_Area
[2026.06.09-00.55.00:366][645]LogUObjectHash: Compacting FUObjectHashTables data took   1.01ms
[2026.06.09-00.55.00:376][645]LogUObjectHash: Compacting FUObjectHashTables data took   0.36ms
[2026.06.09-00.55.00:383][645]LogSavePackage: Moving '../../../../../../Users/Administrator/Downloads/process/ZJJD-Vol1/Saved/MI_YellowGlass_Area5BF195FE4A35EF6DD251E9AA9D22C8D9.tmp' to '../../../../../../Users/Administrator/Downloads/process/ZJJD-Vol1/Content/Computer/Material/MI_YellowGlass_Area.uasset'
[2026.06.09-00.55.00:399][645]AssetCheck: New page: 资产保存：MI_YellowGlass_Area
[2026.06.09-00.55.00:399][645]LogContentValidation: Display: 正在验证MaterialInstanceConstant /Game/Computer/Material/MI_YellowGlass_Area.MI_YellowGlass_Area
[2026.06.09-00.55.01:695][747]LogSlate: Window 'MI_YellowGlass_Area' being destroyed
[2026.06.09-00.55.01:704][747]LogSlate: Window 'MI_YellowGlass_Area' being destroyed
[2026.06.09-00.55.01:710][747]LogWorld: UWorld::CleanupWorld for World_14, bSessionEnded=true, bCleanupResources=true
[2026.06.09-00.55.01:710][747]LogSlate: InvalidateAllWidgets triggered.  All widgets were invalidated
[2026.06.09-00.55.04:319][ 33]LogTemp: Repeating last play command: 新建编辑器窗口（编辑器中运行）
[2026.06.09-00.55.04:326][ 33]LogPlayLevel: PlayLevel: No blueprints needed recompiling
[2026.06.09-00.55.04:326][ 33]PIE: New page: PIE会话：model（2026年6月9日 下午4:55:04）
[2026.06.09-00.55.04:326][ 33]LogPlayLevel: Creating play world package: /Game/HotelRoom/Map/UEDPIE_0_model
[2026.06.09-00.55.04:338][ 33]LogPlayLevel: PIE: StaticDuplicateObject took: (0.011975s)
[2026.06.09-00.55.04:339][ 33]LogAIModule: Creating AISystem for world model
[2026.06.09-00.55.04:339][ 33]LogPlayLevel: PIE: World Init took: (0.001227s)
[2026.06.09-00.55.04:339][ 33]LogPlayLevel: PIE: Created PIE world by copying editor world from /Game/HotelRoom/Map/model.model to /Game/HotelRoom/Map/UEDPIE_0_model.model (0.013370s)
[2026.06.09-00.55.04:348][ 33]LogUObjectHash: Compacting FUObjectHashTables data took   1.01ms
[2026.06.09-00.55.04:350][ 33]LogAudio: Display: Creating Audio Device:                 Id: 17, Scope: Unique, Realtime: True
[2026.06.09-00.55.04:350][ 33]LogAudioMixer: Display: Audio Mixer Platform Settings:
[2026.06.09-00.55.04:350][ 33]LogAudioMixer: Display: 	Sample Rate:						  48000
[2026.06.09-00.55.04:350][ 33]LogAudioMixer: Display: 	Callback Buffer Frame Size Requested: 1024
[2026.06.09-00.55.04:350][ 33]LogAudioMixer: Display: 	Callback Buffer Frame Size To Use:	  1024
[2026.06.09-00.55.04:350][ 33]LogAudioMixer: Display: 	Number of buffers to queue:			  2
[2026.06.09-00.55.04:350][ 33]LogAudioMixer: Display: 	Max Channels (voices):				  32
[2026.06.09-00.55.04:350][ 33]LogAudioMixer: Display: 	Number of Async Source Workers:		  0
[2026.06.09-00.55.04:350][ 33]LogAudio: Display: AudioDevice MaxSources: 32
[2026.06.09-00.55.04:350][ 33]LogAudio: Display: Audio Spatialization Plugin: None (built-in).
[2026.06.09-00.55.04:350][ 33]LogAudio: Display: Audio Reverb Plugin: None (built-in).
[2026.06.09-00.55.04:350][ 33]LogAudio: Display: Audio Occlusion Plugin: None (built-in).
[2026.06.09-00.55.04:350][ 33]LogAudioMixer: Display: Initializing audio mixer.
[2026.06.09-00.55.04:359][ 33]LogAudioMixer: Display: 0: FrontLeft
[2026.06.09-00.55.04:359][ 33]LogAudioMixer: Display: 1: FrontRight
[2026.06.09-00.55.04:374][ 33]LogAudioMixer: Display: Using Audio Device 2270W (NVIDIA High Definition Audio)
[2026.06.09-00.55.04:374][ 33]LogAudioMixer: Display: Initializing Sound Submixes...
[2026.06.09-00.55.04:375][ 33]LogAudioMixer: Display: Creating Master Submix 'MasterSubmixDefault'
[2026.06.09-00.55.04:375][ 33]LogAudioMixer: Display: Creating Master Submix 'MasterReverbSubmixDefault'
[2026.06.09-00.55.04:375][ 33]LogAudioMixer: Display: Creating Master Submix 'MasterEQSubmixDefault'
[2026.06.09-00.55.04:375][ 33]LogAudioMixer: FMixerPlatformXAudio2::StartAudioStream() called
[2026.06.09-00.55.04:375][ 33]LogAudioMixer: Display: Output buffers initialized: Frames=1024, Channels=2, Samples=2048
[2026.06.09-00.55.04:377][ 33]LogAudioMixer: Display: Starting AudioMixerPlatformInterface::RunInternal()
[2026.06.09-00.55.04:377][ 33]LogAudioMixer: Display: FMixerPlatformXAudio2::SubmitBuffer() called for the first time
[2026.06.09-00.55.04:377][ 33]LogInit: FAudioDevice initialized.
[2026.06.09-00.55.04:377][ 33]LogAudio: Display: Audio Device (ID: 17) registered with world 'model'.
[2026.06.09-00.55.04:410][ 33]LogSlate: Updating window title bar state: overlay mode, drag disabled, window buttons hidden, title bar hidden
[2026.06.09-00.55.04:411][ 33]LogLoad: Game class is 'GameModeBase'
[2026.06.09-00.55.04:418][ 33]LogWorld: Bringing World /Game/HotelRoom/Map/UEDPIE_0_model.model up for play (max tick rate 0) at 2026.06.09-08.55.04
[2026.06.09-00.55.04:418][ 33]LogWorld: Bringing up level for play took: 0.006160
[2026.06.09-00.55.04:418][ 33]LogOnline: OSS: Creating online subsystem instance for: :Context_31
[2026.06.09-00.55.04:424][ 33]PIE: 登陆的服务器
[2026.06.09-00.55.04:425][ 33]PIE: PIE总开始时间：0.1秒。
[2026.06.09-00.55.22:613][161]LogSlate: Updating window title bar state: overlay mode, drag disabled, window buttons hidden, title bar hidden
[2026.06.09-00.55.22:613][161]LogWorld: BeginTearingDown for /Game/HotelRoom/Map/UEDPIE_0_model
[2026.06.09-00.55.22:616][161]LogSlate: Window 'HotelRoom预览[NetMode: Standalone]  (64-bit/Windows) ' being destroyed
[2026.06.09-00.55.22:632][161]LogWorld: UWorld::CleanupWorld for model, bSessionEnded=true, bCleanupResources=true
[2026.06.09-00.55.22:633][161]LogSlate: InvalidateAllWidgets triggered.  All widgets were invalidated
[2026.06.09-00.55.22:644][161]LogPlayLevel: Display: Shutting down PIE online subsystems
[2026.06.09-00.55.22:662][161]LogSlate: InvalidateAllWidgets triggered.  All widgets were invalidated
[2026.06.09-00.55.22:670][161]LogAudioMixer: FMixerPlatformXAudio2::StopAudioStream() called
[2026.06.09-00.55.22:672][161]LogAudioMixer: FMixerPlatformXAudio2::StopAudioStream() called
[2026.06.09-00.55.22:676][161]LogUObjectHash: Compacting FUObjectHashTables data took   0.94ms
[2026.06.09-00.55.22:715][162]LogPlayLevel: Display: Destroying online subsystem :Context_31
[2026.06.09-00.56.00:734][652]LogUObjectHash: Compacting FUObjectHashTables data took   1.16ms
[2026.06.09-00.56.00:797][652]LogSavePackage: Moving '../../../../../../Users/Administrator/Downloads/process/ZJJD-Vol1/Saved/modelCFA7DE204B3AA36FDBB761B01C8AFD48.tmp' to '../../../../../../Users/Administrator/Downloads/process/ZJJD-Vol1/Content/HotelRoom/Map/model.umap'
[2026.06.09-00.56.00:805][652]Cmd: OBJ SAVEPACKAGE PACKAGE="/Game/HotelRoom/Map/model_BuiltData" FILE="../../../../../../Users/Administrator/Downloads/process/ZJJD-Vol1/Content/HotelRoom/Map/model_BuiltData.uasset" SILENT=true
[2026.06.09-00.56.02:219][652]LogSavePackage: Moving '../../../../../../Users/Administrator/Downloads/process/ZJJD-Vol1/Saved/model_BuiltData497F7CC744D160E1D40344BF222D6293.tmp' to '../../../../../../Users/Administrator/Downloads/process/ZJJD-Vol1/Content/HotelRoom/Map/model_BuiltData.uasset'
[2026.06.09-00.56.02:244][652]AssetCheck: New page: 资产保存：多个资产
[2026.06.09-00.56.02:244][652]LogContentValidation: Display: 正在验证MapBuildDataRegistry /Game/HotelRoom/Map/model_BuiltData.model_BuiltData
[2026.06.09-00.56.02:244][652]LogContentValidation: Display: 正在验证World /Game/HotelRoom/Map/model.model
[2026.06.09-00.56.02:613][679]LogUObjectHash: Compacting FUObjectHashTables data took   1.31ms
[2026.06.09-00.56.04:583][875]LogTemp: Repeating last play command: 新建编辑器窗口（编辑器中运行）
[2026.06.09-00.56.04:589][875]LogPlayLevel: PlayLevel: No blueprints needed recompiling
[2026.06.09-00.56.04:590][875]PIE: New page: PIE会话：model（2026年6月9日 下午4:56:04）
[2026.06.09-00.56.04:590][875]LogPlayLevel: Creating play world package: /Game/HotelRoom/Map/UEDPIE_0_model
[2026.06.09-00.56.04:601][875]LogPlayLevel: PIE: StaticDuplicateObject took: (0.011339s)
[2026.06.09-00.56.04:602][875]LogAIModule: Creating AISystem for world model
[2026.06.09-00.56.04:603][875]LogPlayLevel: PIE: World Init took: (0.001587s)
[2026.06.09-00.56.04:603][875]LogPlayLevel: PIE: Created PIE world by copying editor world from /Game/HotelRoom/Map/model.model to /Game/HotelRoom/Map/UEDPIE_0_model.model (0.013094s)
[2026.06.09-00.56.04:611][875]LogUObjectHash: Compacting FUObjectHashTables data took   1.01ms
[2026.06.09-00.56.04:612][875]LogAudio: Display: Creating Audio Device:                 Id: 18, Scope: Unique, Realtime: True
[2026.06.09-00.56.04:612][875]LogAudioMixer: Display: Audio Mixer Platform Settings:
[2026.06.09-00.56.04:613][875]LogAudioMixer: Display: 	Sample Rate:						  48000
[2026.06.09-00.56.04:613][875]LogAudioMixer: Display: 	Callback Buffer Frame Size Requested: 1024
[2026.06.09-00.56.04:613][875]LogAudioMixer: Display: 	Callback Buffer Frame Size To Use:	  1024
[2026.06.09-00.56.04:613][875]LogAudioMixer: Display: 	Number of buffers to queue:			  2
[2026.06.09-00.56.04:613][875]LogAudioMixer: Display: 	Max Channels (voices):				  32
[2026.06.09-00.56.04:613][875]LogAudioMixer: Display: 	Number of Async Source Workers:		  0
[2026.06.09-00.56.04:613][875]LogAudio: Display: AudioDevice MaxSources: 32
[2026.06.09-00.56.04:613][875]LogAudio: Display: Audio Spatialization Plugin: None (built-in).
[2026.06.09-00.56.04:613][875]LogAudio: Display: Audio Reverb Plugin: None (built-in).
[2026.06.09-00.56.04:613][875]LogAudio: Display: Audio Occlusion Plugin: None (built-in).
[2026.06.09-00.56.04:614][875]LogAudioMixer: Display: Initializing audio mixer.
[2026.06.09-00.56.04:623][875]LogAudioMixer: Display: 0: FrontLeft
[2026.06.09-00.56.04:623][875]LogAudioMixer: Display: 1: FrontRight
[2026.06.09-00.56.04:640][875]LogAudioMixer: Display: Using Audio Device 2270W (NVIDIA High Definition Audio)
[2026.06.09-00.56.04:640][875]LogAudioMixer: Display: Initializing Sound Submixes...
[2026.06.09-00.56.04:640][875]LogAudioMixer: Display: Creating Master Submix 'MasterSubmixDefault'
[2026.06.09-00.56.04:640][875]LogAudioMixer: Display: Creating Master Submix 'MasterReverbSubmixDefault'
[2026.06.09-00.56.04:641][875]LogAudioMixer: Display: Creating Master Submix 'MasterEQSubmixDefault'
[2026.06.09-00.56.04:641][875]LogAudioMixer: FMixerPlatformXAudio2::StartAudioStream() called
[2026.06.09-00.56.04:641][875]LogAudioMixer: Display: Output buffers initialized: Frames=1024, Channels=2, Samples=2048
[2026.06.09-00.56.04:643][875]LogAudioMixer: Display: Starting AudioMixerPlatformInterface::RunInternal()
[2026.06.09-00.56.04:643][875]LogAudioMixer: Display: FMixerPlatformXAudio2::SubmitBuffer() called for the first time
[2026.06.09-00.56.04:643][875]LogInit: FAudioDevice initialized.
[2026.06.09-00.56.04:643][875]LogAudio: Display: Audio Device (ID: 18) registered with world 'model'.
[2026.06.09-00.56.04:693][875]LogSlate: Updating window title bar state: overlay mode, drag disabled, window buttons hidden, title bar hidden
[2026.06.09-00.56.04:693][875]LogLoad: Game class is 'GameModeBase'
[2026.06.09-00.56.04:701][875]LogWorld: Bringing World /Game/HotelRoom/Map/UEDPIE_0_model.model up for play (max tick rate 0) at 2026.06.09-08.56.04
[2026.06.09-00.56.04:702][875]LogWorld: Bringing up level for play took: 0.008088
[2026.06.09-00.56.04:702][875]LogOnline: OSS: Creating online subsystem instance for: :Context_32
[2026.06.09-00.56.04:708][875]PIE: 登陆的服务器
[2026.06.09-00.56.04:709][875]PIE: PIE总开始时间：0.121秒。
[2026.06.09-00.56.08:424][294]LogSlate: Updating window title bar state: overlay mode, drag disabled, window buttons hidden, title bar hidden
[2026.06.09-00.56.08:424][294]LogWorld: BeginTearingDown for /Game/HotelRoom/Map/UEDPIE_0_model
[2026.06.09-00.56.08:425][294]LogSlate: Window 'HotelRoom预览[NetMode: Standalone]  (64-bit/Windows) ' being destroyed
[2026.06.09-00.56.08:439][294]LogWorld: UWorld::CleanupWorld for model, bSessionEnded=true, bCleanupResources=true
[2026.06.09-00.56.08:441][294]LogSlate: InvalidateAllWidgets triggered.  All widgets were invalidated
[2026.06.09-00.56.08:452][294]LogPlayLevel: Display: Shutting down PIE online subsystems
[2026.06.09-00.56.08:471][294]LogSlate: InvalidateAllWidgets triggered.  All widgets were invalidated
[2026.06.09-00.56.08:479][294]LogAudio: Display: Audio Device unregistered from world 'None'.
[2026.06.09-00.56.08:479][294]LogAudioMixer: FMixerPlatformXAudio2::StopAudioStream() called
[2026.06.09-00.56.08:481][294]LogAudioMixer: FMixerPlatformXAudio2::StopAudioStream() called
[2026.06.09-00.56.08:486][294]LogUObjectHash: Compacting FUObjectHashTables data took   0.93ms
[2026.06.09-00.56.08:517][295]LogPlayLevel: Display: Destroying online subsystem :Context_32
[2026.06.09-00.57.40:718][256]LogUObjectHash: Compacting FUObjectHashTables data took   0.98ms
[2026.06.09-00.57.40:776][256]LogSavePackage: Moving '../../../../../../Users/Administrator/Downloads/process/ZJJD-Vol1/Saved/modelAD973FDD4CD37BFA317289BCE7F4FB8B.tmp' to '../../../../../../Users/Administrator/Downloads/process/ZJJD-Vol1/Content/HotelRoom/Map/model.umap'
[2026.06.09-00.57.40:785][256]Cmd: OBJ SAVEPACKAGE PACKAGE="/Game/HotelRoom/Map/model_BuiltData" FILE="../../../../../../Users/Administrator/Downloads/process/ZJJD-Vol1/Content/HotelRoom/Map/model_BuiltData.uasset" SILENT=true
[2026.06.09-00.57.42:189][256]LogSavePackage: Moving '../../../../../../Users/Administrator/Downloads/process/ZJJD-Vol1/Saved/model_BuiltData55D4DFDF47E857A5C64CC49B5FBC488C.tmp' to '../../../../../../Users/Administrator/Downloads/process/ZJJD-Vol1/Content/HotelRoom/Map/model_BuiltData.uasset'
[2026.06.09-00.57.42:212][256]AssetCheck: New page: 资产保存：多个资产
[2026.06.09-00.57.42:212][256]LogContentValidation: Display: 正在验证MapBuildDataRegistry /Game/HotelRoom/Map/model_BuiltData.model_BuiltData
[2026.06.09-00.57.42:212][256]LogContentValidation: Display: 正在验证World /Game/HotelRoom/Map/model.model
[2026.06.09-00.57.42:768][300]LogUObjectHash: Compacting FUObjectHashTables data took   0.43ms
[2026.06.09-00.58.15:480][127]LogEditorViewport: Clicking on Actor (context menu): StaticMeshActor (SM_Bed_01_02)
[2026.06.09-00.58.17:300][280]LogTemp: Repeating last play command: 新建编辑器窗口（编辑器中运行）
[2026.06.09-00.58.17:308][280]LogPlayLevel: PlayLevel: No blueprints needed recompiling
[2026.06.09-00.58.17:308][280]PIE: New page: PIE会话：model（2026年6月9日 下午4:58:17）
[2026.06.09-00.58.17:308][280]LogPlayLevel: Creating play world package: /Game/HotelRoom/Map/UEDPIE_0_model
[2026.06.09-00.58.17:320][280]LogPlayLevel: PIE: StaticDuplicateObject took: (0.011824s)
[2026.06.09-00.58.17:321][280]LogAIModule: Creating AISystem for world model
[2026.06.09-00.58.17:321][280]LogPlayLevel: PIE: World Init took: (0.001267s)
[2026.06.09-00.58.17:321][280]LogPlayLevel: PIE: Created PIE world by copying editor world from /Game/HotelRoom/Map/model.model to /Game/HotelRoom/Map/UEDPIE_0_model.model (0.013264s)
[2026.06.09-00.58.17:332][280]LogUObjectHash: Compacting FUObjectHashTables data took   0.97ms
[2026.06.09-00.58.17:337][280]LogAudio: Display: Creating Audio Device:                 Id: 19, Scope: Unique, Realtime: True
[2026.06.09-00.58.17:337][280]LogAudioMixer: Display: Audio Mixer Platform Settings:
[2026.06.09-00.58.17:337][280]LogAudioMixer: Display: 	Sample Rate:						  48000
[2026.06.09-00.58.17:337][280]LogAudioMixer: Display: 	Callback Buffer Frame Size Requested: 1024
[2026.06.09-00.58.17:337][280]LogAudioMixer: Display: 	Callback Buffer Frame Size To Use:	  1024
[2026.06.09-00.58.17:337][280]LogAudioMixer: Display: 	Number of buffers to queue:			  2
[2026.06.09-00.58.17:337][280]LogAudioMixer: Display: 	Max Channels (voices):				  32
[2026.06.09-00.58.17:337][280]LogAudioMixer: Display: 	Number of Async Source Workers:		  0
[2026.06.09-00.58.17:337][280]LogAudio: Display: AudioDevice MaxSources: 32
[2026.06.09-00.58.17:338][280]LogAudio: Display: Audio Spatialization Plugin: None (built-in).
[2026.06.09-00.58.17:338][280]LogAudio: Display: Audio Reverb Plugin: None (built-in).
[2026.06.09-00.58.17:338][280]LogAudio: Display: Audio Occlusion Plugin: None (built-in).
[2026.06.09-00.58.17:338][280]LogAudioMixer: Display: Initializing audio mixer.
[2026.06.09-00.58.17:348][280]LogAudioMixer: Display: 0: FrontLeft
[2026.06.09-00.58.17:348][280]LogAudioMixer: Display: 1: FrontRight
[2026.06.09-00.58.17:366][280]LogAudioMixer: Display: Using Audio Device 2270W (NVIDIA High Definition Audio)
[2026.06.09-00.58.17:366][280]LogAudioMixer: Display: Initializing Sound Submixes...
[2026.06.09-00.58.17:366][280]LogAudioMixer: Display: Creating Master Submix 'MasterSubmixDefault'
[2026.06.09-00.58.17:366][280]LogAudioMixer: Display: Creating Master Submix 'MasterReverbSubmixDefault'
[2026.06.09-00.58.17:367][280]LogAudioMixer: Display: Creating Master Submix 'MasterEQSubmixDefault'
[2026.06.09-00.58.17:367][280]LogAudioMixer: FMixerPlatformXAudio2::StartAudioStream() called
[2026.06.09-00.58.17:367][280]LogAudioMixer: Display: Output buffers initialized: Frames=1024, Channels=2, Samples=2048
[2026.06.09-00.58.17:370][280]LogAudioMixer: Display: Starting AudioMixerPlatformInterface::RunInternal()
[2026.06.09-00.58.17:370][280]LogAudioMixer: Display: FMixerPlatformXAudio2::SubmitBuffer() called for the first time
[2026.06.09-00.58.17:370][280]LogInit: FAudioDevice initialized.
[2026.06.09-00.58.17:370][280]LogAudio: Display: Audio Device (ID: 19) registered with world 'model'.
[2026.06.09-00.58.17:426][280]LogSlate: Updating window title bar state: overlay mode, drag disabled, window buttons hidden, title bar hidden
[2026.06.09-00.58.17:426][280]LogLoad: Game class is 'GameModeBase'
[2026.06.09-00.58.17:434][280]LogWorld: Bringing World /Game/HotelRoom/Map/UEDPIE_0_model.model up for play (max tick rate 0) at 2026.06.09-08.58.17
[2026.06.09-00.58.17:435][280]LogWorld: Bringing up level for play took: 0.007517
[2026.06.09-00.58.17:435][280]LogOnline: OSS: Creating online subsystem instance for: :Context_33
[2026.06.09-00.58.17:440][280]PIE: 登陆的服务器
[2026.06.09-00.58.17:441][280]PIE: PIE总开始时间：0.135秒。
[2026.06.09-00.58.36:158][487]LogRenderer: Reallocating scene render targets to support 1920x1080 Format 10 NumSamples 1 (Frame:2207).
[2026.06.09-00.58.36:465][490]LogClient: 高分辨率截图另存为 C:/Users/Administrator/Downloads/process/ZJJD-Vol1/Saved/Screenshots/Windows/HighresScreenshot00004.png
[2026.06.09-00.58.37:145][536]LogSlate: Updating window title bar state: overlay mode, drag disabled, window buttons hidden, title bar hidden
[2026.06.09-00.58.37:145][536]LogWorld: BeginTearingDown for /Game/HotelRoom/Map/UEDPIE_0_model
[2026.06.09-00.58.37:146][536]LogSlate: Window 'HotelRoom预览[NetMode: Standalone]  (64-bit/Windows) ' being destroyed
[2026.06.09-00.58.37:164][536]LogWorld: UWorld::CleanupWorld for model, bSessionEnded=true, bCleanupResources=true
[2026.06.09-00.58.37:165][536]LogSlate: InvalidateAllWidgets triggered.  All widgets were invalidated
[2026.06.09-00.58.37:175][536]LogPlayLevel: Display: Shutting down PIE online subsystems
[2026.06.09-00.58.37:193][536]LogSlate: InvalidateAllWidgets triggered.  All widgets were invalidated
[2026.06.09-00.58.37:201][536]LogAudio: Display: Audio Device unregistered from world 'None'.
[2026.06.09-00.58.37:201][536]LogAudioMixer: FMixerPlatformXAudio2::StopAudioStream() called
[2026.06.09-00.58.37:203][536]LogAudioMixer: FMixerPlatformXAudio2::StopAudioStream() called
[2026.06.09-00.58.37:209][536]LogUObjectHash: Compacting FUObjectHashTables data took   0.96ms
[2026.06.09-00.58.37:251][537]LogPlayLevel: Display: Destroying online subsystem :Context_33
[2026.06.09-00.58.58:628][ 32]LogTemp: Repeating last play command: 新建编辑器窗口（编辑器中运行）
[2026.06.09-00.58.58:635][ 32]LogPlayLevel: PlayLevel: No blueprints needed recompiling
[2026.06.09-00.58.58:635][ 32]PIE: New page: PIE会话：model（2026年6月9日 下午4:58:58）
[2026.06.09-00.58.58:635][ 32]LogPlayLevel: Creating play world package: /Game/HotelRoom/Map/UEDPIE_0_model
[2026.06.09-00.58.58:648][ 32]LogPlayLevel: PIE: StaticDuplicateObject took: (0.012623s)
[2026.06.09-00.58.58:649][ 32]LogAIModule: Creating AISystem for world model
[2026.06.09-00.58.58:649][ 32]LogPlayLevel: PIE: World Init took: (0.001609s)
[2026.06.09-00.58.58:649][ 32]LogPlayLevel: PIE: Created PIE world by copying editor world from /Game/HotelRoom/Map/model.model to /Game/HotelRoom/Map/UEDPIE_0_model.model (0.014427s)
[2026.06.09-00.58.58:659][ 32]LogUObjectHash: Compacting FUObjectHashTables data took   0.92ms
[2026.06.09-00.58.58:663][ 32]LogAudio: Display: Creating Audio Device:                 Id: 20, Scope: Unique, Realtime: True
[2026.06.09-00.58.58:664][ 32]LogAudioMixer: Display: Audio Mixer Platform Settings:
[2026.06.09-00.58.58:664][ 32]LogAudioMixer: Display: 	Sample Rate:						  48000
[2026.06.09-00.58.58:664][ 32]LogAudioMixer: Display: 	Callback Buffer Frame Size Requested: 1024
[2026.06.09-00.58.58:664][ 32]LogAudioMixer: Display: 	Callback Buffer Frame Size To Use:	  1024
[2026.06.09-00.58.58:664][ 32]LogAudioMixer: Display: 	Number of buffers to queue:			  2
[2026.06.09-00.58.58:664][ 32]LogAudioMixer: Display: 	Max Channels (voices):				  32
[2026.06.09-00.58.58:664][ 32]LogAudioMixer: Display: 	Number of Async Source Workers:		  0
[2026.06.09-00.58.58:664][ 32]LogAudio: Display: AudioDevice MaxSources: 32
[2026.06.09-00.58.58:664][ 32]LogAudio: Display: Audio Spatialization Plugin: None (built-in).
[2026.06.09-00.58.58:664][ 32]LogAudio: Display: Audio Reverb Plugin: None (built-in).
[2026.06.09-00.58.58:664][ 32]LogAudio: Display: Audio Occlusion Plugin: None (built-in).
[2026.06.09-00.58.58:664][ 32]LogAudioMixer: Display: Initializing audio mixer.
[2026.06.09-00.58.58:672][ 32]LogAudioMixer: Display: 0: FrontLeft
[2026.06.09-00.58.58:672][ 32]LogAudioMixer: Display: 1: FrontRight
[2026.06.09-00.58.58:689][ 32]LogAudioMixer: Display: Using Audio Device 2270W (NVIDIA High Definition Audio)
[2026.06.09-00.58.58:689][ 32]LogAudioMixer: Display: Initializing Sound Submixes...
[2026.06.09-00.58.58:689][ 32]LogAudioMixer: Display: Creating Master Submix 'MasterSubmixDefault'
[2026.06.09-00.58.58:689][ 32]LogAudioMixer: Display: Creating Master Submix 'MasterReverbSubmixDefault'
[2026.06.09-00.58.58:690][ 32]LogAudioMixer: Display: Creating Master Submix 'MasterEQSubmixDefault'
[2026.06.09-00.58.58:690][ 32]LogAudioMixer: FMixerPlatformXAudio2::StartAudioStream() called
[2026.06.09-00.58.58:690][ 32]LogAudioMixer: Display: Output buffers initialized: Frames=1024, Channels=2, Samples=2048
[2026.06.09-00.58.58:692][ 32]LogAudioMixer: Display: Starting AudioMixerPlatformInterface::RunInternal()
[2026.06.09-00.58.58:692][ 32]LogAudioMixer: Display: FMixerPlatformXAudio2::SubmitBuffer() called for the first time
[2026.06.09-00.58.58:692][ 32]LogInit: FAudioDevice initialized.
[2026.06.09-00.58.58:692][ 32]LogAudio: Display: Audio Device (ID: 20) registered with world 'model'.
[2026.06.09-00.58.58:753][ 32]LogSlate: Updating window title bar state: overlay mode, drag disabled, window buttons hidden, title bar hidden
[2026.06.09-00.58.58:753][ 32]LogLoad: Game class is 'GameModeBase'
[2026.06.09-00.58.58:761][ 32]LogWorld: Bringing World /Game/HotelRoom/Map/UEDPIE_0_model.model up for play (max tick rate 0) at 2026.06.09-08.58.58
[2026.06.09-00.58.58:762][ 32]LogWorld: Bringing up level for play took: 0.007596
[2026.06.09-00.58.58:762][ 32]LogOnline: OSS: Creating online subsystem instance for: :Context_34
[2026.06.09-00.58.58:767][ 32]PIE: 登陆的服务器
[2026.06.09-00.58.58:769][ 32]PIE: PIE总开始时间：0.136秒。
[2026.06.09-00.59.09:059][232]LogRenderer: Reallocating scene render targets to support 1920x1080 Format 10 NumSamples 1 (Frame:1200).
[2026.06.09-00.59.09:323][235]LogClient: 高分辨率截图另存为 C:/Users/Administrator/Downloads/process/ZJJD-Vol1/Saved/Screenshots/Windows/HighresScreenshot00005.png
[2026.06.09-00.59.12:005][507]LogSlate: Updating window title bar state: overlay mode, drag disabled, window buttons hidden, title bar hidden
[2026.06.09-00.59.12:005][507]LogWorld: BeginTearingDown for /Game/HotelRoom/Map/UEDPIE_0_model
[2026.06.09-00.59.12:007][507]LogSlate: Window 'HotelRoom预览[NetMode: Standalone]  (64-bit/Windows) ' being destroyed
[2026.06.09-00.59.12:025][507]LogWorld: UWorld::CleanupWorld for model, bSessionEnded=true, bCleanupResources=true
[2026.06.09-00.59.12:027][507]LogSlate: InvalidateAllWidgets triggered.  All widgets were invalidated
[2026.06.09-00.59.12:035][507]LogPlayLevel: Display: Shutting down PIE online subsystems
[2026.06.09-00.59.12:053][507]LogSlate: InvalidateAllWidgets triggered.  All widgets were invalidated
[2026.06.09-00.59.12:066][507]LogAudioMixer: FMixerPlatformXAudio2::StopAudioStream() called
[2026.06.09-00.59.12:067][507]LogAudioMixer: FMixerPlatformXAudio2::StopAudioStream() called
[2026.06.09-00.59.12:074][507]LogUObjectHash: Compacting FUObjectHashTables data took   1.72ms
[2026.06.09-00.59.12:108][508]LogPlayLevel: Display: Destroying online subsystem :Context_34
[2026.06.09-01.01.16:221][150]LogTemp: Repeating last play command: 新建编辑器窗口（编辑器中运行）
[2026.06.09-01.01.16:228][150]LogPlayLevel: PlayLevel: No blueprints needed recompiling
[2026.06.09-01.01.16:228][150]PIE: New page: PIE会话：model（2026年6月9日 下午5:01:16）
[2026.06.09-01.01.16:228][150]LogPlayLevel: Creating play world package: /Game/HotelRoom/Map/UEDPIE_0_model
[2026.06.09-01.01.16:239][150]LogPlayLevel: PIE: StaticDuplicateObject took: (0.011146s)
[2026.06.09-01.01.16:240][150]LogAIModule: Creating AISystem for world model
[2026.06.09-01.01.16:241][150]LogPlayLevel: PIE: World Init took: (0.001657s)
[2026.06.09-01.01.16:241][150]LogPlayLevel: PIE: Created PIE world by copying editor world from /Game/HotelRoom/Map/model.model to /Game/HotelRoom/Map/UEDPIE_0_model.model (0.012944s)
[2026.06.09-01.01.16:249][150]LogUObjectHash: Compacting FUObjectHashTables data took   0.96ms
[2026.06.09-01.01.16:255][150]LogAudio: Display: Creating Audio Device:                 Id: 21, Scope: Unique, Realtime: True
[2026.06.09-01.01.16:256][150]LogAudioMixer: Display: Audio Mixer Platform Settings:
[2026.06.09-01.01.16:256][150]LogAudioMixer: Display: 	Sample Rate:						  48000
[2026.06.09-01.01.16:256][150]LogAudioMixer: Display: 	Callback Buffer Frame Size Requested: 1024
[2026.06.09-01.01.16:256][150]LogAudioMixer: Display: 	Callback Buffer Frame Size To Use:	  1024
[2026.06.09-01.01.16:256][150]LogAudioMixer: Display: 	Number of buffers to queue:			  2
[2026.06.09-01.01.16:256][150]LogAudioMixer: Display: 	Max Channels (voices):				  32
[2026.06.09-01.01.16:256][150]LogAudioMixer: Display: 	Number of Async Source Workers:		  0
[2026.06.09-01.01.16:256][150]LogAudio: Display: AudioDevice MaxSources: 32
[2026.06.09-01.01.16:257][150]LogAudio: Display: Audio Spatialization Plugin: None (built-in).
[2026.06.09-01.01.16:257][150]LogAudio: Display: Audio Reverb Plugin: None (built-in).
[2026.06.09-01.01.16:257][150]LogAudio: Display: Audio Occlusion Plugin: None (built-in).
[2026.06.09-01.01.16:257][150]LogAudioMixer: Display: Initializing audio mixer.
[2026.06.09-01.01.16:265][150]LogAudioMixer: Display: 0: FrontLeft
[2026.06.09-01.01.16:265][150]LogAudioMixer: Display: 1: FrontRight
[2026.06.09-01.01.16:281][150]LogAudioMixer: Display: Using Audio Device 2270W (NVIDIA High Definition Audio)
[2026.06.09-01.01.16:281][150]LogAudioMixer: Display: Initializing Sound Submixes...
[2026.06.09-01.01.16:282][150]LogAudioMixer: Display: Creating Master Submix 'MasterSubmixDefault'
[2026.06.09-01.01.16:282][150]LogAudioMixer: Display: Creating Master Submix 'MasterReverbSubmixDefault'
[2026.06.09-01.01.16:282][150]LogAudioMixer: Display: Creating Master Submix 'MasterEQSubmixDefault'
[2026.06.09-01.01.16:282][150]LogAudioMixer: FMixerPlatformXAudio2::StartAudioStream() called
[2026.06.09-01.01.16:282][150]LogAudioMixer: Display: Output buffers initialized: Frames=1024, Channels=2, Samples=2048
[2026.06.09-01.01.16:284][150]LogAudioMixer: Display: Starting AudioMixerPlatformInterface::RunInternal()
[2026.06.09-01.01.16:284][150]LogAudioMixer: Display: FMixerPlatformXAudio2::SubmitBuffer() called for the first time
[2026.06.09-01.01.16:284][150]LogInit: FAudioDevice initialized.
[2026.06.09-01.01.16:284][150]LogAudio: Display: Audio Device (ID: 21) registered with world 'model'.
[2026.06.09-01.01.16:345][150]LogSlate: Updating window title bar state: overlay mode, drag disabled, window buttons hidden, title bar hidden
[2026.06.09-01.01.16:345][150]LogLoad: Game class is 'GameModeBase'
[2026.06.09-01.01.16:353][150]LogWorld: Bringing World /Game/HotelRoom/Map/UEDPIE_0_model.model up for play (max tick rate 0) at 2026.06.09-09.01.16
[2026.06.09-01.01.16:353][150]LogWorld: Bringing up level for play took: 0.007505
[2026.06.09-01.01.16:353][150]LogOnline: OSS: Creating online subsystem instance for: :Context_35
[2026.06.09-01.01.16:358][150]PIE: 登陆的服务器
[2026.06.09-01.01.16:360][150]PIE: PIE总开始时间：0.134秒。
[2026.06.09-01.01.28:757][601]LogSlate: Updating window title bar state: overlay mode, drag disabled, window buttons hidden, title bar hidden
[2026.06.09-01.01.28:757][601]LogWorld: BeginTearingDown for /Game/HotelRoom/Map/UEDPIE_0_model
[2026.06.09-01.01.28:757][601]LogSlate: Window 'HotelRoom预览[NetMode: Standalone]  (64-bit/Windows) ' being destroyed
[2026.06.09-01.01.28:774][601]LogWorld: UWorld::CleanupWorld for model, bSessionEnded=true, bCleanupResources=true
[2026.06.09-01.01.28:775][601]LogSlate: InvalidateAllWidgets triggered.  All widgets were invalidated
[2026.06.09-01.01.28:788][601]LogPlayLevel: Display: Shutting down PIE online subsystems
[2026.06.09-01.01.28:806][601]LogSlate: InvalidateAllWidgets triggered.  All widgets were invalidated
[2026.06.09-01.01.28:816][601]LogAudioMixer: FMixerPlatformXAudio2::StopAudioStream() called
[2026.06.09-01.01.28:817][601]LogAudioMixer: FMixerPlatformXAudio2::StopAudioStream() called
[2026.06.09-01.01.28:822][601]LogUObjectHash: Compacting FUObjectHashTables data took   0.93ms
[2026.06.09-01.01.28:857][602]LogPlayLevel: Display: Destroying online subsystem :Context_35
[2026.06.09-01.01.35:286][350]LogEditorViewport: Clicking on Actor (LMB): StaticMeshActor (SM_Washstand001)
[2026.06.09-01.01.37:550][595]LogEditorViewport: Clicking on Actor (LMB): StaticMeshActor (SM_Washstand001)
[2026.06.09-01.01.41:037][  4]LogEditorViewport: Clicking on Actor (LMB): StaticMeshActor (SM_Faucet001)
[2026.06.09-01.01.45:451][522]LogAssetEditorSubsystem: Opening Asset editor for StaticMesh /Game/HotelRoom/Mesh/SM_Faucet001.SM_Faucet001
[2026.06.09-01.02.04:254][  3]Cmd: OBJ SAVEPACKAGE PACKAGE="/Game/HotelRoom/Mesh/SM_Faucet001" FILE="../../../../../../Users/Administrator/Downloads/process/ZJJD-Vol1/Content/HotelRoom/Mesh/SM_Faucet001.uasset" SILENT=true
[2026.06.09-01.02.04:293][  3]LogSavePackage: Moving '../../../../../../Users/Administrator/Downloads/process/ZJJD-Vol1/Saved/SM_Faucet0019A0226D94F7ED6C195DCA19914F829F0.tmp' to '../../../../../../Users/Administrator/Downloads/process/ZJJD-Vol1/Content/HotelRoom/Mesh/SM_Faucet001.uasset'
[2026.06.09-01.02.04:316][  3]AssetCheck: New page: 资产保存：SM_Faucet001
[2026.06.09-01.02.04:316][  3]LogContentValidation: Display: 正在验证StaticMesh /Game/HotelRoom/Mesh/SM_Faucet001.SM_Faucet001
[2026.06.09-01.02.05:796][118]LogSlate: Window 'SM_Faucet001' being destroyed
[2026.06.09-01.02.05:804][118]LogSlate: Window 'SM_Faucet001' being destroyed
[2026.06.09-01.02.05:810][118]LogWorld: UWorld::CleanupWorld for World_15, bSessionEnded=true, bCleanupResources=true
[2026.06.09-01.02.05:810][118]LogSlate: InvalidateAllWidgets triggered.  All widgets were invalidated
[2026.06.09-01.02.07:857][355]LogEditorViewport: Clicking on Actor (LMB): StaticMeshActor (SM_Washstand001)
[2026.06.09-01.02.17:618][506]LogEditorViewport: Clicking on Actor (LMB): StaticMeshActor (SM_Faucet001)
[2026.06.09-01.02.20:951][884]LogEditorViewport: Clicking on Actor (LMB): StaticMeshActor (SM_Washstand001)
[2026.06.09-01.02.21:884][987]LogEditorViewport: Clicking on Actor (LMB): StaticMeshActor (SM_Washstand001)
[2026.06.09-01.02.23:546][182]LogEditorViewport: Clicking on Actor (LMB): StaticMeshActor (SM_Washstand001)
[2026.06.09-01.02.24:358][260]LogEditorViewport: Clicking on Actor (LMB): StaticMeshActor (SM_Washstand001)
[2026.06.09-01.02.42:728][365]LogEditorViewport: Clicking on Actor (LMB): StaticMeshActor (SM_BathWare_03)
[2026.06.09-01.02.53:481][606]LogTemp: Repeating last play command: 新建编辑器窗口（编辑器中运行）
[2026.06.09-01.02.53:487][606]LogPlayLevel: PlayLevel: No blueprints needed recompiling
[2026.06.09-01.02.53:487][606]PIE: New page: PIE会话：model（2026年6月9日 下午5:02:53）
[2026.06.09-01.02.53:487][606]LogPlayLevel: Creating play world package: /Game/HotelRoom/Map/UEDPIE_0_model
[2026.06.09-01.02.53:499][606]LogPlayLevel: PIE: StaticDuplicateObject took: (0.011753s)
[2026.06.09-01.02.53:500][606]LogAIModule: Creating AISystem for world model
[2026.06.09-01.02.53:500][606]LogPlayLevel: PIE: World Init took: (0.001124s)
[2026.06.09-01.02.53:500][606]LogPlayLevel: PIE: Created PIE world by copying editor world from /Game/HotelRoom/Map/model.model to /Game/HotelRoom/Map/UEDPIE_0_model.model (0.013034s)
[2026.06.09-01.02.53:510][606]LogUObjectHash: Compacting FUObjectHashTables data took   1.35ms
[2026.06.09-01.02.53:519][606]LogAudio: Display: Creating Audio Device:                 Id: 22, Scope: Unique, Realtime: True
[2026.06.09-01.02.53:519][606]LogAudioMixer: Display: Audio Mixer Platform Settings:
[2026.06.09-01.02.53:519][606]LogAudioMixer: Display: 	Sample Rate:						  48000
[2026.06.09-01.02.53:519][606]LogAudioMixer: Display: 	Callback Buffer Frame Size Requested: 1024
[2026.06.09-01.02.53:519][606]LogAudioMixer: Display: 	Callback Buffer Frame Size To Use:	  1024
[2026.06.09-01.02.53:519][606]LogAudioMixer: Display: 	Number of buffers to queue:			  2
[2026.06.09-01.02.53:519][606]LogAudioMixer: Display: 	Max Channels (voices):				  32
[2026.06.09-01.02.53:519][606]LogAudioMixer: Display: 	Number of Async Source Workers:		  0
[2026.06.09-01.02.53:519][606]LogAudio: Display: AudioDevice MaxSources: 32
[2026.06.09-01.02.53:519][606]LogAudio: Display: Audio Spatialization Plugin: None (built-in).
[2026.06.09-01.02.53:520][606]LogAudio: Display: Audio Reverb Plugin: None (built-in).
[2026.06.09-01.02.53:520][606]LogAudio: Display: Audio Occlusion Plugin: None (built-in).
[2026.06.09-01.02.53:520][606]LogAudioMixer: Display: Initializing audio mixer.
[2026.06.09-01.02.53:529][606]LogAudioMixer: Display: 0: FrontLeft
[2026.06.09-01.02.53:529][606]LogAudioMixer: Display: 1: FrontRight
[2026.06.09-01.02.53:547][606]LogAudioMixer: Display: Using Audio Device 2270W (NVIDIA High Definition Audio)
[2026.06.09-01.02.53:548][606]LogAudioMixer: Display: Initializing Sound Submixes...
[2026.06.09-01.02.53:548][606]LogAudioMixer: Display: Creating Master Submix 'MasterSubmixDefault'
[2026.06.09-01.02.53:548][606]LogAudioMixer: Display: Creating Master Submix 'MasterReverbSubmixDefault'
[2026.06.09-01.02.53:549][606]LogAudioMixer: Display: Creating Master Submix 'MasterEQSubmixDefault'
[2026.06.09-01.02.53:549][606]LogAudioMixer: FMixerPlatformXAudio2::StartAudioStream() called
[2026.06.09-01.02.53:549][606]LogAudioMixer: Display: Output buffers initialized: Frames=1024, Channels=2, Samples=2048
[2026.06.09-01.02.53:550][606]LogAudioMixer: Display: Starting AudioMixerPlatformInterface::RunInternal()
[2026.06.09-01.02.53:550][606]LogAudioMixer: Display: FMixerPlatformXAudio2::SubmitBuffer() called for the first time
[2026.06.09-01.02.53:551][606]LogInit: FAudioDevice initialized.
[2026.06.09-01.02.53:551][606]LogAudio: Display: Audio Device (ID: 22) registered with world 'model'.
[2026.06.09-01.02.53:611][606]LogSlate: Updating window title bar state: overlay mode, drag disabled, window buttons hidden, title bar hidden
[2026.06.09-01.02.53:611][606]LogLoad: Game class is 'GameModeBase'
[2026.06.09-01.02.53:620][606]LogWorld: Bringing World /Game/HotelRoom/Map/UEDPIE_0_model.model up for play (max tick rate 0) at 2026.06.09-09.02.53
[2026.06.09-01.02.53:620][606]LogWorld: Bringing up level for play took: 0.008290
[2026.06.09-01.02.53:620][606]LogOnline: OSS: Creating online subsystem instance for: :Context_37
[2026.06.09-01.02.53:626][606]PIE: 登陆的服务器
[2026.06.09-01.02.53:628][606]PIE: PIE总开始时间：0.142秒。
[2026.06.09-01.03.06:490][121]LogRenderer: Reallocating scene render targets to support 1920x1080 Format 10 NumSamples 1 (Frame:1515).
[2026.06.09-01.03.06:738][124]LogClient: 高分辨率截图另存为 C:/Users/Administrator/Downloads/process/ZJJD-Vol1/Saved/Screenshots/Windows/HighresScreenshot00006.png
[2026.06.09-01.03.07:378][155]LogSlate: Updating window title bar state: overlay mode, drag disabled, window buttons hidden, title bar hidden
[2026.06.09-01.03.07:378][155]LogWorld: BeginTearingDown for /Game/HotelRoom/Map/UEDPIE_0_model
[2026.06.09-01.03.07:381][155]LogSlate: Window 'HotelRoom预览[NetMode: Standalone]  (64-bit/Windows) ' being destroyed
[2026.06.09-01.03.07:397][155]LogWorld: UWorld::CleanupWorld for model, bSessionEnded=true, bCleanupResources=true
[2026.06.09-01.03.07:399][155]LogSlate: InvalidateAllWidgets triggered.  All widgets were invalidated
[2026.06.09-01.03.07:408][155]LogPlayLevel: Display: Shutting down PIE online subsystems
[2026.06.09-01.03.07:427][155]LogSlate: InvalidateAllWidgets triggered.  All widgets were invalidated
[2026.06.09-01.03.07:435][155]LogAudio: Display: Audio Device unregistered from world 'None'.
[2026.06.09-01.03.07:435][155]LogAudioMixer: FMixerPlatformXAudio2::StopAudioStream() called
[2026.06.09-01.03.07:437][155]LogAudioMixer: FMixerPlatformXAudio2::StopAudioStream() called
[2026.06.09-01.03.07:443][155]LogUObjectHash: Compacting FUObjectHashTables data took   1.39ms
[2026.06.09-01.03.07:482][156]LogPlayLevel: Display: Destroying online subsystem :Context_37
[2026.06.09-01.03.23:893][ 39]LogTemp: Repeating last play command: 新建编辑器窗口（编辑器中运行）
[2026.06.09-01.03.23:900][ 39]LogPlayLevel: PlayLevel: No blueprints needed recompiling
[2026.06.09-01.03.23:900][ 39]PIE: New page: PIE会话：model（2026年6月9日 下午5:03:23）
[2026.06.09-01.03.23:900][ 39]LogPlayLevel: Creating play world package: /Game/HotelRoom/Map/UEDPIE_0_model
[2026.06.09-01.03.23:912][ 39]LogPlayLevel: PIE: StaticDuplicateObject took: (0.011777s)
[2026.06.09-01.03.23:913][ 39]LogAIModule: Creating AISystem for world model
[2026.06.09-01.03.23:913][ 39]LogPlayLevel: PIE: World Init took: (0.001271s)
[2026.06.09-01.03.23:913][ 39]LogPlayLevel: PIE: Created PIE world by copying editor world from /Game/HotelRoom/Map/model.model to /Game/HotelRoom/Map/UEDPIE_0_model.model (0.013209s)
[2026.06.09-01.03.23:921][ 39]LogUObjectHash: Compacting FUObjectHashTables data took   1.17ms
[2026.06.09-01.03.23:924][ 39]LogAudio: Display: Creating Audio Device:                 Id: 23, Scope: Unique, Realtime: True
[2026.06.09-01.03.23:924][ 39]LogAudioMixer: Display: Audio Mixer Platform Settings:
[2026.06.09-01.03.23:924][ 39]LogAudioMixer: Display: 	Sample Rate:						  48000
[2026.06.09-01.03.23:925][ 39]LogAudioMixer: Display: 	Callback Buffer Frame Size Requested: 1024
[2026.06.09-01.03.23:925][ 39]LogAudioMixer: Display: 	Callback Buffer Frame Size To Use:	  1024
[2026.06.09-01.03.23:925][ 39]LogAudioMixer: Display: 	Number of buffers to queue:			  2
[2026.06.09-01.03.23:925][ 39]LogAudioMixer: Display: 	Max Channels (voices):				  32
[2026.06.09-01.03.23:925][ 39]LogAudioMixer: Display: 	Number of Async Source Workers:		  0
[2026.06.09-01.03.23:925][ 39]LogAudio: Display: AudioDevice MaxSources: 32
[2026.06.09-01.03.23:925][ 39]LogAudio: Display: Audio Spatialization Plugin: None (built-in).
[2026.06.09-01.03.23:925][ 39]LogAudio: Display: Audio Reverb Plugin: None (built-in).
[2026.06.09-01.03.23:925][ 39]LogAudio: Display: Audio Occlusion Plugin: None (built-in).
[2026.06.09-01.03.23:925][ 39]LogAudioMixer: Display: Initializing audio mixer.
[2026.06.09-01.03.23:933][ 39]LogAudioMixer: Display: 0: FrontLeft
[2026.06.09-01.03.23:933][ 39]LogAudioMixer: Display: 1: FrontRight
[2026.06.09-01.03.23:949][ 39]LogAudioMixer: Display: Using Audio Device 2270W (NVIDIA High Definition Audio)
[2026.06.09-01.03.23:949][ 39]LogAudioMixer: Display: Initializing Sound Submixes...
[2026.06.09-01.03.23:949][ 39]LogAudioMixer: Display: Creating Master Submix 'MasterSubmixDefault'
[2026.06.09-01.03.23:950][ 39]LogAudioMixer: Display: Creating Master Submix 'MasterReverbSubmixDefault'
[2026.06.09-01.03.23:950][ 39]LogAudioMixer: Display: Creating Master Submix 'MasterEQSubmixDefault'
[2026.06.09-01.03.23:950][ 39]LogAudioMixer: FMixerPlatformXAudio2::StartAudioStream() called
[2026.06.09-01.03.23:950][ 39]LogAudioMixer: Display: Output buffers initialized: Frames=1024, Channels=2, Samples=2048
[2026.06.09-01.03.23:952][ 39]LogAudioMixer: Display: Starting AudioMixerPlatformInterface::RunInternal()
[2026.06.09-01.03.23:952][ 39]LogAudioMixer: Display: FMixerPlatformXAudio2::SubmitBuffer() called for the first time
[2026.06.09-01.03.23:952][ 39]LogInit: FAudioDevice initialized.
[2026.06.09-01.03.23:952][ 39]LogAudio: Display: Audio Device (ID: 23) registered with world 'model'.
[2026.06.09-01.03.24:004][ 39]LogSlate: Updating window title bar state: overlay mode, drag disabled, window buttons hidden, title bar hidden
[2026.06.09-01.03.24:005][ 39]LogLoad: Game class is 'GameModeBase'
[2026.06.09-01.03.24:012][ 39]LogWorld: Bringing World /Game/HotelRoom/Map/UEDPIE_0_model.model up for play (max tick rate 0) at 2026.06.09-09.03.24
[2026.06.09-01.03.24:012][ 39]LogWorld: Bringing up level for play took: 0.006742
[2026.06.09-01.03.24:012][ 39]LogOnline: OSS: Creating online subsystem instance for: :Context_38
[2026.06.09-01.03.24:019][ 39]PIE: 登陆的服务器
[2026.06.09-01.03.24:020][ 39]PIE: PIE总开始时间：0.122秒。
[2026.06.09-01.03.34:462][252]LogRenderer: Reallocating scene render targets to support 1920x1080 Format 10 NumSamples 1 (Frame:1213).
[2026.06.09-01.03.34:738][255]LogClient: 高分辨率截图另存为 C:/Users/Administrator/Downloads/process/ZJJD-Vol1/Saved/Screenshots/Windows/HighresScreenshot00007.png
[2026.06.09-01.03.35:707][335]LogSlate: Updating window title bar state: overlay mode, drag disabled, window buttons hidden, title bar hidden
[2026.06.09-01.03.35:707][335]LogWorld: BeginTearingDown for /Game/HotelRoom/Map/UEDPIE_0_model
[2026.06.09-01.03.35:709][335]LogSlate: Window 'HotelRoom预览[NetMode: Standalone]  (64-bit/Windows) ' being destroyed
[2026.06.09-01.03.35:723][335]LogWorld: UWorld::CleanupWorld for model, bSessionEnded=true, bCleanupResources=true
[2026.06.09-01.03.35:725][335]LogSlate: InvalidateAllWidgets triggered.  All widgets were invalidated
[2026.06.09-01.03.35:735][335]LogPlayLevel: Display: Shutting down PIE online subsystems
[2026.06.09-01.03.35:757][335]LogSlate: InvalidateAllWidgets triggered.  All widgets were invalidated
[2026.06.09-01.03.35:764][335]LogAudioMixer: FMixerPlatformXAudio2::StopAudioStream() called
[2026.06.09-01.03.35:766][335]LogAudioMixer: FMixerPlatformXAudio2::StopAudioStream() called
[2026.06.09-01.03.35:772][335]LogUObjectHash: Compacting FUObjectHashTables data took   1.00ms
[2026.06.09-01.03.35:812][336]LogPlayLevel: Display: Destroying online subsystem :Context_38
[2026.06.09-01.03.52:219][237]LogEditorViewport: Clicking on Actor (LMB): StaticMeshActor (SM_Wall001)
[2026.06.09-01.03.53:724][401]LogEditorViewport: Clicking on Actor (LMB): StaticMeshActor (SM_Towel001)
[2026.06.09-01.04.03:846][588]LogTemp: Repeating last play command: 新建编辑器窗口（编辑器中运行）
[2026.06.09-01.04.03:853][588]LogPlayLevel: PlayLevel: No blueprints needed recompiling
[2026.06.09-01.04.03:853][588]PIE: New page: PIE会话：model（2026年6月9日 下午5:04:03）
[2026.06.09-01.04.03:853][588]LogPlayLevel: Creating play world package: /Game/HotelRoom/Map/UEDPIE_0_model
[2026.06.09-01.04.03:865][588]LogPlayLevel: PIE: StaticDuplicateObject took: (0.011602s)
[2026.06.09-01.04.03:866][588]LogAIModule: Creating AISystem for world model
[2026.06.09-01.04.03:866][588]LogPlayLevel: PIE: World Init took: (0.001153s)
[2026.06.09-01.04.03:866][588]LogPlayLevel: PIE: Created PIE world by copying editor world from /Game/HotelRoom/Map/model.model to /Game/HotelRoom/Map/UEDPIE_0_model.model (0.012914s)
[2026.06.09-01.04.03:874][588]LogUObjectHash: Compacting FUObjectHashTables data took   0.87ms
[2026.06.09-01.04.03:878][588]LogAudio: Display: Creating Audio Device:                 Id: 24, Scope: Unique, Realtime: True
[2026.06.09-01.04.03:878][588]LogAudioMixer: Display: Audio Mixer Platform Settings:
[2026.06.09-01.04.03:878][588]LogAudioMixer: Display: 	Sample Rate:						  48000
[2026.06.09-01.04.03:878][588]LogAudioMixer: Display: 	Callback Buffer Frame Size Requested: 1024
[2026.06.09-01.04.03:878][588]LogAudioMixer: Display: 	Callback Buffer Frame Size To Use:	  1024
[2026.06.09-01.04.03:878][588]LogAudioMixer: Display: 	Number of buffers to queue:			  2
[2026.06.09-01.04.03:878][588]LogAudioMixer: Display: 	Max Channels (voices):				  32
[2026.06.09-01.04.03:878][588]LogAudioMixer: Display: 	Number of Async Source Workers:		  0
[2026.06.09-01.04.03:878][588]LogAudio: Display: AudioDevice MaxSources: 32
[2026.06.09-01.04.03:879][588]LogAudio: Display: Audio Spatialization Plugin: None (built-in).
[2026.06.09-01.04.03:879][588]LogAudio: Display: Audio Reverb Plugin: None (built-in).
[2026.06.09-01.04.03:879][588]LogAudio: Display: Audio Occlusion Plugin: None (built-in).
[2026.06.09-01.04.03:879][588]LogAudioMixer: Display: Initializing audio mixer.
[2026.06.09-01.04.03:887][588]LogAudioMixer: Display: 0: FrontLeft
[2026.06.09-01.04.03:887][588]LogAudioMixer: Display: 1: FrontRight
[2026.06.09-01.04.03:903][588]LogAudioMixer: Display: Using Audio Device 2270W (NVIDIA High Definition Audio)
[2026.06.09-01.04.03:903][588]LogAudioMixer: Display: Initializing Sound Submixes...
[2026.06.09-01.04.03:903][588]LogAudioMixer: Display: Creating Master Submix 'MasterSubmixDefault'
[2026.06.09-01.04.03:903][588]LogAudioMixer: Display: Creating Master Submix 'MasterReverbSubmixDefault'
[2026.06.09-01.04.03:904][588]LogAudioMixer: Display: Creating Master Submix 'MasterEQSubmixDefault'
[2026.06.09-01.04.03:904][588]LogAudioMixer: FMixerPlatformXAudio2::StartAudioStream() called
[2026.06.09-01.04.03:904][588]LogAudioMixer: Display: Output buffers initialized: Frames=1024, Channels=2, Samples=2048
[2026.06.09-01.04.03:906][588]LogAudioMixer: Display: Starting AudioMixerPlatformInterface::RunInternal()
[2026.06.09-01.04.03:906][588]LogAudioMixer: Display: FMixerPlatformXAudio2::SubmitBuffer() called for the first time
[2026.06.09-01.04.03:906][588]LogInit: FAudioDevice initialized.
[2026.06.09-01.04.03:906][588]LogAudio: Display: Audio Device (ID: 24) registered with world 'model'.
[2026.06.09-01.04.03:967][588]LogSlate: Updating window title bar state: overlay mode, drag disabled, window buttons hidden, title bar hidden
[2026.06.09-01.04.03:967][588]LogLoad: Game class is 'GameModeBase'
[2026.06.09-01.04.03:983][588]LogWorld: Bringing World /Game/HotelRoom/Map/UEDPIE_0_model.model up for play (max tick rate 0) at 2026.06.09-09.04.03
[2026.06.09-01.04.03:983][588]LogWorld: Bringing up level for play took: 0.014516
[2026.06.09-01.04.03:983][588]LogOnline: OSS: Creating online subsystem instance for: :Context_39
[2026.06.09-01.04.03:991][588]PIE: 登陆的服务器
[2026.06.09-01.04.03:993][588]PIE: PIE总开始时间：0.142秒。
[2026.06.09-01.04.14:316][762]LogRenderer: Reallocating scene render targets to support 1920x1080 Format 10 NumSamples 1 (Frame:1174).
[2026.06.09-01.04.14:600][765]LogClient: 高分辨率截图另存为 C:/Users/Administrator/Downloads/process/ZJJD-Vol1/Saved/Screenshots/Windows/HighresScreenshot00008.png
[2026.06.09-01.04.15:358][814]LogSlate: Updating window title bar state: overlay mode, drag disabled, window buttons hidden, title bar hidden
[2026.06.09-01.04.15:358][814]LogWorld: BeginTearingDown for /Game/HotelRoom/Map/UEDPIE_0_model
[2026.06.09-01.04.15:361][814]LogSlate: Window 'HotelRoom预览[NetMode: Standalone]  (64-bit/Windows) ' being destroyed
[2026.06.09-01.04.15:378][814]LogWorld: UWorld::CleanupWorld for model, bSessionEnded=true, bCleanupResources=true
[2026.06.09-01.04.15:380][814]LogSlate: InvalidateAllWidgets triggered.  All widgets were invalidated
[2026.06.09-01.04.15:393][814]LogPlayLevel: Display: Shutting down PIE online subsystems
[2026.06.09-01.04.15:412][814]LogSlate: InvalidateAllWidgets triggered.  All widgets were invalidated
[2026.06.09-01.04.15:421][814]LogAudioMixer: FMixerPlatformXAudio2::StopAudioStream() called
[2026.06.09-01.04.15:423][814]LogAudioMixer: FMixerPlatformXAudio2::StopAudioStream() called
[2026.06.09-01.04.15:430][814]LogUObjectHash: Compacting FUObjectHashTables data took   1.07ms
[2026.06.09-01.04.15:462][815]LogPlayLevel: Display: Destroying online subsystem :Context_39
[2026.06.09-06.01.27:587][843]LogEditorViewport: Clicking on Actor (LMB): StaticMeshActor (SM_Bed_01)
[2026.06.09-06.01.34:348][561]LogTemp: Repeating last play command: 新建编辑器窗口（编辑器中运行）
[2026.06.09-06.01.34:355][561]LogPlayLevel: PlayLevel: No blueprints needed recompiling
[2026.06.09-06.01.34:355][561]PIE: New page: PIE会话：model（2026年6月9日 下午10:01:34）
[2026.06.09-06.01.34:356][561]LogPlayLevel: Creating play world package: /Game/HotelRoom/Map/UEDPIE_0_model
[2026.06.09-06.01.34:368][561]LogPlayLevel: PIE: StaticDuplicateObject took: (0.012459s)
[2026.06.09-06.01.34:370][561]LogAIModule: Creating AISystem for world model
[2026.06.09-06.01.34:370][561]LogPlayLevel: PIE: World Init took: (0.001577s)
[2026.06.09-06.01.34:370][561]LogPlayLevel: PIE: Created PIE world by copying editor world from /Game/HotelRoom/Map/model.model to /Game/HotelRoom/Map/UEDPIE_0_model.model (0.014239s)
[2026.06.09-06.01.34:379][561]LogUObjectHash: Compacting FUObjectHashTables data took   1.07ms
[2026.06.09-06.01.34:390][561]LogAudio: Display: Creating Audio Device:                 Id: 25, Scope: Unique, Realtime: True
[2026.06.09-06.01.34:390][561]LogAudioMixer: Display: Audio Mixer Platform Settings:
[2026.06.09-06.01.34:390][561]LogAudioMixer: Display: 	Sample Rate:						  48000
[2026.06.09-06.01.34:390][561]LogAudioMixer: Display: 	Callback Buffer Frame Size Requested: 1024
[2026.06.09-06.01.34:390][561]LogAudioMixer: Display: 	Callback Buffer Frame Size To Use:	  1024
[2026.06.09-06.01.34:390][561]LogAudioMixer: Display: 	Number of buffers to queue:			  2
[2026.06.09-06.01.34:390][561]LogAudioMixer: Display: 	Max Channels (voices):				  32
[2026.06.09-06.01.34:390][561]LogAudioMixer: Display: 	Number of Async Source Workers:		  0
[2026.06.09-06.01.34:390][561]LogAudio: Display: AudioDevice MaxSources: 32
[2026.06.09-06.01.34:391][561]LogAudio: Display: Audio Spatialization Plugin: None (built-in).
[2026.06.09-06.01.34:391][561]LogAudio: Display: Audio Reverb Plugin: None (built-in).
[2026.06.09-06.01.34:391][561]LogAudio: Display: Audio Occlusion Plugin: None (built-in).
[2026.06.09-06.01.34:391][561]LogAudioMixer: Display: Initializing audio mixer.
[2026.06.09-06.01.34:403][561]LogAudioMixer: Display: 0: FrontLeft
[2026.06.09-06.01.34:403][561]LogAudioMixer: Display: 1: FrontRight
[2026.06.09-06.01.34:424][561]LogAudioMixer: Display: Using Audio Device 2270W (NVIDIA High Definition Audio)
[2026.06.09-06.01.34:424][561]LogAudioMixer: Display: Initializing Sound Submixes...
[2026.06.09-06.01.34:424][561]LogAudioMixer: Display: Creating Master Submix 'MasterSubmixDefault'
[2026.06.09-06.01.34:424][561]LogAudioMixer: Display: Creating Master Submix 'MasterReverbSubmixDefault'
[2026.06.09-06.01.34:425][561]LogAudioMixer: Display: Creating Master Submix 'MasterEQSubmixDefault'
[2026.06.09-06.01.34:425][561]LogAudioMixer: FMixerPlatformXAudio2::StartAudioStream() called
[2026.06.09-06.01.34:425][561]LogAudioMixer: Display: Output buffers initialized: Frames=1024, Channels=2, Samples=2048
[2026.06.09-06.01.34:427][561]LogAudioMixer: Display: Starting AudioMixerPlatformInterface::RunInternal()
[2026.06.09-06.01.34:427][561]LogAudioMixer: Display: FMixerPlatformXAudio2::SubmitBuffer() called for the first time
[2026.06.09-06.01.34:427][561]LogInit: FAudioDevice initialized.
[2026.06.09-06.01.34:427][561]LogAudio: Display: Audio Device (ID: 25) registered with world 'model'.
[2026.06.09-06.01.34:485][561]LogSlate: Updating window title bar state: overlay mode, drag disabled, window buttons hidden, title bar hidden
[2026.06.09-06.01.34:486][561]LogLoad: Game class is 'GameModeBase'
[2026.06.09-06.01.34:493][561]LogWorld: Bringing World /Game/HotelRoom/Map/UEDPIE_0_model.model up for play (max tick rate 0) at 2026.06.09-14.01.34
[2026.06.09-06.01.34:494][561]LogWorld: Bringing up level for play took: 0.007752
[2026.06.09-06.01.34:494][561]LogOnline: OSS: Creating online subsystem instance for: :Context_40
[2026.06.09-06.01.34:501][561]PIE: 登陆的服务器
[2026.06.09-06.01.34:502][561]PIE: PIE总开始时间：0.148秒。
[2026.06.09-06.01.56:769][ 32]LogRenderer: Reallocating scene render targets to support 1920x1080 Format 10 NumSamples 1 (Frame:2471).
[2026.06.09-06.01.57:152][ 35]LogClient: 高分辨率截图另存为 C:/Users/Administrator/Downloads/process/ZJJD-Vol1/Saved/Screenshots/Windows/HighresScreenshot00009.png
[2026.06.09-06.01.57:930][ 90]LogSlate: Updating window title bar state: overlay mode, drag disabled, window buttons hidden, title bar hidden
[2026.06.09-06.01.57:930][ 90]LogWorld: BeginTearingDown for /Game/HotelRoom/Map/UEDPIE_0_model
[2026.06.09-06.01.57:930][ 90]LogSlate: Window 'HotelRoom预览[NetMode: Standalone]  (64-bit/Windows) ' being destroyed
[2026.06.09-06.01.57:949][ 90]LogWorld: UWorld::CleanupWorld for model, bSessionEnded=true, bCleanupResources=true
[2026.06.09-06.01.57:950][ 90]LogSlate: InvalidateAllWidgets triggered.  All widgets were invalidated
[2026.06.09-06.01.57:965][ 90]LogPlayLevel: Display: Shutting down PIE online subsystems
[2026.06.09-06.01.57:986][ 90]LogSlate: InvalidateAllWidgets triggered.  All widgets were invalidated
[2026.06.09-06.01.57:994][ 90]LogAudio: Display: Audio Device unregistered from world 'None'.
[2026.06.09-06.01.57:995][ 90]LogAudioMixer: FMixerPlatformXAudio2::StopAudioStream() called
[2026.06.09-06.01.57:996][ 90]LogAudioMixer: FMixerPlatformXAudio2::StopAudioStream() called
[2026.06.09-06.01.58:002][ 90]LogUObjectHash: Compacting FUObjectHashTables data took   0.95ms
[2026.06.09-06.01.58:038][ 91]LogPlayLevel: Display: Destroying online subsystem :Context_40
[2026.06.09-06.05.26:857][826]MapCheck: New page: 地图检测
[2026.06.09-06.05.26:885][826]Cmd: MAP REBUILD ALLVISIBLE
[2026.06.09-06.05.26:885][826]LogEditorServer: Rebuildmap Clear paths rebuilt
[2026.06.09-06.05.26:894][826]LogWorld: UWorld::CleanupWorld for model, bSessionEnded=true, bCleanupResources=false
[2026.06.09-06.05.26:910][826]LogNavigationDataBuild: Display: UNavigationSystemV1::Build started...
[2026.06.09-06.05.26:910][826]LogNavigationDataBuild: Display:    Building navigation data using PHYSICS_INTERFACE_PHYSX.
[2026.06.09-06.05.26:910][826]LogNavigationDataBuild: Display:    Building navigation data using WITH_PHYSX.
[2026.06.09-06.05.26:922][826]LogUObjectHash: Compacting FUObjectHashTables data took   0.86ms
[2026.06.09-06.05.27:038][826]LogLevel: Display: Export Material TexCoord Scales took 0.112 seconds.
[2026.06.09-06.05.27:593][826]TextureStreamingBuild: Display: Build Texture Streaming took 0.556 seconds.
[2026.06.09-06.05.27:604][826]LogUObjectHash: Compacting FUObjectHashTables data took   0.31ms
[2026.06.09-06.05.27:606][826]LightingResults: New page: 光照构建 - 2026年6月9日 下午10:05:27
[2026.06.09-06.05.27:633][826]LogSwarmInterface: [OpenConnection] Registering TCP channel ...
[2026.06.09-06.05.27:641][826]LogSwarmInterface: [OpenConnection] Connecting to agent ...
[2026.06.09-06.05.27:641][826]LogSwarmInterface: [TryOpenConnection] Testing the Agent
[2026.06.09-06.05.27:642][826]LogSwarmInterface: [TryOpenConnection] Opening Connection to Agent
[2026.06.09-06.05.27:642][826]LogSwarmInterface: [TryOpenConnection] Local Process ID is 17300
[2026.06.09-06.05.32:335][826]LogStaticLightingSystem: Warning: Failed to build lighting!!! 光照构建已取消
[2026.06.09-06.05.33:335][826]LogEditorBuildUtils: Build time 0:06
[2026.06.09-06.05.58:902][ 83]Cmd: OBJ SAVEPACKAGE PACKAGE="/Game/HotelRoom/Mesh/SM_Mac006" FILE="../../../../../../Users/Administrator/Downloads/process/ZJJD-Vol1/Content/HotelRoom/Mesh/SM_Mac006.uasset" SILENT=true
[2026.06.09-06.06.00:064][ 83]LogSavePackage: Moving '../../../../../../Users/Administrator/Downloads/process/ZJJD-Vol1/Saved/SM_Mac0066F58D2F44627D37C93A152A04EF858EA.tmp' to '../../../../../../Users/Administrator/Downloads/process/ZJJD-Vol1/Content/HotelRoom/Mesh/SM_Mac006.uasset'
[2026.06.09-06.06.00:067][ 83]Cmd: OBJ SAVEPACKAGE PACKAGE="/Game/Computer/Mesh/SM_Mac006" FILE="../../../../../../Users/Administrator/Downloads/process/ZJJD-Vol1/Content/Computer/Mesh/SM_Mac006.uasset" SILENT=true
[2026.06.09-06.06.00:068][ 83]LogSavePackage: Moving '../../../../../../Users/Administrator/Downloads/process/ZJJD-Vol1/Saved/SM_Mac006F468F6954537450AC63F318E99D08515.tmp' to '../../../../../../Users/Administrator/Downloads/process/ZJJD-Vol1/Content/Computer/Mesh/SM_Mac006.uasset'
[2026.06.09-06.06.00:141][ 83]AssetCheck: New page: 资产保存：多个资产
[2026.06.09-06.06.00:141][ 83]LogContentValidation: Display: 正在验证StaticMesh /Game/HotelRoom/Mesh/SM_Mac006.SM_Mac006
[2026.06.09-06.06.00:141][ 83]LogContentValidation: Display: 正在验证ObjectRedirector /Game/Computer/Mesh/SM_Mac006.SM_Mac006
[2026.06.09-06.06.10:547][976]Cmd: OBJ SAVEPACKAGE PACKAGE="/Game/HotelRoom/Texture/T_5" FILE="../../../../../../Users/Administrator/Downloads/process/ZJJD-Vol1/Content/HotelRoom/Texture/T_5.uasset" SILENT=true
[2026.06.09-06.06.10:555][976]LogSavePackage: Moving '../../../../../../Users/Administrator/Downloads/process/ZJJD-Vol1/Saved/T_5DF4F89E84341FE2DD9A83395CA098193.tmp' to '../../../../../../Users/Administrator/Downloads/process/ZJJD-Vol1/Content/HotelRoom/Texture/T_5.uasset'
[2026.06.09-06.06.10:568][976]Cmd: OBJ SAVEPACKAGE PACKAGE="/Game/HotelRoom/Texture/T_d15" FILE="../../../../../../Users/Administrator/Downloads/process/ZJJD-Vol1/Content/HotelRoom/Texture/T_d15.uasset" SILENT=true
[2026.06.09-06.06.10:646][976]LogSavePackage: Moving '../../../../../../Users/Administrator/Downloads/process/ZJJD-Vol1/Saved/T_d154FE0DC174320BC16427BD48752CF7395.tmp' to '../../../../../../Users/Administrator/Downloads/process/ZJJD-Vol1/Content/HotelRoom/Texture/T_d15.uasset'
[2026.06.09-06.06.10:751][976]LogUObjectHash: Compacting FUObjectHashTables data took   0.91ms
[2026.06.09-06.06.10:776][976]LogUObjectHash: Compacting FUObjectHashTables data took   0.35ms
[2026.06.09-06.06.10:795][976]LogUObjectHash: Compacting FUObjectHashTables data took   1.06ms
[2026.06.09-06.06.10:805][976]LogUObjectHash: Compacting FUObjectHashTables data took   0.47ms
[2026.06.09-06.06.10:856][976]Cmd: OBJ SAVEPACKAGE PACKAGE="/Game/Computer/Material/MI_Dceocomp_20" FILE="../../../../../../Users/Administrator/Downloads/process/ZJJD-Vol1/Content/Computer/Material/MI_Dceocomp_20.uasset" SILENT=true
[2026.06.09-06.06.10:863][976]LogSavePackage: Moving '../../../../../../Users/Administrator/Downloads/process/ZJJD-Vol1/Saved/MI_Dceocomp_207A15AC1243BF804176F8BEB8B0435722.tmp' to '../../../../../../Users/Administrator/Downloads/process/ZJJD-Vol1/Content/Computer/Material/MI_Dceocomp_20.uasset'
[2026.06.09-06.06.10:877][976]Cmd: OBJ SAVEPACKAGE PACKAGE="/Game/Computer/Material/MI_Dceocomp_21" FILE="../../../../../../Users/Administrator/Downloads/process/ZJJD-Vol1/Content/Computer/Material/MI_Dceocomp_21.uasset" SILENT=true
[2026.06.09-06.06.10:889][976]LogSavePackage: Moving '../../../../../../Users/Administrator/Downloads/process/ZJJD-Vol1/Saved/MI_Dceocomp_21C81AF0494E43BB73566231B57E10F779.tmp' to '../../../../../../Users/Administrator/Downloads/process/ZJJD-Vol1/Content/Computer/Material/MI_Dceocomp_21.uasset'
[2026.06.09-06.06.10:950][976]AssetCheck: New page: 资产保存：多个资产
[2026.06.09-06.06.10:950][976]LogContentValidation: Display: 正在验证Texture2D /Game/HotelRoom/Texture/T_5.T_5
[2026.06.09-06.06.10:950][976]LogContentValidation: Display: 正在验证MaterialInstanceConstant /Game/Computer/Material/MI_Dceocomp_20.MI_Dceocomp_20
[2026.06.09-06.06.10:950][976]LogContentValidation: Display: 正在验证Texture2D /Game/HotelRoom/Texture/T_d15.T_d15
[2026.06.09-06.06.10:950][976]LogContentValidation: Display: 正在验证MaterialInstanceConstant /Game/Computer/Material/MI_Dceocomp_21.MI_Dceocomp_21
[2026.06.09-06.06.31:711][607]LogUObjectHash: Compacting FUObjectHashTables data took   1.25ms
[2026.06.09-06.06.41:369][607]LogSlate: Window '替换引用？' being destroyed
[2026.06.09-06.06.41:379][607]Message dialog closed, result: Ok, title: 替换引用？, text: 此操作将使用M_Mode替换对待删除资产的所有引用，然后将它们删除。

确定进行此操作吗？
[2026.06.09-06.06.41:379][607]LogSlate: Window 'Delete Assets' being destroyed
[2026.06.09-06.06.51:343][607]LogMaterial: Display: Missing cached shadermap for MI_Dceocomp_21 in PCD3D_SM5, Default, SM5 (DDC key hash: C131DABC49B162367BA85738570A4D791AE6C9FC), compiling. 
[2026.06.09-06.06.51:387][607]LogShaderCompilers: Display: Submitted 2 shader compile jobs with 'ForceLocal' priority
[2026.06.09-06.06.51:389][607]LogShaderCompilers: Display: Worker (1/5): shaders left to compile 2
[2026.06.09-06.06.51:389][607]LogShaderCompilers: Display: Worker (2/5): shaders left to compile 1
[2026.06.09-06.06.51:389][607]LogShaderCompilers: Display: Started 2 'Local' shader compile jobs with 'ForceLocal' priority
[2026.06.09-06.06.51:465][607]LogShaderCompilers: Display: Submitted 23 shader compile jobs with 'Normal' priority
[2026.06.09-06.06.51:465][607]LogShaderCompilers: Display: Worker (3/5): shaders left to compile 23
[2026.06.09-06.06.51:465][607]LogShaderCompilers: Display: Worker (4/5): shaders left to compile 17
[2026.06.09-06.06.51:465][607]LogShaderCompilers: Display: Started 12 'Local' shader compile jobs with 'Normal' priority
[2026.06.09-06.06.51:482][607]LogUObjectHash: Compacting FUObjectHashTables data took   2.75ms
[2026.06.09-06.06.52:755][607]LogShaderCompilers: Display: Worker (2/5): shaders left to compile 11
[2026.06.09-06.06.52:755][607]LogShaderCompilers: Display: Started 3 'Local' shader compile jobs with 'Normal' priority
[2026.06.09-06.06.53:017][607]LogShaderCompilers: Display: Worker (1/5): shaders left to compile 8
[2026.06.09-06.06.53:017][607]LogShaderCompilers: Display: Started 3 'Local' shader compile jobs with 'Normal' priority
[2026.06.09-06.06.53:508][607]LogSlate: Window '保存内容' being destroyed
[2026.06.09-06.06.53:584][607]Cmd: OBJ SAVEPACKAGE PACKAGE="/Game/Computer/Material/M_Model" FILE="../../../../../../Users/Administrator/Downloads/process/ZJJD-Vol1/Content/Computer/Material/M_Model.uasset" SILENT=true
[2026.06.09-06.06.53:586][607]LogSavePackage: Moving '../../../../../../Users/Administrator/Downloads/process/ZJJD-Vol1/Saved/M_Model25E0D7E14F183A09FC1298AF696B8039.tmp' to '../../../../../../Users/Administrator/Downloads/process/ZJJD-Vol1/Content/Computer/Material/M_Model.uasset'
[2026.06.09-06.06.53:596][607]LogShaderCompilers: Display: === FShaderJobCache stats ===
[2026.06.09-06.06.53:596][607]LogShaderCompilers: Display: Total job queries 69, among them cache hits 0 (0.00%)
[2026.06.09-06.06.53:596][607]LogShaderCompilers: Display: Tracking 46 distinct input hashes that result in 14 distinct outputs (30.43%)
[2026.06.09-06.06.53:596][607]LogShaderCompilers: Display: RAM used: 0.04 MB (0.00 GB) of 819.20 MB (0.80 GB) budget. Usage: 0.00%
[2026.06.09-06.06.53:596][607]LogShaderCompilers: Display: ================================================
[2026.06.09-06.06.53:628][607]LogSavePackage: Moving '../../../../../../Users/Administrator/Downloads/process/ZJJD-Vol1/Saved/MI_Black_SmoothPlastic1098E6764A8031CDC60C26A5EA6AA4CB.tmp' to '../../../../../../Users/Administrator/Downloads/process/ZJJD-Vol1/Content/Computer/Material/MI_Black_SmoothPlastic.uasset'
[2026.06.09-06.06.53:657][607]Cmd: OBJ SAVEPACKAGE PACKAGE="/Game/Computer/Material/MI_Dceocomp_18" FILE="../../../../../../Users/Administrator/Downloads/process/ZJJD-Vol1/Content/Computer/Material/MI_Dceocomp_18.uasset" SILENT=true
[2026.06.09-06.06.53:666][607]LogSavePackage: Moving '../../../../../../Users/Administrator/Downloads/process/ZJJD-Vol1/Saved/MI_Dceocomp_189C4705974F0B211FE50452A3B7F3EE70.tmp' to '../../../../../../Users/Administrator/Downloads/process/ZJJD-Vol1/Content/Computer/Material/MI_Dceocomp_18.uasset'
[2026.06.09-06.06.53:688][607]Cmd: OBJ SAVEPACKAGE PACKAGE="/Game/Computer/Material/MI_Dceocomp_20" FILE="../../../../../../Users/Administrator/Downloads/process/ZJJD-Vol1/Content/Computer/Material/MI_Dceocomp_20.uasset" SILENT=true
[2026.06.09-06.06.53:700][607]LogSavePackage: Moving '../../../../../../Users/Administrator/Downloads/process/ZJJD-Vol1/Saved/MI_Dceocomp_2087CA99534A89DD5239BBE8A2B9175C75.tmp' to '../../../../../../Users/Administrator/Downloads/process/ZJJD-Vol1/Content/Computer/Material/MI_Dceocomp_20.uasset'
[2026.06.09-06.06.53:729][607]Cmd: OBJ SAVEPACKAGE PACKAGE="/Game/Computer/Material/MI_Dceocomp_21" FILE="../../../../../../Users/Administrator/Downloads/process/ZJJD-Vol1/Content/Computer/Material/MI_Dceocomp_21.uasset" SILENT=true
[2026.06.09-06.06.53:741][607]LogSavePackage: Moving '../../../../../../Users/Administrator/Downloads/process/ZJJD-Vol1/Saved/MI_Dceocomp_2128DE2DE9499F2C71C7300CAE85E034EF.tmp' to '../../../../../../Users/Administrator/Downloads/process/ZJJD-Vol1/Content/Computer/Material/MI_Dceocomp_21.uasset'
[2026.06.09-06.06.53:765][607]Cmd: OBJ SAVEPACKAGE PACKAGE="/Game/Computer/Material/MI_Dceocomp_23" FILE="../../../../../../Users/Administrator/Downloads/process/ZJJD-Vol1/Content/Computer/Material/MI_Dceocomp_23.uasset" SILENT=true
[2026.06.09-06.06.53:776][607]LogSavePackage: Moving '../../../../../../Users/Administrator/Downloads/process/ZJJD-Vol1/Saved/MI_Dceocomp_23F422636C4CABF33C4F05E699DE6345F6.tmp' to '../../../../../../Users/Administrator/Downloads/process/ZJJD-Vol1/Content/Computer/Material/MI_Dceocomp_23.uasset'
[2026.06.09-06.06.53:809][607]LogSavePackage: Moving '../../../../../../Users/Administrator/Downloads/process/ZJJD-Vol1/Saved/MI_Gray_SmoothMetalAE9360A64B30A6850C5D08B02521046E.tmp' to '../../../../../../Users/Administrator/Downloads/process/ZJJD-Vol1/Content/Computer/Material/MI_Gray_SmoothMetal.uasset'
[2026.06.09-06.06.53:848][607]AssetCheck: New page: 资产保存：多个资产
[2026.06.09-06.06.53:848][607]LogContentValidation: Display: 正在验证MaterialInstanceConstant /Game/Computer/Material/MI_Black_SmoothPlastic.MI_Black_SmoothPlastic
[2026.06.09-06.06.53:849][607]LogContentValidation: Display: 正在验证MaterialInstanceConstant /Game/Computer/Material/MI_Dceocomp_18.MI_Dceocomp_18
[2026.06.09-06.06.53:849][607]LogContentValidation: Display: 正在验证MaterialInstanceConstant /Game/Computer/Material/MI_Dceocomp_20.MI_Dceocomp_20
[2026.06.09-06.06.53:849][607]LogContentValidation: Display: 正在验证MaterialInstanceConstant /Game/Computer/Material/MI_Dceocomp_21.MI_Dceocomp_21
[2026.06.09-06.06.53:849][607]LogContentValidation: Display: 正在验证MaterialInstanceConstant /Game/Computer/Material/MI_Dceocomp_23.MI_Dceocomp_23
[2026.06.09-06.06.53:849][607]LogContentValidation: Display: 正在验证MaterialInstanceConstant /Game/Computer/Material/MI_Gray_SmoothMetal.MI_Gray_SmoothMetal
[2026.06.09-06.06.53:849][607]LogContentValidation: Display: 正在验证ObjectRedirector /Game/Computer/Material/M_Model.M_Model
[2026.06.09-06.06.56:754][646]LogShaderCompilers: Display: Worker (2/5): shaders left to compile 1
[2026.06.09-06.06.56:754][646]LogShaderCompilers: Display: Started 1 'Local' shader compile jobs with 'ForceLocal' priority
[2026.06.09-06.06.57:551][671]LogShaderCompilers: Display: Worker (3/5): shaders left to compile 4
[2026.06.09-06.06.57:551][671]LogShaderCompilers: Display: Started 2 'Local' shader compile jobs with 'Normal' priority
[2026.06.09-06.06.57:767][678]LogShaderCompilers: Display: Worker (1/5): shaders left to compile 2
[2026.06.09-06.06.57:767][678]LogShaderCompilers: Display: Started 1 'Local' shader compile jobs with 'Normal' priority
[2026.06.09-06.06.58:078][688]LogShaderCompilers: Display: Worker (2/5): shaders left to compile 1
[2026.06.09-06.06.58:078][688]LogShaderCompilers: Display: Started 1 'Local' shader compile jobs with 'Normal' priority
[2026.06.09-06.06.59:963][768]LogUObjectHash: Compacting FUObjectHashTables data took   0.37ms
[2026.06.09-06.07.00:025][768]LogSavePackage: Moving '../../../../../../Users/Administrator/Downloads/process/ZJJD-Vol1/Saved/model_Auto28C4A871948CEBF6966BB70B2BE727BBF.tmp' to '../../../../../../Users/Administrator/Downloads/process/ZJJD-Vol1/Saved/Autosaves/Game/HotelRoom/Map/model_Auto2.umap'
[2026.06.09-06.07.00:028][768]LogFileHelpers: Editor autosave (incl. external actors) for '/Game/HotelRoom/Map/model' took 0.074
[2026.06.09-06.07.00:029][768]LogFileHelpers: Editor autosave (incl. sublevels & external actors) for all levels took 0.074
[2026.06.09-06.07.00:029][768]OBJ SavePackage: Generating thumbnails for [1] asset(s) in package [/Game/HotelRoom/Material/M_Mode] ([1] browsable assets)...
[2026.06.09-06.07.00:040][768]OBJ SavePackage:     Rendered thumbnail for [Material /Game/HotelRoom/Material/M_Mode.M_Mode]
[2026.06.09-06.07.00:040][768]OBJ SavePackage: Finished generating thumbnails for package [/Game/HotelRoom/Material/M_Mode]
[2026.06.09-06.07.00:073][768]LogSavePackage: Moving '../../../../../../Users/Administrator/Downloads/process/ZJJD-Vol1/Saved/M_Mode_Auto22FA4DD7F46AE434B248ED1A4287106CC.tmp' to '../../../../../../Users/Administrator/Downloads/process/ZJJD-Vol1/Saved/Autosaves/Game/HotelRoom/Material/M_Mode_Auto2.uasset'
[2026.06.09-06.07.00:075][768]LogFileHelpers: Auto-saving content packages took 0.047
[2026.06.09-06.07.32:702][278]LogUObjectHash: Compacting FUObjectHashTables data took   0.67ms
[2026.06.09-06.07.42:550][278]LogSlate: Window '替换引用？' being destroyed
[2026.06.09-06.07.42:563][278]Message dialog closed, result: Ok, title: 替换引用？, text: 此操作将使用M_Model_Glass替换对待删除资产的所有引用，然后将它们删除。

确定进行此操作吗？
[2026.06.09-06.07.42:564][278]LogSlate: Window 'Delete Assets' being destroyed
[2026.06.09-06.07.42:842][278]LogUObjectHash: Compacting FUObjectHashTables data took   1.66ms
[2026.06.09-06.07.44:659][278]LogSlate: Window '保存内容' being destroyed
[2026.06.09-06.07.44:724][278]Cmd: OBJ SAVEPACKAGE PACKAGE="/Game/Computer/Material/M_Model_Glass" FILE="../../../../../../Users/Administrator/Downloads/process/ZJJD-Vol1/Content/Computer/Material/M_Model_Glass.uasset" SILENT=true
[2026.06.09-06.07.44:725][278]LogSavePackage: Moving '../../../../../../Users/Administrator/Downloads/process/ZJJD-Vol1/Saved/M_Model_GlassCBB23AD14DF68AC0F93A06947F73E0E1.tmp' to '../../../../../../Users/Administrator/Downloads/process/ZJJD-Vol1/Content/Computer/Material/M_Model_Glass.uasset'
[2026.06.09-06.07.44:742][278]Cmd: OBJ SAVEPACKAGE PACKAGE="/Game/Computer/Material/MI_Glass_Area" FILE="../../../../../../Users/Administrator/Downloads/process/ZJJD-Vol1/Content/Computer/Material/MI_Glass_Area.uasset" SILENT=true
[2026.06.09-06.07.44:750][278]LogSavePackage: Moving '../../../../../../Users/Administrator/Downloads/process/ZJJD-Vol1/Saved/MI_Glass_Area8800024D4309C6F77A07FEB9473F0E68.tmp' to '../../../../../../Users/Administrator/Downloads/process/ZJJD-Vol1/Content/Computer/Material/MI_Glass_Area.uasset'
[2026.06.09-06.07.44:773][278]LogSavePackage: Moving '../../../../../../Users/Administrator/Downloads/process/ZJJD-Vol1/Saved/MI_YellowGlass_Area2DAFAEB040423DCC92AF128749CD3B6E.tmp' to '../../../../../../Users/Administrator/Downloads/process/ZJJD-Vol1/Content/Computer/Material/MI_YellowGlass_Area.uasset'
[2026.06.09-06.07.44:789][278]AssetCheck: New page: 资产保存：多个资产
[2026.06.09-06.07.44:789][278]LogContentValidation: Display: 正在验证ObjectRedirector /Game/Computer/Material/M_Model_Glass.M_Model_Glass
[2026.06.09-06.07.44:789][278]LogContentValidation: Display: 正在验证MaterialInstanceConstant /Game/Computer/Material/MI_Glass_Area.MI_Glass_Area
[2026.06.09-06.07.44:789][278]LogContentValidation: Display: 正在验证MaterialInstanceConstant /Game/Computer/Material/MI_YellowGlass_Area.MI_YellowGlass_Area
[2026.06.09-06.07.47:785][433]LogUObjectHash: Compacting FUObjectHashTables data took   0.40ms
[2026.06.09-06.08.03:613][433]LogSlate: Window '替换引用？' being destroyed
[2026.06.09-06.08.03:626][433]Message dialog closed, result: Ok, title: 替换引用？, text: 此操作将使用MI_Black_SmoothPlastic替换对待删除资产的所有引用，然后将它们删除。

确定进行此操作吗？
[2026.06.09-06.08.03:627][433]LogSlate: Window 'Delete Assets' being destroyed
[2026.06.09-06.08.05:209][433]LogUObjectHash: Compacting FUObjectHashTables data took   1.00ms
[2026.06.09-06.08.06:776][433]LogSlate: Window '保存内容' being destroyed
[2026.06.09-06.08.06:840][433]LogSavePackage: Moving '../../../../../../Users/Administrator/Downloads/process/ZJJD-Vol1/Saved/MI_Black_SmoothPlastic2FA41EC84D0655B1AB419291F84ED5E7.tmp' to '../../../../../../Users/Administrator/Downloads/process/ZJJD-Vol1/Content/Computer/Material/MI_Black_SmoothPlastic.uasset'
[2026.06.09-06.08.06:855][433]Cmd: OBJ SAVEPACKAGE PACKAGE="/Game/HotelRoom/Mesh/SM_Mac006" FILE="../../../../../../Users/Administrator/Downloads/process/ZJJD-Vol1/Content/HotelRoom/Mesh/SM_Mac006.uasset" SILENT=true
[2026.06.09-06.08.07:384][433]LogSavePackage: Moving '../../../../../../Users/Administrator/Downloads/process/ZJJD-Vol1/Saved/SM_Mac00677524005452E1AA55A728E94B55F0D3B.tmp' to '../../../../../../Users/Administrator/Downloads/process/ZJJD-Vol1/Content/HotelRoom/Mesh/SM_Mac006.uasset'
[2026.06.09-06.08.07:435][433]AssetCheck: New page: 资产保存：多个资产
[2026.06.09-06.08.07:435][433]LogContentValidation: Display: 正在验证ObjectRedirector /Game/Computer/Material/MI_Black_SmoothPlastic.MI_Black_SmoothPlastic
[2026.06.09-06.08.07:435][433]LogContentValidation: Display: 正在验证StaticMesh /Game/HotelRoom/Mesh/SM_Mac006.SM_Mac006
[2026.06.09-06.08.20:081][183]Cmd: OBJ SAVEPACKAGE PACKAGE="/Game/HotelRoom/Material/MI_Dceocomp_18" FILE="../../../../../../Users/Administrator/Downloads/process/ZJJD-Vol1/Content/HotelRoom/Material/MI_Dceocomp_18.uasset" SILENT=true
[2026.06.09-06.08.20:087][183]LogSavePackage: Moving '../../../../../../Users/Administrator/Downloads/process/ZJJD-Vol1/Saved/MI_Dceocomp_18BF35EF934680291371A1CD8CE2F44F80.tmp' to '../../../../../../Users/Administrator/Downloads/process/ZJJD-Vol1/Content/HotelRoom/Material/MI_Dceocomp_18.uasset'
[2026.06.09-06.08.20:197][183]LogUObjectHash: Compacting FUObjectHashTables data took   0.86ms
[2026.06.09-06.08.20:217][183]LogUObjectHash: Compacting FUObjectHashTables data took   0.94ms
[2026.06.09-06.08.20:229][183]LogUObjectHash: Compacting FUObjectHashTables data took   0.48ms
[2026.06.09-06.08.20:256][183]Cmd: OBJ SAVEPACKAGE PACKAGE="/Game/HotelRoom/Mesh/SM_Mac006" FILE="../../../../../../Users/Administrator/Downloads/process/ZJJD-Vol1/Content/HotelRoom/Mesh/SM_Mac006.uasset" SILENT=true
[2026.06.09-06.08.20:797][183]LogSavePackage: Moving '../../../../../../Users/Administrator/Downloads/process/ZJJD-Vol1/Saved/SM_Mac006464EBDF54355D5AD9258309C536FBA6B.tmp' to '../../../../../../Users/Administrator/Downloads/process/ZJJD-Vol1/Content/HotelRoom/Mesh/SM_Mac006.uasset'
[2026.06.09-06.08.20:881][183]AssetCheck: New page: 资产保存：多个资产
[2026.06.09-06.08.20:881][183]LogContentValidation: Display: 正在验证MaterialInstanceConstant /Game/HotelRoom/Material/MI_Dceocomp_18.MI_Dceocomp_18
[2026.06.09-06.08.20:881][183]LogContentValidation: Display: 正在验证StaticMesh /Game/HotelRoom/Mesh/SM_Mac006.SM_Mac006
[2026.06.09-06.08.30:635][793]Cmd: OBJ SAVEPACKAGE PACKAGE="/Game/HotelRoom/Material/MI_Dceocomp_20" FILE="../../../../../../Users/Administrator/Downloads/process/ZJJD-Vol1/Content/HotelRoom/Material/MI_Dceocomp_20.uasset" SILENT=true
[2026.06.09-06.08.30:642][793]LogSavePackage: Moving '../../../../../../Users/Administrator/Downloads/process/ZJJD-Vol1/Saved/MI_Dceocomp_20B35C5BB94363B5498A72588D83785954.tmp' to '../../../../../../Users/Administrator/Downloads/process/ZJJD-Vol1/Content/HotelRoom/Material/MI_Dceocomp_20.uasset'
[2026.06.09-06.08.30:657][793]Cmd: OBJ SAVEPACKAGE PACKAGE="/Game/HotelRoom/Material/MI_Dceocomp_21" FILE="../../../../../../Users/Administrator/Downloads/process/ZJJD-Vol1/Content/HotelRoom/Material/MI_Dceocomp_21.uasset" SILENT=true
[2026.06.09-06.08.30:666][793]LogSavePackage: Moving '../../../../../../Users/Administrator/Downloads/process/ZJJD-Vol1/Saved/MI_Dceocomp_21F5D165AD4544EB62ABA31993EF446B6B.tmp' to '../../../../../../Users/Administrator/Downloads/process/ZJJD-Vol1/Content/HotelRoom/Material/MI_Dceocomp_21.uasset'
[2026.06.09-06.08.30:680][793]Cmd: OBJ SAVEPACKAGE PACKAGE="/Game/HotelRoom/Material/MI_Dceocomp_23" FILE="../../../../../../Users/Administrator/Downloads/process/ZJJD-Vol1/Content/HotelRoom/Material/MI_Dceocomp_23.uasset" SILENT=true
[2026.06.09-06.08.30:686][793]LogSavePackage: Moving '../../../../../../Users/Administrator/Downloads/process/ZJJD-Vol1/Saved/MI_Dceocomp_2331746F4F4EE02EBD8D19E38EACB2AC70.tmp' to '../../../../../../Users/Administrator/Downloads/process/ZJJD-Vol1/Content/HotelRoom/Material/MI_Dceocomp_23.uasset'
[2026.06.09-06.08.30:782][793]LogUObjectHash: Compacting FUObjectHashTables data took   1.18ms
[2026.06.09-06.08.30:795][793]LogUObjectHash: Compacting FUObjectHashTables data took   0.73ms
[2026.06.09-06.08.30:803][793]LogUObjectHash: Compacting FUObjectHashTables data took   0.38ms
[2026.06.09-06.08.30:821][793]LogUObjectHash: Compacting FUObjectHashTables data took   1.17ms
[2026.06.09-06.08.30:829][793]LogUObjectHash: Compacting FUObjectHashTables data took   0.35ms
[2026.06.09-06.08.30:856][793]Cmd: OBJ SAVEPACKAGE PACKAGE="/Game/HotelRoom/Mesh/SM_Mac006" FILE="../../../../../../Users/Administrator/Downloads/process/ZJJD-Vol1/Content/HotelRoom/Mesh/SM_Mac006.uasset" SILENT=true
[2026.06.09-06.08.31:366][793]LogSavePackage: Moving '../../../../../../Users/Administrator/Downloads/process/ZJJD-Vol1/Saved/SM_Mac0063E78340449B54B865DE1FABC649277F9.tmp' to '../../../../../../Users/Administrator/Downloads/process/ZJJD-Vol1/Content/HotelRoom/Mesh/SM_Mac006.uasset'
[2026.06.09-06.08.31:451][793]AssetCheck: New page: 资产保存：多个资产
[2026.06.09-06.08.31:451][793]LogContentValidation: Display: 正在验证MaterialInstanceConstant /Game/HotelRoom/Material/MI_Dceocomp_20.MI_Dceocomp_20
[2026.06.09-06.08.31:451][793]LogContentValidation: Display: 正在验证MaterialInstanceConstant /Game/HotelRoom/Material/MI_Dceocomp_21.MI_Dceocomp_21
[2026.06.09-06.08.31:451][793]LogContentValidation: Display: 正在验证MaterialInstanceConstant /Game/HotelRoom/Material/MI_Dceocomp_23.MI_Dceocomp_23
[2026.06.09-06.08.31:452][793]LogContentValidation: Display: 正在验证StaticMesh /Game/HotelRoom/Mesh/SM_Mac006.SM_Mac006
[2026.06.09-06.08.34:245][ 25]LogUObjectHash: Compacting FUObjectHashTables data took   1.06ms
[2026.06.09-06.08.48:969][ 25]LogSlate: Window '替换引用？' being destroyed
[2026.06.09-06.08.48:978][ 25]Message dialog closed, result: Ok, title: 替换引用？, text: 此操作将使用MI_Glass_Area替换对待删除资产的所有引用，然后将它们删除。

确定进行此操作吗？
[2026.06.09-06.08.48:978][ 25]LogSlate: Window 'Delete Assets' being destroyed
[2026.06.09-06.08.50:106][ 25]LogUObjectHash: Compacting FUObjectHashTables data took   0.99ms
[2026.06.09-06.08.51:531][ 25]LogSlate: Window '保存内容' being destroyed
[2026.06.09-06.08.51:591][ 25]Cmd: OBJ SAVEPACKAGE PACKAGE="/Game/Computer/Material/MI_Glass_Area" FILE="../../../../../../Users/Administrator/Downloads/process/ZJJD-Vol1/Content/Computer/Material/MI_Glass_Area.uasset" SILENT=true
[2026.06.09-06.08.51:593][ 25]LogSavePackage: Moving '../../../../../../Users/Administrator/Downloads/process/ZJJD-Vol1/Saved/MI_Glass_AreaA95BC4304EED0B996E7F419375D25354.tmp' to '../../../../../../Users/Administrator/Downloads/process/ZJJD-Vol1/Content/Computer/Material/MI_Glass_Area.uasset'
[2026.06.09-06.08.51:610][ 25]Cmd: OBJ SAVEPACKAGE PACKAGE="/Game/HotelRoom/Mesh/SM_Mac006" FILE="../../../../../../Users/Administrator/Downloads/process/ZJJD-Vol1/Content/HotelRoom/Mesh/SM_Mac006.uasset" SILENT=true
[2026.06.09-06.08.52:132][ 25]LogSavePackage: Moving '../../../../../../Users/Administrator/Downloads/process/ZJJD-Vol1/Saved/SM_Mac00639259DBB403A06165270678358ECA40B.tmp' to '../../../../../../Users/Administrator/Downloads/process/ZJJD-Vol1/Content/HotelRoom/Mesh/SM_Mac006.uasset'
[2026.06.09-06.08.52:147][ 25]Cmd: OBJ SAVEPACKAGE PACKAGE="/Game/HotelRoom/Mesh/SM_Pendantlamp_01" FILE="../../../../../../Users/Administrator/Downloads/process/ZJJD-Vol1/Content/HotelRoom/Mesh/SM_Pendantlamp_01.uasset" SILENT=true
[2026.06.09-06.08.52:159][ 25]LogSavePackage: Moving '../../../../../../Users/Administrator/Downloads/process/ZJJD-Vol1/Saved/SM_Pendantlamp_019B92684B4400DAA95AE25185F5D79001.tmp' to '../../../../../../Users/Administrator/Downloads/process/ZJJD-Vol1/Content/HotelRoom/Mesh/SM_Pendantlamp_01.uasset'
[2026.06.09-06.08.52:200][ 25]AssetCheck: New page: 资产保存：多个资产
[2026.06.09-06.08.52:200][ 25]LogContentValidation: Display: 正在验证ObjectRedirector /Game/Computer/Material/MI_Glass_Area.MI_Glass_Area
[2026.06.09-06.08.52:200][ 25]LogContentValidation: Display: 正在验证StaticMesh /Game/HotelRoom/Mesh/SM_Mac006.SM_Mac006
[2026.06.09-06.08.52:200][ 25]LogContentValidation: Display: 正在验证StaticMesh /Game/HotelRoom/Mesh/SM_Pendantlamp_01.SM_Pendantlamp_01
[2026.06.09-06.08.54:808][214]LogUObjectHash: Compacting FUObjectHashTables data took   0.70ms
[2026.06.09-06.09.09:476][214]LogSlate: Window '替换引用？' being destroyed
[2026.06.09-06.09.09:501][214]Message dialog closed, result: Ok, title: 替换引用？, text: 此操作将使用MI_Gray_SmoothMetal替换对待删除资产的所有引用，然后将它们删除。

确定进行此操作吗？
[2026.06.09-06.09.09:502][214]LogSlate: Window 'Delete Assets' being destroyed
[2026.06.09-06.09.10:498][214]LogUObjectHash: Compacting FUObjectHashTables data took   0.86ms
[2026.06.09-06.09.11:749][214]LogSlate: Window '保存内容' being destroyed
[2026.06.09-06.09.11:823][214]LogSavePackage: Moving '../../../../../../Users/Administrator/Downloads/process/ZJJD-Vol1/Saved/MI_Gray_SmoothMetal53CD94ED4FE6E9A2977EDEB79D1632CB.tmp' to '../../../../../../Users/Administrator/Downloads/process/ZJJD-Vol1/Content/Computer/Material/MI_Gray_SmoothMetal.uasset'
[2026.06.09-06.09.11:839][214]Cmd: OBJ SAVEPACKAGE PACKAGE="/Game/HotelRoom/Mesh/SM_Mac006" FILE="../../../../../../Users/Administrator/Downloads/process/ZJJD-Vol1/Content/HotelRoom/Mesh/SM_Mac006.uasset" SILENT=true
[2026.06.09-06.09.12:367][214]LogSavePackage: Moving '../../../../../../Users/Administrator/Downloads/process/ZJJD-Vol1/Saved/SM_Mac006E063FC74444EF865437F1C8BBBF5DB3D.tmp' to '../../../../../../Users/Administrator/Downloads/process/ZJJD-Vol1/Content/HotelRoom/Mesh/SM_Mac006.uasset'
[2026.06.09-06.09.12:420][214]AssetCheck: New page: 资产保存：多个资产
[2026.06.09-06.09.12:420][214]LogContentValidation: Display: 正在验证ObjectRedirector /Game/Computer/Material/MI_Gray_SmoothMetal.MI_Gray_SmoothMetal
[2026.06.09-06.09.12:420][214]LogContentValidation: Display: 正在验证StaticMesh /Game/HotelRoom/Mesh/SM_Mac006.SM_Mac006
[2026.06.09-06.09.17:818][560]LogSavePackage: Moving '../../../../../../Users/Administrator/Downloads/process/ZJJD-Vol1/Saved/MI_YellowGlass_Area6F1B5CEC43F838CEB08DEE9EF789C742.tmp' to '../../../../../../Users/Administrator/Downloads/process/ZJJD-Vol1/Content/HotelRoom/Material/MI_YellowGlass_Area.uasset'
[2026.06.09-06.09.17:918][560]LogUObjectHash: Compacting FUObjectHashTables data took   1.33ms
[2026.06.09-06.09.17:939][560]LogUObjectHash: Compacting FUObjectHashTables data took   1.50ms
[2026.06.09-06.09.17:948][560]LogUObjectHash: Compacting FUObjectHashTables data took   0.35ms
[2026.06.09-06.09.17:983][560]Cmd: OBJ SAVEPACKAGE PACKAGE="/Game/HotelRoom/Mesh/SM_Pendantlamp_03" FILE="../../../../../../Users/Administrator/Downloads/process/ZJJD-Vol1/Content/HotelRoom/Mesh/SM_Pendantlamp_03.uasset" SILENT=true
[2026.06.09-06.09.17:993][560]LogSavePackage: Moving '../../../../../../Users/Administrator/Downloads/process/ZJJD-Vol1/Saved/SM_Pendantlamp_032ED69C734BC2D6662A26A6A8AF060EF8.tmp' to '../../../../../../Users/Administrator/Downloads/process/ZJJD-Vol1/Content/HotelRoom/Mesh/SM_Pendantlamp_03.uasset'
[2026.06.09-06.09.17:996][560]Cmd: OBJ SAVEPACKAGE PACKAGE="/Game/HotelRoom/Mesh/SM_Pendantlamp_02" FILE="../../../../../../Users/Administrator/Downloads/process/ZJJD-Vol1/Content/HotelRoom/Mesh/SM_Pendantlamp_02.uasset" SILENT=true
[2026.06.09-06.09.18:005][560]LogSavePackage: Moving '../../../../../../Users/Administrator/Downloads/process/ZJJD-Vol1/Saved/SM_Pendantlamp_02206129F548FCC18E5BF759A42884E937.tmp' to '../../../../../../Users/Administrator/Downloads/process/ZJJD-Vol1/Content/HotelRoom/Mesh/SM_Pendantlamp_02.uasset'
[2026.06.09-06.09.18:060][560]AssetCheck: New page: 资产保存：多个资产
[2026.06.09-06.09.18:061][560]LogContentValidation: Display: 正在验证StaticMesh /Game/HotelRoom/Mesh/SM_Pendantlamp_02.SM_Pendantlamp_02
[2026.06.09-06.09.18:061][560]LogContentValidation: Display: 正在验证StaticMesh /Game/HotelRoom/Mesh/SM_Pendantlamp_03.SM_Pendantlamp_03
[2026.06.09-06.09.18:061][560]LogContentValidation: Display: 正在验证MaterialInstanceConstant /Game/HotelRoom/Material/MI_YellowGlass_Area.MI_YellowGlass_Area
[2026.06.09-06.17.00:197][382]LogUObjectHash: Compacting FUObjectHashTables data took   1.16ms
[2026.06.09-06.17.00:265][382]LogSavePackage: Moving '../../../../../../Users/Administrator/Downloads/process/ZJJD-Vol1/Saved/model_Auto307EDDFF040DA19D90E3500A45AC2CEE7.tmp' to '../../../../../../Users/Administrator/Downloads/process/ZJJD-Vol1/Saved/Autosaves/Game/HotelRoom/Map/model_Auto3.umap'
[2026.06.09-06.17.00:269][382]LogFileHelpers: Editor autosave (incl. external actors) for '/Game/HotelRoom/Map/model' took 0.081
[2026.06.09-06.17.00:269][382]LogFileHelpers: Editor autosave (incl. sublevels & external actors) for all levels took 0.081
[2026.06.09-06.17.00:269][382]OBJ SavePackage: Generating thumbnails for [1] asset(s) in package [/Game/HotelRoom/Material/M_Model_Glass] ([1] browsable assets)...
[2026.06.09-06.17.00:283][382]OBJ SavePackage:     Rendered thumbnail for [Material /Game/HotelRoom/Material/M_Model_Glass.M_Model_Glass]
[2026.06.09-06.17.00:283][382]OBJ SavePackage: Finished generating thumbnails for package [/Game/HotelRoom/Material/M_Model_Glass]
[2026.06.09-06.17.00:310][382]LogSavePackage: Moving '../../../../../../Users/Administrator/Downloads/process/ZJJD-Vol1/Saved/M_Model_Glass_Auto3F77933F4436909E9A349A38FD8A2D8D3.tmp' to '../../../../../../Users/Administrator/Downloads/process/ZJJD-Vol1/Saved/Autosaves/Game/HotelRoom/Material/M_Model_Glass_Auto3.uasset'
[2026.06.09-06.17.00:312][382]LogFileHelpers: Auto-saving content packages took 0.043
[2026.06.09-06.41.23:837][384]LogUObjectHash: Compacting FUObjectHashTables data took   0.97ms
[2026.06.09-06.41.23:899][384]LogSavePackage: Moving '../../../../../../Users/Administrator/Downloads/process/ZJJD-Vol1/Saved/model375A9DDB470C941D9C3684A7A9307668.tmp' to '../../../../../../Users/Administrator/Downloads/process/ZJJD-Vol1/Content/HotelRoom/Map/model.umap'
[2026.06.09-06.41.23:905][384]LogFileHelpers: Saving map 'model' took 0.077
[2026.06.09-06.41.23:932][384]LogUObjectHash: Compacting FUObjectHashTables data took   0.42ms
[2026.06.09-06.41.24:165][384]LogUObjectHash: Compacting FUObjectHashTables data took   0.73ms
[2026.06.09-06.41.24:173][384]LogUObjectHash: Compacting FUObjectHashTables data took   0.37ms
[2026.06.09-06.41.24:181][384]LogUObjectHash: Compacting FUObjectHashTables data took   0.55ms
[2026.06.09-06.41.24:189][384]LogUObjectHash: Compacting FUObjectHashTables data took   0.34ms
[2026.06.09-06.41.24:197][384]LogUObjectHash: Compacting FUObjectHashTables data took   0.32ms
[2026.06.09-06.41.24:205][384]LogUObjectHash: Compacting FUObjectHashTables data took   0.38ms
[2026.06.09-06.41.24:224][384]LogUObjectHash: Compacting FUObjectHashTables data took   0.98ms
[2026.06.09-06.41.24:231][384]LogUObjectHash: Compacting FUObjectHashTables data took   0.45ms
[2026.06.09-06.41.24:240][384]AssetCheck: New page: 资产保存：model
[2026.06.09-06.41.24:240][384]LogContentValidation: Display: 正在验证World /Game/HotelRoom/Map/model.model
[2026.06.09-06.41.29:762][975]LogUObjectHash: Compacting FUObjectHashTables data took   1.07ms
[2026.06.09-06.41.32:534][975]LogSlate: Window 'Delete Assets' being destroyed
[2026.06.09-06.41.32:625][975]LogUObjectGlobals: Force Deleting 9 Package(s):
	Asset Name: /Game/Computer/Demo/Texture/T_Mask.T_Mask
	Asset Name: /Game/Computer/Demo/Texture/T_Model_BaseColor.T_Model_BaseColor
	Asset Name: /Game/Computer/Demo/Texture/T_Model_Normal.T_Model_Normal
	Asset Name: /Game/Computer/Demo/Material/M_Model_Demo.M_Model_Demo
	Asset Name: /Game/Computer/Demo/Texture/T_FloorWood_BaseColor.T_FloorWood_BaseColor
	Asset Name: /Game/Computer/Demo/Texture/T_FloorWood_Normal.T_FloorWood_Normal
	Asset Name: /Game/Computer/Demo/Texture/T_FloorWood_Roughness.T_FloorWood_Roughness
	Asset Name: /Game/Computer/Demo/Texture/T_FloorWood_Specular.T_FloorWood_Specular
	Asset Name: /Game/Computer/Demo/Material/MI_Floor.MI_Floor
[2026.06.09-06.41.32:816][975]LogMaterial: Display: Missing cached shadermap for M_Model_Demo in PCD3D_SM5, Default, SM5 (DDC key hash: 3462B6A982754F61CFA87E3290E5C2C6DF397886), compiling. 
[2026.06.09-06.41.32:818][975]LogMaterial: Warning: [AssetLog] C:\Users\Administrator\Downloads\process\ZJJD-Vol1\Content\Computer\Demo\Material\M_Model_Demo.uasset: Failed to compile Material for platform PCD3D_SM5, Default Material will be used in game.
[2026.06.09-06.41.32:818][975]LogMaterial: Display: 	(Node TextureSampleParameter2D) Param2D> Found NULL, requires Texture2D
[2026.06.09-06.41.32:820][975]LogMaterial: Display: Missing cached shadermap for M_Model_Demo in PCD3D_SM5, Default, SM5 (DDC key hash: 3462B6A982754F61CFA87E3290E5C2C6DF397886), compiling. 
[2026.06.09-06.41.32:821][975]LogMaterial: Warning: [AssetLog] C:\Users\Administrator\Downloads\process\ZJJD-Vol1\Content\Computer\Demo\Material\M_Model_Demo.uasset: Failed to compile Material for platform PCD3D_SM5, Default Material will be used in game.
[2026.06.09-06.41.32:821][975]LogMaterial: Display: 	(Node TextureSampleParameter2D) Param2D> Found NULL, requires Texture2D
[2026.06.09-06.41.32:823][975]LogMaterial: Display: Missing cached shadermap for M_Model_Demo in PCD3D_SM5, Default, SM5 (DDC key hash: 3462B6A982754F61CFA87E3290E5C2C6DF397886), compiling. 
[2026.06.09-06.41.32:824][975]LogMaterial: Warning: [AssetLog] C:\Users\Administrator\Downloads\process\ZJJD-Vol1\Content\Computer\Demo\Material\M_Model_Demo.uasset: Failed to compile Material for platform PCD3D_SM5, Default Material will be used in game.
[2026.06.09-06.41.32:824][975]LogMaterial: Display: 	(Node TextureSampleParameter2D) Param2D> Found NULL, requires Texture2D
[2026.06.09-06.41.32:825][975]LogMaterial: Display: Missing cached shadermap for M_Model_Demo in PCD3D_SM5, Default, SM5 (DDC key hash: 3462B6A982754F61CFA87E3290E5C2C6DF397886), compiling. 
[2026.06.09-06.41.32:826][975]LogMaterial: Warning: [AssetLog] C:\Users\Administrator\Downloads\process\ZJJD-Vol1\Content\Computer\Demo\Material\M_Model_Demo.uasset: Failed to compile Material for platform PCD3D_SM5, Default Material will be used in game.
[2026.06.09-06.41.32:826][975]LogMaterial: Display: 	(Node TextureSampleParameter2D) Param2D> Found NULL, requires Texture2D
[2026.06.09-06.41.32:827][975]LogMaterial: Display: Missing cached shadermap for M_Model_Demo in PCD3D_SM5, Default, SM5 (DDC key hash: 3462B6A982754F61CFA87E3290E5C2C6DF397886), compiling. 
[2026.06.09-06.41.32:829][975]LogMaterial: Warning: [AssetLog] C:\Users\Administrator\Downloads\process\ZJJD-Vol1\Content\Computer\Demo\Material\M_Model_Demo.uasset: Failed to compile Material for platform PCD3D_SM5, Default Material will be used in game.
[2026.06.09-06.41.32:829][975]LogMaterial: Display: 	(Node TextureSampleParameter2D) Param2D> Found NULL, requires Texture2D
[2026.06.09-06.41.32:830][975]LogMaterial: Display: Missing cached shadermap for M_Model_Demo in PCD3D_SM5, Default, SM5 (DDC key hash: 3462B6A982754F61CFA87E3290E5C2C6DF397886), compiling. 
[2026.06.09-06.41.32:831][975]LogMaterial: Warning: [AssetLog] C:\Users\Administrator\Downloads\process\ZJJD-Vol1\Content\Computer\Demo\Material\M_Model_Demo.uasset: Failed to compile Material for platform PCD3D_SM5, Default Material will be used in game.
[2026.06.09-06.41.32:831][975]LogMaterial: Display: 	(Node TextureSampleParameter2D) Param2D> Found NULL, requires Texture2D
[2026.06.09-06.41.33:690][975]LogUObjectHash: Compacting FUObjectHashTables data took   0.91ms
[2026.06.09-06.41.33:703][975]LogUObjectHash: Compacting FUObjectHashTables data took   0.47ms
[2026.06.09-06.41.33:711][975]LogUObjectHash: Compacting FUObjectHashTables data took   0.48ms
[2026.06.09-06.41.33:717][975]LogUObjectHash: Compacting FUObjectHashTables data took   0.37ms
[2026.06.09-06.41.33:725][975]LogUObjectHash: Compacting FUObjectHashTables data took   0.35ms
[2026.06.09-06.41.33:732][975]LogUObjectHash: Compacting FUObjectHashTables data took   0.32ms
[2026.06.09-06.41.33:739][975]LogUObjectHash: Compacting FUObjectHashTables data took   0.34ms
[2026.06.09-06.41.33:746][975]LogUObjectHash: Compacting FUObjectHashTables data took   0.32ms
[2026.06.09-06.41.33:753][975]LogUObjectHash: Compacting FUObjectHashTables data took   0.37ms
[2026.06.09-06.41.33:761][975]LogUObjectHash: Compacting FUObjectHashTables data took   0.99ms
[2026.06.09-06.41.33:768][975]LogUObjectHash: Compacting FUObjectHashTables data took   0.35ms
[2026.06.09-06.41.54:833][ 33]LogEditorViewport: Clicking on Actor (LMB): StaticMeshActor (SM_Mac006)
[2026.06.09-06.42.21:726][311]Message dialog closed, result: Ok, title: 不能从源码管理中迁出！, text: 不能从源码管理中成功迁出以下资产：
/Game/HotelRoom/Mesh/SM_Mac006
[2026.06.09-06.42.21:784][311]Cmd: OBJ SAVEPACKAGE PACKAGE="/Game/HotelRoom/Mesh/SM_Mac006" FILE="../../../../../../Users/Administrator/Downloads/process/ZJJD-Vol1/Content/HotelRoom/Mesh/SM_Mac006.uasset" SILENT=true
[2026.06.09-06.42.22:326][311]LogSavePackage: Moving '../../../../../../Users/Administrator/Downloads/process/ZJJD-Vol1/Saved/SM_Mac0063230937249D3595B1E4D04816ABBDBBE.tmp' to '../../../../../../Users/Administrator/Downloads/process/ZJJD-Vol1/Content/HotelRoom/Mesh/SM_Mac006.uasset'
[2026.06.09-06.42.22:364][311]Message dialog closed, result: Ok, title: 不能从源码管理中迁出！, text: 不能从源码管理中成功迁出以下资产：
/Game/HotelRoom/Mesh/SM_Mac006
[2026.06.09-06.43.49:379][311]LogSlate: Window '' being destroyed
[2026.06.09-06.43.49:397][311]Message dialog closed, result: Ok, title: , text: SM_Mac006 有材质插槽为空 

[2026.06.09-06.43.49:401][311]LogBlueprintUserMessages: [MeshTool_C_0] SM_Mac006 有材质插槽为空 

[2026.06.09-06.43.49:402][311]LogFileHelpers: 没有需要保存的新变更！
[2026.06.09-06.43.49:409][311]AssetCheck: New page: 资产保存：SM_Mac006
[2026.06.09-06.43.49:409][311]LogContentValidation: Display: 正在验证StaticMesh /Game/HotelRoom/Mesh/SM_Mac006.SM_Mac006
[2026.06.09-06.43.56:171][940]LogAssetEditorSubsystem: Opening Asset editor for StaticMesh /Game/HotelRoom/Mesh/SM_Mac006.SM_Mac006
[2026.06.09-06.44.54:167][684]Cmd: OBJ SAVEPACKAGE PACKAGE="/Game/HotelRoom/Mesh/SM_Mac006" FILE="../../../../../../Users/Administrator/Downloads/process/ZJJD-Vol1/Content/HotelRoom/Mesh/SM_Mac006.uasset" SILENT=true
[2026.06.09-06.44.54:672][684]LogSavePackage: Moving '../../../../../../Users/Administrator/Downloads/process/ZJJD-Vol1/Saved/SM_Mac0066ECAC1A340F45422E87AE68DD3F07525.tmp' to '../../../../../../Users/Administrator/Downloads/process/ZJJD-Vol1/Content/HotelRoom/Mesh/SM_Mac006.uasset'
[2026.06.09-06.44.54:712][684]AssetCheck: New page: 资产保存：SM_Mac006
[2026.06.09-06.44.54:712][684]LogContentValidation: Display: 正在验证StaticMesh /Game/HotelRoom/Mesh/SM_Mac006.SM_Mac006
[2026.06.09-06.44.57:917][888]LogSlate: Window 'SM_Mac006' being destroyed
[2026.06.09-06.44.58:053][888]LogWorld: UWorld::CleanupWorld for World_16, bSessionEnded=true, bCleanupResources=true
[2026.06.09-06.44.58:053][888]LogSlate: InvalidateAllWidgets triggered.  All widgets were invalidated
[2026.06.09-06.45.02:132][345]LogEditorViewport: Clicking on Actor (LMB): StaticMeshActor (SM_landline_phone001_2)
[2026.06.09-06.45.04:297][510]LogStaticMesh: 正在构建静态网格体SM_landline_phone001……
[2026.06.09-06.45.10:720][510]LogStaticMesh: Built static mesh [6.42s] /Game/HotelRoom/Mesh/SM_landline_phone001.SM_landline_phone001
[2026.06.09-06.45.12:178][510]Message dialog closed, result: Ok, title: 不能从源码管理中迁出！, text: 不能从源码管理中成功迁出以下资产：
/Game/HotelRoom/Mesh/SM_landline_phone001
[2026.06.09-06.45.12:400][510]LogSavePackage: Moving '../../../../../../Users/Administrator/Downloads/process/ZJJD-Vol1/Saved/SM_landline_phone001A3AF0F534059642A2E1396A551A43667.tmp' to '../../../../../../Users/Administrator/Downloads/process/ZJJD-Vol1/Content/HotelRoom/Mesh/SM_landline_phone001.uasset'
[2026.06.09-06.45.12:411][510]Message dialog closed, result: Ok, title: 不能从源码管理中迁出！, text: 不能从源码管理中成功迁出以下资产：
/Game/HotelRoom/Mesh/SM_landline_phone001
[2026.06.09-06.45.12:411][510]LogFileHelpers: 没有需要保存的新变更！
[2026.06.09-06.45.12:418][510]AssetCheck: New page: 资产保存：SM_landline_phone001
[2026.06.09-06.45.12:418][510]LogContentValidation: Display: 正在验证StaticMesh /Game/HotelRoom/Mesh/SM_landline_phone001.SM_landline_phone001
[2026.06.09-06.46.07:879][785]LogEditorViewport: Clicking on Actor (LMB): StaticMeshActor (SM_Mac006)
[2026.06.09-06.46.13:587][438]LogEditorViewport: Clicking on Actor (LMB): StaticMeshActor (SM_Side_table001)
[2026.06.09-06.46.14:966][584]LogEditorViewport: Clicking on Actor (LMB): StaticMeshActor (SM_landline_phone001_2)
[2026.06.09-06.46.23:862][361]Message dialog closed, result: Ok, title: 不能从源码管理中迁出！, text: 不能从源码管理中成功迁出以下资产：
/Game/HotelRoom/Mesh/SM_landline_phone001
[2026.06.09-06.46.24:012][361]LogSavePackage: Moving '../../../../../../Users/Administrator/Downloads/process/ZJJD-Vol1/Saved/SM_landline_phone0014BC9475F492A72F1C5ED0EBF690AC07A.tmp' to '../../../../../../Users/Administrator/Downloads/process/ZJJD-Vol1/Content/HotelRoom/Mesh/SM_landline_phone001.uasset'
[2026.06.09-06.46.24:024][361]Message dialog closed, result: Ok, title: 不能从源码管理中迁出！, text: 不能从源码管理中成功迁出以下资产：
/Game/HotelRoom/Mesh/SM_landline_phone001
[2026.06.09-06.46.24:028][361]AssetCheck: New page: 资产保存：SM_landline_phone001
[2026.06.09-06.46.24:028][361]LogContentValidation: Display: 正在验证StaticMesh /Game/HotelRoom/Mesh/SM_landline_phone001.SM_landline_phone001
[2026.06.09-06.46.26:127][553]LogEditorViewport: Clicking on Actor (LMB): StaticMeshActor (SM_Wall001)
[2026.06.09-06.46.33:814][450]LogEditorViewport: Clicking on Actor (LMB): StaticMeshActor (SM_landline_phone001_2)
[2026.06.09-06.46.37:922][889]LogUObjectHash: Compacting FUObjectHashTables data took   1.32ms
[2026.06.09-06.46.38:011][889]LogSavePackage: Moving '../../../../../../Users/Administrator/Downloads/process/ZJJD-Vol1/Saved/model5E13FF7047CB303FD084368CEC659BEE.tmp' to '../../../../../../Users/Administrator/Downloads/process/ZJJD-Vol1/Content/HotelRoom/Map/model.umap'
[2026.06.09-06.46.38:019][889]Cmd: OBJ SAVEPACKAGE PACKAGE="/Game/HotelRoom/Map/model_BuiltData" FILE="../../../../../../Users/Administrator/Downloads/process/ZJJD-Vol1/Content/HotelRoom/Map/model_BuiltData.uasset" SILENT=true
[2026.06.09-06.46.39:436][889]LogSavePackage: Moving '../../../../../../Users/Administrator/Downloads/process/ZJJD-Vol1/Saved/model_BuiltDataCC4FA3D74D8B6EF4B2AE0E85E045F313.tmp' to '../../../../../../Users/Administrator/Downloads/process/ZJJD-Vol1/Content/HotelRoom/Map/model_BuiltData.uasset'
[2026.06.09-06.46.39:459][889]AssetCheck: New page: 资产保存：多个资产
[2026.06.09-06.46.39:459][889]LogContentValidation: Display: 正在验证MapBuildDataRegistry /Game/HotelRoom/Map/model_BuiltData.model_BuiltData
[2026.06.09-06.46.39:459][889]LogContentValidation: Display: 正在验证World /Game/HotelRoom/Map/model.model
[2026.06.09-06.46.40:119][958]LogSlate: Window 'MeshTool' being destroyed
[2026.06.09-06.46.40:130][958]LogSlate: Window 'MeshTool' being destroyed
[2026.06.09-06.46.50:223][132]LogUObjectHash: Compacting FUObjectHashTables data took   0.90ms
[2026.06.09-06.46.50:282][132]LogSavePackage: Moving '../../../../../../Users/Administrator/Downloads/process/ZJJD-Vol1/Saved/model32A007DA4EACBD66677D1A8D97147669.tmp' to '../../../../../../Users/Administrator/Downloads/process/ZJJD-Vol1/Content/HotelRoom/Map/model.umap'
[2026.06.09-06.46.50:290][132]Cmd: OBJ SAVEPACKAGE PACKAGE="/Game/HotelRoom/Map/model_BuiltData" FILE="../../../../../../Users/Administrator/Downloads/process/ZJJD-Vol1/Content/HotelRoom/Map/model_BuiltData.uasset" SILENT=true
[2026.06.09-06.46.51:674][132]LogSavePackage: Moving '../../../../../../Users/Administrator/Downloads/process/ZJJD-Vol1/Saved/model_BuiltData0D80EA5147D189D3594A2C97EAC78A6B.tmp' to '../../../../../../Users/Administrator/Downloads/process/ZJJD-Vol1/Content/HotelRoom/Map/model_BuiltData.uasset'
[2026.06.09-06.46.51:714][132]AssetCheck: New page: 资产保存：多个资产
[2026.06.09-06.46.51:714][132]LogContentValidation: Display: 正在验证MapBuildDataRegistry /Game/HotelRoom/Map/model_BuiltData.model_BuiltData
[2026.06.09-06.46.51:714][132]LogContentValidation: Display: 正在验证World /Game/HotelRoom/Map/model.model
[2026.06.09-06.52.53:331][ 34]MapCheck: New page: 地图检测
[2026.06.09-06.52.53:367][ 34]Cmd: MAP REBUILD ALLVISIBLE
[2026.06.09-06.52.53:367][ 34]LogEditorServer: Rebuildmap Clear paths rebuilt
[2026.06.09-06.52.53:372][ 34]LogWorld: UWorld::CleanupWorld for model, bSessionEnded=true, bCleanupResources=false
[2026.06.09-06.52.53:388][ 34]LogNavigationDataBuild: Display: UNavigationSystemV1::Build started...
[2026.06.09-06.52.53:388][ 34]LogNavigationDataBuild: Display:    Building navigation data using PHYSICS_INTERFACE_PHYSX.
[2026.06.09-06.52.53:388][ 34]LogNavigationDataBuild: Display:    Building navigation data using WITH_PHYSX.
[2026.06.09-06.52.53:399][ 34]LogUObjectHash: Compacting FUObjectHashTables data took   1.25ms
[2026.06.09-06.52.53:494][ 34]LogLevel: Display: Export Material TexCoord Scales took 0.091 seconds.
[2026.06.09-06.52.53:947][ 34]TextureStreamingBuild: Display: Build Texture Streaming took 0.452 seconds.
[2026.06.09-06.52.53:955][ 34]LogUObjectHash: Compacting FUObjectHashTables data took   0.46ms
[2026.06.09-06.52.53:961][ 34]LightingResults: New page: 光照构建 - 2026年6月9日 下午10:52:53
[2026.06.09-06.52.53:970][ 34]LogSwarmInterface: [OpenConnection] Registering TCP channel ...
[2026.06.09-06.52.53:973][ 34]LogSwarmInterface: [OpenConnection] Connecting to agent ...
[2026.06.09-06.52.53:973][ 34]LogSwarmInterface: [TryOpenConnection] Testing the Agent
[2026.06.09-06.52.53:975][ 34]LogSwarmInterface: [TryOpenConnection] Opening Connection to Agent
[2026.06.09-06.52.53:975][ 34]LogSwarmInterface: [TryOpenConnection] Local Process ID is 17300
[2026.06.09-06.52.58:565][ 34]LogStaticLightingSystem: Running Lightmass w/ ImmediateImport mode ENABLED
[2026.06.09-06.52.58:565][ 34]LogStaticLightingSystem: Running Lightmass w/ ImmediateProcess mode ENABLED
[2026.06.09-06.52.58:565][ 34]LogStaticLightingSystem: Running Lightmass w/ Sorting mode ENABLED
[2026.06.09-06.52.58:566][ 34]LogStaticLightingSystem: Running Lightmass w/ Mapping paddings ENABLED
[2026.06.09-06.52.58:566][ 34]LogStaticLightingSystem: Running Lightmass w/ Mapping debug paddings DISABLED
[2026.06.09-06.53.00:198][ 34]Cmd: MAP CHECK DONTDISPLAYDIALOG
[2026.06.09-06.53.00:198][ 34]MapCheck: New page: model - 2026年6月9日 下午10:53:00
[2026.06.09-06.53.00:200][ 34]MapCheck: Error: WorldSettings 地图需要重新构建光照 
[2026.06.09-06.53.00:205][ 34]MapCheck: 地图检测完成：1个错误、0个警告、完成用时6.285毫秒。
[2026.06.09-06.53.00:208][ 34]LogEditorBuildUtils: Build time 0:06
[2026.06.09-06.53.00:767][ 40]LogMaterial: Display: Missing cached shadermap for FLightmassMaterialRenderer MI_Dceocomp_21 in PCD3D_SM5, Default, SM5 (DDC key hash: C513DCB5AD5890513589D89B0E89B98A47F18229), compiling. 
[2026.06.09-06.53.00:773][ 40]LogShaderCompilers: Display: Submitted 2 shader compile jobs with 'Low' priority
[2026.06.09-06.53.00:774][ 40]LogMaterial: Display: Missing cached shadermap for FLightmassMaterialRenderer MI_Dceocomp_21 in PCD3D_SM5, Default, SM5 (DDC key hash: 08A8EBEA5A7A51899D6D38FAB70D51ADB0B96A72), compiling. 
[2026.06.09-06.53.00:778][ 40]LogShaderCompilers: Display: Submitted 2 shader compile jobs with 'Low' priority
[2026.06.09-06.53.00:786][ 41]LogShaderCompilers: Display: Worker (1/5): shaders left to compile 4
[2026.06.09-06.53.00:786][ 41]LogShaderCompilers: Display: Worker (2/5): shaders left to compile 2
[2026.06.09-06.53.00:786][ 41]LogShaderCompilers: Display: Started 4 'Local' shader compile jobs with 'Low' priority
[2026.06.09-06.53.00:790][ 41]LogMaterial: Display: Missing cached shadermap for FLightmassMaterialRenderer MI_Dceocomp_20 in PCD3D_SM5, Default, SM5 (DDC key hash: 208AD9D133307BCCF47B67C79EEF0FD53743725D), compiling. 
[2026.06.09-06.53.00:795][ 41]LogShaderCompilers: Display: Submitted 2 shader compile jobs with 'Low' priority
[2026.06.09-06.53.00:798][ 41]LogMaterial: Display: Missing cached shadermap for FLightmassMaterialRenderer MI_Dceocomp_20 in PCD3D_SM5, Default, SM5 (DDC key hash: 504DABCE24130180D6D368A6781F1A9D62AF7452), compiling. 
[2026.06.09-06.53.00:801][ 41]LogShaderCompilers: Display: Submitted 2 shader compile jobs with 'Low' priority
[2026.06.09-06.53.02:579][ 42]LogShaderCompilers: Display: Worker (3/5): shaders left to compile 4
[2026.06.09-06.53.02:579][ 42]LogShaderCompilers: Display: Worker (4/5): shaders left to compile 2
[2026.06.09-06.53.02:579][ 42]LogShaderCompilers: Display: Started 4 'Local' shader compile jobs with 'Low' priority
[2026.06.09-06.53.02:579][ 42]LogShaderCompilers: Display: === FShaderJobCache stats ===
[2026.06.09-06.53.02:579][ 42]LogShaderCompilers: Display: Total job queries 106, among them cache hits 29 (27.36%)
[2026.06.09-06.53.02:579][ 42]LogShaderCompilers: Display: Tracking 77 distinct input hashes that result in 32 distinct outputs (41.56%)
[2026.06.09-06.53.02:579][ 42]LogShaderCompilers: Display: RAM used: 0.16 MB (0.00 GB) of 819.20 MB (0.80 GB) budget. Usage: 0.02%
[2026.06.09-06.53.02:579][ 42]LogShaderCompilers: Display: ================================================
[2026.06.09-06.53.03:323][ 74]LogUObjectHash: Compacting FUObjectHashTables data took   1.03ms
[2026.06.09-06.55.20:881][ 86]LightingResults: Warning: SM_Curtain003 对象拥有重叠的UV。
[2026.06.09-06.55.20:883][ 86]LightingResults: SM_Curtain003 Lightmap UV are overlapping by 2.8%. Please adjust content - Enable Error Coloring to visualize.
[2026.06.09-06.55.33:305][123]LightingResults: Warning: SM_Curtain002 对象拥有包裹的UV。
[2026.06.09-06.55.33:306][123]LightingResults: Warning: SM_Curtain002 对象拥有重叠的UV。
[2026.06.09-06.55.33:306][123]LightingResults: SM_Curtain002 Lightmap UV are overlapping by 2.0%. Please adjust content - Enable Error Coloring to visualize.
[2026.06.09-06.56.01:507][207]LightingResults: Warning: SM_Window001 对象拥有重叠的UV。
[2026.06.09-06.56.01:507][207]LightingResults: SM_Window001 Lightmap UV are overlapping by 2.1%. Please adjust content - Enable Error Coloring to visualize.
[2026.06.09-06.56.04:200][215]LightingResults: Warning: SM_landline_phone001 对象拥有重叠的UV。
[2026.06.09-06.56.04:200][215]LightingResults: SM_landline_phone001 Lightmap UV are overlapping by 2.3%. Please adjust content - Enable Error Coloring to visualize.
[2026.06.09-06.56.04:539][216]LightingResults: Warning: SM_Mac006 对象拥有重叠的UV。
[2026.06.09-06.56.04:539][216]LightingResults: SM_Mac006 Lightmap UV are overlapping by 39.2%. Please adjust content - Enable Error Coloring to visualize.
[2026.06.09-06.56.12:940][241]LightingResults: Warning: SM_Curtain001 对象拥有包裹的UV。
[2026.06.09-06.56.12:940][241]LightingResults: Warning: SM_Curtain001 对象拥有重叠的UV。
[2026.06.09-06.56.12:940][241]LightingResults: SM_Curtain001 Lightmap UV are overlapping by 2.5%. Please adjust content - Enable Error Coloring to visualize.
[2026.06.09-06.56.24:353][275]LightingResults: Warning: SM_Bonsai001 对象拥有重叠的UV。
[2026.06.09-06.56.24:353][275]LightingResults: SM_Bonsai001 Lightmap UV are overlapping by 17.2%. Please adjust content - Enable Error Coloring to visualize.
[2026.06.09-06.56.36:090][310]LightingResults: Warning: SM_Plant008 对象拥有重叠的UV。
[2026.06.09-06.56.36:090][310]LightingResults: SM_Plant008 Lightmap UV are overlapping by 37.9%. Please adjust content - Enable Error Coloring to visualize.
[2026.06.09-06.56.50:687][353]LogUObjectHash: Compacting FUObjectHashTables data took  21.64ms
[2026.06.09-06.56.50:773][353]Job is a success!
[2026.06.09-06.56.50:794][353]LogSavePackage: Moving '../../../../../../Users/Administrator/Downloads/process/ZJJD-Vol1/Saved/model_Auto40A85C2F8404D8B2E11E87C8C07B9F8DC.tmp' to '../../../../../../Users/Administrator/Downloads/process/ZJJD-Vol1/Saved/Autosaves/Game/HotelRoom/Map/model_Auto4.umap'
[2026.06.09-06.56.50:798][353]LogFileHelpers: Editor autosave (incl. external actors) for '/Game/HotelRoom/Map/model' took 0.176
[2026.06.09-06.56.50:798][353]LogFileHelpers: Editor autosave (incl. sublevels & external actors) for all levels took 0.176
[2026.06.09-06.56.51:123][354]LogVolumetricLightmapImport: Imported Volumetric Lightmap in 0.023s
[2026.06.09-06.56.51:123][354]LogVolumetricLightmapImport:      Indirection Texture 16x16x16 = 0.0Mb
[2026.06.09-06.56.51:123][354]LogVolumetricLightmapImport:      BrickData (all levels) 0.0Mb
[2026.06.09-06.56.51:123][354]LogVolumetricLightmapImport:      Bricks at depth
[2026.06.09-06.56.51:123][354]LogVolumetricLightmapImport:          0: 25.0% covering 100.0% of volume
[2026.06.09-06.56.51:123][354]LogVolumetricLightmapImport:          1: 25.0% covering 1.6% of volume
[2026.06.09-06.56.51:123][354]LogVolumetricLightmapImport:          2: 50.0% covering 0.0% of volume
[2026.06.09-06.56.51:123][354]LogVolumetricLightmapImport:      Bricks in each level
[2026.06.09-06.56.51:123][354]LogVolumetricLightmapImport:          model 			 4 bricks 	 100.0% (Persistent Level)
[2026.06.09-06.56.53:579][354]LogTexture: Display: 正在编译纹理：HQ_Lightmap1_1（BGRA8、2048X2048）
[2026.06.09-06.56.53:582][354]LogTexture: Display: 正在编译纹理：LQ_Lightmap_1_1（BGRA8、2048X2048）
[2026.06.09-06.56.53:582][354]LogTexture: Display: 正在编译纹理：HQ_Lightmap1_2（BGRA8、2048X2048）
[2026.06.09-06.56.53:582][354]LogTexture: Display: 正在编译纹理：LQ_Lightmap_1_2（BGRA8、2048X2048）
[2026.06.09-06.56.53:582][354]LogTexture: Display: 正在编译纹理：HQ_Lightmap1_3（BGRA8、2048X2048）
[2026.06.09-06.56.53:582][354]LogTexture: Display: 正在编译纹理：LQ_Lightmap_1_3（BGRA8、2048X2048）
[2026.06.09-06.56.53:582][354]LogTexture: Display: 正在编译纹理：HQ_Lightmap0_4（BGRA8、1024X1024）
[2026.06.09-06.56.53:582][354]LogTexture: Display: 正在编译纹理：LQ_Lightmap_0_4（BGRA8、1024X1024）
[2026.06.09-06.56.53:582][354]LogTexture: Display: 正在编译纹理：HQ_Lightmap0_5（BGRA8、1024X1024）
[2026.06.09-06.56.53:582][354]LogTexture: Display: 正在编译纹理：LQ_Lightmap_0_5（BGRA8、1024X1024）
[2026.06.09-06.56.53:582][354]LogTexture: Display: 正在编译纹理：HQ_Lightmap1_6（BGRA8、1024X1024）
[2026.06.09-06.56.53:582][354]LogTexture: Display: 正在编译纹理：LQ_Lightmap_1_6（BGRA8、1024X1024）
[2026.06.09-06.56.53:582][354]LogTexture: Display: 正在编译纹理：HQ_Lightmap1_7（BGRA8、1024X1024）
[2026.06.09-06.56.53:582][354]LogTexture: Display: 正在编译纹理：LQ_Lightmap_1_7（BGRA8、1024X1024）
[2026.06.09-06.56.53:582][354]LogTexture: Display: 正在编译纹理：HQ_Lightmap1_8（BGRA8、1024X1024）
[2026.06.09-06.56.53:582][354]LogTexture: Display: 正在编译纹理：LQ_Lightmap_1_8（BGRA8、1024X1024）
[2026.06.09-06.56.54:214][354]LogTexture: Display: 正在编译纹理：ShadowMapTexture2D_11（BGRA8、1024X1024）
[2026.06.09-06.56.54:214][354]LogTexture: Display: 正在编译纹理：ShadowMapTexture2D_7（BGRA8、1024X1024）
[2026.06.09-06.56.54:215][354]LogTexture: Display: 正在编译纹理：ShadowMapTexture2D_10（BGRA8、1024X1024）
[2026.06.09-06.56.54:215][354]LogTexture: Display: 正在编译纹理：ShadowMapTexture2D_9（BGRA8、1024X1024）
[2026.06.09-06.56.54:215][354]LogTexture: Display: 正在编译纹理：ShadowMapTexture2D_6（BGRA8、1024X1024）
[2026.06.09-06.56.54:215][354]LogTexture: Display: 正在编译纹理：ShadowMapTexture2D_8（BGRA8、1024X1024）
[2026.06.09-06.56.54:239][354]LogStaticLightingSystem: model_BuiltData storing lightmap data for 79 meshes in 15 LightmapResourceClusters (5.3 Meshes per cluster).
[2026.06.09-06.56.54:265][354]Lightmass on 备用机: 3:50 min total, 38.7 sec importing, 6.46 sec setup, 1:16 min photons, 1:47 min processing, 0 ms extra exporting [79/79 mappings]. Threads: 12:33 min total, 6:38 min processing.
[2026.06.09-06.56.54:281][354]LogUObjectHash: Compacting FUObjectHashTables data took   0.99ms
[2026.06.09-06.56.54:429][354]LogStaticLightingSystem: Illumination: 4:00 min (1.34 sec encoding lightmaps, 643 ms encoding shadowmaps)
[2026.06.09-06.56.54:429][354]LogStaticLightingSystem: Lightmap texture memory:  181.3 MB (181.3 MB streaming, 0.0 MB non-streaming), 16 textures
[2026.06.09-06.56.54:429][354]LogStaticLightingSystem: Shadowmap texture memory: 32.0 MB (32.0 MB streaming, 0.0 MB non-streaming), 6 textures
[2026.06.09-06.56.54:759][354]DumpUnbuiltLightIteractions
[2026.06.09-06.56.54:759][354]Lights with unbuilt interactions: 0
[2026.06.09-06.56.54:759][354]
[2026.06.09-06.56.54:759][354]Primitives with unbuilt interactions: 0
[2026.06.09-06.56.54:790][354]LogShaderCompilers: Display: === FShaderJobCache stats ===
[2026.06.09-06.56.54:790][354]LogShaderCompilers: Display: Total job queries 106, among them cache hits 29 (27.36%)
[2026.06.09-06.56.54:790][354]LogShaderCompilers: Display: Tracking 77 distinct input hashes that result in 32 distinct outputs (41.56%)
[2026.06.09-06.56.54:790][354]LogShaderCompilers: Display: RAM used: 0.16 MB (0.00 GB) of 819.20 MB (0.80 GB) budget. Usage: 0.02%
[2026.06.09-06.56.54:791][354]LogShaderCompilers: Display: ================================================
[2026.06.09-06.56.54:990][354]LogTexture: Display: 正在编译纹理：NewReflectionComponentTexture8B81A5D44CB86E9CB936038FD5EA8052（BGRA8、128X128）
[2026.06.09-06.56.55:067][355]Cmd: MAP CHECK NOTIFYRESULTS
[2026.06.09-06.56.55:068][355]MapCheck: New page: model - 2026年6月9日 下午10:56:55
[2026.06.09-06.56.55:073][355]MapCheck: 地图检测完成：0个错误、0个警告、完成用时5.076毫秒。
[2026.06.09-06.57.07:924][780]LogSlate: Window '消息日志' being destroyed
[2026.06.09-06.57.07:934][780]LogSlate: Window '消息日志' being destroyed
[2026.06.09-06.57.09:503][941]LogUObjectHash: Compacting FUObjectHashTables data took   1.19ms
[2026.06.09-06.57.09:575][941]LogSavePackage: Moving '../../../../../../Users/Administrator/Downloads/process/ZJJD-Vol1/Saved/modelA36D22324170CBF5AC4F359B46B57D34.tmp' to '../../../../../../Users/Administrator/Downloads/process/ZJJD-Vol1/Content/HotelRoom/Map/model.umap'
[2026.06.09-06.57.09:584][941]Cmd: OBJ SAVEPACKAGE PACKAGE="/Game/HotelRoom/Map/model_BuiltData" FILE="../../../../../../Users/Administrator/Downloads/process/ZJJD-Vol1/Content/HotelRoom/Map/model_BuiltData.uasset" SILENT=true
[2026.06.09-06.57.11:023][941]LogSavePackage: Moving '../../../../../../Users/Administrator/Downloads/process/ZJJD-Vol1/Saved/model_BuiltDataE0D83DCF49DD71254BB3AA92EB5BF707.tmp' to '../../../../../../Users/Administrator/Downloads/process/ZJJD-Vol1/Content/HotelRoom/Map/model_BuiltData.uasset'
[2026.06.09-06.57.11:048][941]AssetCheck: New page: 资产保存：多个资产
[2026.06.09-06.57.11:048][941]LogContentValidation: Display: 正在验证MapBuildDataRegistry /Game/HotelRoom/Map/model_BuiltData.model_BuiltData
[2026.06.09-06.57.11:048][941]LogContentValidation: Display: 正在验证World /Game/HotelRoom/Map/model.model
[2026.06.09-06.57.11:726][ 11]LogUObjectHash: Compacting FUObjectHashTables data took   0.33ms
[2026.06.09-06.57.13:569][ 11]LogSlate: Window '保存内容' being destroyed
[2026.06.09-06.57.13:641][ 11]Cmd: OBJ SAVEPACKAGE PACKAGE="/Game/HotelRoom/Material/M_Mode" FILE="../../../../../../Users/Administrator/Downloads/process/ZJJD-Vol1/Content/HotelRoom/Material/M_Mode.uasset" SILENT=true
[2026.06.09-06.57.13:696][ 11]LogSavePackage: Moving '../../../../../../Users/Administrator/Downloads/process/ZJJD-Vol1/Saved/M_Mode5D069AF9407174669FDD48901DC5677D.tmp' to '../../../../../../Users/Administrator/Downloads/process/ZJJD-Vol1/Content/HotelRoom/Material/M_Mode.uasset'
[2026.06.09-06.57.13:699][ 11]Cmd: OBJ SAVEPACKAGE PACKAGE="/Game/HotelRoom/Material/M_Model_Glass" FILE="../../../../../../Users/Administrator/Downloads/process/ZJJD-Vol1/Content/HotelRoom/Material/M_Model_Glass.uasset" SILENT=true
[2026.06.09-06.57.13:726][ 11]LogSavePackage: Moving '../../../../../../Users/Administrator/Downloads/process/ZJJD-Vol1/Saved/M_Model_Glass8CCB7DB2421124368B57A4BAF628E148.tmp' to '../../../../../../Users/Administrator/Downloads/process/ZJJD-Vol1/Content/HotelRoom/Material/M_Model_Glass.uasset'
[2026.06.09-06.57.13:745][ 11]AssetCheck: New page: 资产保存：多个资产
[2026.06.09-06.57.13:745][ 11]LogContentValidation: Display: 正在验证Material /Game/HotelRoom/Material/M_Model_Glass.M_Model_Glass
[2026.06.09-06.57.13:745][ 11]LogContentValidation: Display: 正在验证Material /Game/HotelRoom/Material/M_Mode.M_Mode
[2026.06.09-06.57.22:610][ 52]LogUObjectHash: Compacting FUObjectHashTables data took   0.36ms
[2026.06.09-06.57.22:725][ 52]LogSlate: Window 'HotelRoom - 虚幻编辑器' being destroyed
[2026.06.09-06.57.23:539][ 53]Cmd: QUIT_EDITOR
[2026.06.09-06.57.23:541][ 53]LogCore: Engine exit requested (reason: UUnrealEdEngine::CloseEditor())
[2026.06.09-06.57.23:565][ 53]LogCore: Engine exit requested (reason: EngineExit() was called; note: exit was already requested)
[2026.06.09-06.57.24:392][ 53]LogAudio: Display: Beginning Audio Device Manager Shutdown (Module: AudioMixerXAudio2)...
[2026.06.09-06.57.24:393][ 53]LogAudio: Display: Destroying 1 Remaining Audio Device(s)...
[2026.06.09-06.57.24:393][ 53]LogAudio: Display: Audio Device unregistered from world 'model'.
[2026.06.09-06.57.24:403][ 53]LogAudioMixer: FMixerPlatformXAudio2::StopAudioStream() called
[2026.06.09-06.57.24:423][ 53]LogAudioMixer: FMixerPlatformXAudio2::StopAudioStream() called
[2026.06.09-06.57.24:519][ 53]LogAudio: Display: Audio Device Manager Shutdown
[2026.06.09-06.57.24:583][ 53]LogExit: Preparing to exit.
[2026.06.09-06.57.24:756][ 53]LogUObjectHash: Compacting FUObjectHashTables data took   3.29ms
[2026.06.09-06.57.25:740][ 53]LogWorld: UWorld::CleanupWorld for World_0, bSessionEnded=true, bCleanupResources=true
[2026.06.09-06.57.25:740][ 53]LogWorld: UWorld::CleanupWorld for World_2, bSessionEnded=true, bCleanupResources=true
[2026.06.09-06.57.26:066][ 53]LogDemo: Cleaned up 0 splitscreen connections with owner deletion
[2026.06.09-06.57.26:162][ 53]LogStylusInput: Shutting down StylusInput subsystem.
[2026.06.09-06.57.26:170][ 53]LogWorld: UWorld::CleanupWorld for None, bSessionEnded=true, bCleanupResources=true
[2026.06.09-06.57.26:178][ 53]LogExit: Editor shut down
[2026.06.09-06.57.26:197][ 53]LogExit: Transaction tracking system shut down
[2026.06.09-06.57.32:742][ 53]LogExit: Object subsystem successfully closed.
[2026.06.09-06.57.32:802][ 53]LogShaderCompilers: Display: === FShaderJobCache stats ===
[2026.06.09-06.57.32:802][ 53]LogShaderCompilers: Display: Total job queries 106, among them cache hits 29 (27.36%)
[2026.06.09-06.57.32:802][ 53]LogShaderCompilers: Display: Tracking 77 distinct input hashes that result in 32 distinct outputs (41.56%)
[2026.06.09-06.57.32:802][ 53]LogShaderCompilers: Display: RAM used: 0.16 MB (0.00 GB) of 819.20 MB (0.80 GB) budget. Usage: 0.02%
[2026.06.09-06.57.32:802][ 53]LogShaderCompilers: Display: ================================================
[2026.06.09-06.57.32:903][ 53]LogShaderCompilers: Display: Shaders left to compile 0
[2026.06.09-06.57.33:432][ 53]LogModuleManager: Shutting down and abandoning module MovieSceneCapture (932)
[2026.06.09-06.57.33:432][ 53]LogModuleManager: Shutting down and abandoning module Voice (930)
[2026.06.09-06.57.33:432][ 53]LogModuleManager: Shutting down and abandoning module HierarchicalLODUtilities (928)
[2026.06.09-06.57.33:433][ 53]LogModuleManager: Shutting down and abandoning module TextureEditor (926)
[2026.06.09-06.57.33:436][ 53]LogModuleManager: Shutting down and abandoning module HierarchicalLODOutliner (924)
[2026.06.09-06.57.33:436][ 53]LogModuleManager: Shutting down and abandoning module SceneOutliner (922)
[2026.06.09-06.57.33:437][ 53]LogModuleManager: Shutting down and abandoning module AddContentDialog (920)
[2026.06.09-06.57.33:491][ 53]LogModuleManager: Shutting down and abandoning module WidgetCarousel (919)
[2026.06.09-06.57.33:491][ 53]LogModuleManager: Shutting down and abandoning module EditorWidgets (916)
[2026.06.09-06.57.33:491][ 53]LogModuleManager: Shutting down and abandoning module StatsViewer (914)
[2026.06.09-06.57.33:492][ 53]LogModuleManager: Shutting down and abandoning module PIEPreviewDeviceProfileSelector (912)
[2026.06.09-06.57.33:494][ 53]LogModuleManager: Shutting down and abandoning module SequenceRecorderSections (910)
[2026.06.09-06.57.33:494][ 53]LogModuleManager: Shutting down and abandoning module AutomationWorker (908)
[2026.06.09-06.57.33:496][ 53]LogModuleManager: Shutting down and abandoning module SteamVREditor (906)
[2026.06.09-06.57.33:496][ 53]LogModuleManager: Shutting down and abandoning module OculusMR (904)
[2026.06.09-06.57.33:496][ 53]LogModuleManager: Shutting down and abandoning module TakeRecorderSources (902)
[2026.06.09-06.57.33:503][ 53]LogModuleManager: Shutting down and abandoning module TakeRecorder (901)
[2026.06.09-06.57.33:508][ 53]LogModuleManager: Shutting down and abandoning module TakeTrackRecorders (898)
[2026.06.09-06.57.33:509][ 53]LogModuleManager: Shutting down and abandoning module TakesCore (896)
[2026.06.09-06.57.33:510][ 53]LogModuleManager: Shutting down and abandoning module OpenXRInput (894)
[2026.06.09-06.57.33:510][ 53]LogModuleManager: Shutting down and abandoning module GooglePADEditor (892)
[2026.06.09-06.57.33:510][ 53]LogModuleManager: Shutting down and abandoning module AudioCaptureEditor (890)
[2026.06.09-06.57.33:511][ 53]LogModuleManager: Shutting down and abandoning module TemplateSequenceEditor (888)
[2026.06.09-06.57.33:517][ 53]LogModuleManager: Shutting down and abandoning module MatineeToLevelSequence (886)
[2026.06.09-06.57.33:518][ 53]LogModuleManager: Shutting down and abandoning module LevelSequenceEditor (884)
[2026.06.09-06.57.33:523][ 53]LogModuleManager: Shutting down and abandoning module ActorSequenceEditor (882)
[2026.06.09-06.57.33:526][ 53]LogModuleManager: Shutting down and abandoning module WmfMediaFactory (880)
[2026.06.09-06.57.33:526][ 53]LogModuleManager: Shutting down and abandoning module WmfMediaEditor (878)
[2026.06.09-06.57.33:526][ 53]LogModuleManager: Shutting down and abandoning module WebMMediaFactory (876)
[2026.06.09-06.57.33:526][ 53]LogModuleManager: Shutting down and abandoning module WebMMediaEditor (874)
[2026.06.09-06.57.33:526][ 53]LogModuleManager: Shutting down and abandoning module WebMMedia (872)
[2026.06.09-06.57.33:526][ 53]LogModuleManager: Shutting down and abandoning module MediaPlayerEditor (870)
[2026.06.09-06.57.33:528][ 53]LogModuleManager: Shutting down and abandoning module MediaCompositingEditor (868)
[2026.06.09-06.57.33:531][ 53]LogModuleManager: Shutting down and abandoning module SequenceRecorder (867)
[2026.06.09-06.57.33:531][ 53]LogModuleManager: Shutting down and abandoning module OpenExrWrapper (864)
[2026.06.09-06.57.33:531][ 53]LogModuleManager: Shutting down and abandoning module ImgMediaFactory (862)
[2026.06.09-06.57.33:531][ 53]LogModuleManager: Shutting down and abandoning module ImgMediaEditor (860)
[2026.06.09-06.57.33:532][ 53]LogModuleManager: Shutting down and abandoning module AvfMediaFactory (858)
[2026.06.09-06.57.33:532][ 53]LogModuleManager: Shutting down and abandoning module AvfMediaEditor (856)
[2026.06.09-06.57.33:532][ 53]LogModuleManager: Shutting down and abandoning module AndroidMediaFactory (854)
[2026.06.09-06.57.33:532][ 53]LogModuleManager: Shutting down and abandoning module AndroidMediaEditor (852)
[2026.06.09-06.57.33:532][ 53]LogModuleManager: Shutting down and abandoning module MagicLeapMediaCodecFactory (850)
[2026.06.09-06.57.33:532][ 53]LogModuleManager: Shutting down and abandoning module MagicLeapMediaFactory (848)
[2026.06.09-06.57.33:532][ 53]LogModuleManager: Shutting down and abandoning module MagicLeapMediaEditor (846)
[2026.06.09-06.57.33:532][ 53]LogModuleManager: Shutting down and abandoning module CameraShakePreviewer (844)
[2026.06.09-06.57.33:534][ 53]LogModuleManager: Shutting down and abandoning module PlanarCut (842)
[2026.06.09-06.57.33:534][ 53]LogModuleManager: Shutting down and abandoning module CharacterAI (840)
[2026.06.09-06.57.33:535][ 53]LogModuleManager: Shutting down and abandoning module TextureAlignMode (838)
[2026.06.09-06.57.33:535][ 53]LogModuleManager: Shutting down and abandoning module BspMode (836)
[2026.06.09-06.57.33:536][ 53]LogModuleManager: Shutting down and abandoning module GeometryMode (834)
[2026.06.09-06.57.33:536][ 53]LogModuleManager: Shutting down and abandoning module SmartSnapping (832)
[2026.06.09-06.57.33:537][ 53]LogModuleManager: Shutting down and abandoning module SessionServices (830)
[2026.06.09-06.57.33:569][ 53]LogModuleManager: Shutting down and abandoning module MeshPaint (828)
[2026.06.09-06.57.33:571][ 53]LogModuleManager: Shutting down and abandoning module VirtualTexturingEditor (826)
[2026.06.09-06.57.33:571][ 53]LogModuleManager: Shutting down and abandoning module FoliageEdit (824)
[2026.06.09-06.57.33:573][ 53]LogModuleManager: Shutting down and abandoning module LandscapeEditor (822)
[2026.06.09-06.57.33:579][ 53]LogModuleManager: Shutting down and abandoning module MeshPaintMode (820)
[2026.06.09-06.57.33:581][ 53]LogModuleManager: Shutting down and abandoning module SceneDepthPickerMode (818)
[2026.06.09-06.57.33:581][ 53]LogModuleManager: Shutting down and abandoning module ActorPickerMode (816)
[2026.06.09-06.57.33:581][ 53]LogModuleManager: Shutting down and abandoning module PlacementMode (814)
[2026.06.09-06.57.33:582][ 53]LogModuleManager: Shutting down and abandoning module ViewportSnapping (812)
[2026.06.09-06.57.33:582][ 53]LogModuleManager: Shutting down and abandoning module ViewportInteraction (810)
[2026.06.09-06.57.33:582][ 53]LogModuleManager: Shutting down and abandoning module ClothPainter (808)
[2026.06.09-06.57.33:587][ 53]LogModuleManager: Shutting down and abandoning module SkeletalMeshEditor (807)
[2026.06.09-06.57.33:589][ 53]LogModuleManager: Shutting down and abandoning module LogVisualizer (804)
[2026.06.09-06.57.33:592][ 53]LogModuleManager: Shutting down and abandoning module IntroTutorials (802)
[2026.06.09-06.57.33:603][ 53]LogModuleManager: Shutting down and abandoning module GameProjectGeneration (801)
[2026.06.09-06.57.33:604][ 53]LogModuleManager: Shutting down and abandoning module LuminPlatformEditor (798)
[2026.06.09-06.57.33:605][ 53]LogModuleManager: Shutting down and abandoning module IOSPlatformEditor (796)
[2026.06.09-06.57.33:606][ 53]LogModuleManager: Shutting down and abandoning module AndroidPlatformEditor (794)
[2026.06.09-06.57.33:606][ 53]LogModuleManager: Shutting down and abandoning module AndroidDeviceDetection (793)
[2026.06.09-06.57.34:791][ 53]LogModuleManager: Shutting down and abandoning module WindowsPlatformEditor (790)
[2026.06.09-06.57.34:791][ 53]LogModuleManager: Shutting down and abandoning module LuminRuntimeSettings (788)
[2026.06.09-06.57.34:791][ 53]LogModuleManager: Shutting down and abandoning module IOSRuntimeSettings (786)
[2026.06.09-06.57.34:791][ 53]LogModuleManager: Shutting down and abandoning module AndroidRuntimeSettings (784)
[2026.06.09-06.57.34:791][ 53]LogModuleManager: Shutting down and abandoning module TraceInsights (782)
[2026.06.09-06.57.34:797][ 53]MemoryProfiler: Shutdown
[2026.06.09-06.57.34:798][ 53]NetworkingProfiler: Shutdown
[2026.06.09-06.57.34:799][ 53]LoadingProfiler: Shutdown
[2026.06.09-06.57.34:800][ 53]TimingProfiler: Shutdown
[2026.06.09-06.57.34:805][ 53]LogModuleManager: Shutting down and abandoning module TraceServices (781)
[2026.06.09-06.57.34:807][ 53]LogModuleManager: Shutting down and abandoning module EditorInteractiveToolsFramework (778)
[2026.06.09-06.57.34:807][ 53]LogModuleManager: Shutting down and abandoning module TimeManagementEditor (776)
[2026.06.09-06.57.34:807][ 53]LogModuleManager: Shutting down and abandoning module InputBindingEditor (774)
[2026.06.09-06.57.34:808][ 53]LogModuleManager: Shutting down and abandoning module MergeActors (772)
[2026.06.09-06.57.34:810][ 53]LogModuleManager: Shutting down and abandoning module LocalizationDashboard (770)
[2026.06.09-06.57.34:811][ 53]LogModuleManager: Shutting down and abandoning module LocalizationService (769)
[2026.06.09-06.57.34:812][ 53]LogModuleManager: Shutting down and abandoning module HardwareTargeting (766)
[2026.06.09-06.57.34:812][ 53]LogModuleManager: Shutting down and abandoning module DeviceProfileEditor (764)
[2026.06.09-06.57.34:813][ 53]LogModuleManager: Shutting down and abandoning module UndoHistory (762)
[2026.06.09-06.57.34:814][ 53]LogModuleManager: Shutting down and abandoning module XmlParser (760)
[2026.06.09-06.57.34:815][ 53]LogModuleManager: Shutting down and abandoning module Blutility (758)
[2026.06.09-06.57.34:815][ 53]LogModuleManager: Shutting down and abandoning module ProjectSettingsViewer (756)
[2026.06.09-06.57.34:816][ 53]LogModuleManager: Shutting down and abandoning module ProjectTargetPlatformEditor (755)
[2026.06.09-06.57.34:819][ 53]LogModuleManager: Shutting down and abandoning module EditorSettingsViewer (752)
[2026.06.09-06.57.34:819][ 53]LogModuleManager: Shutting down and abandoning module InternationalizationSettings (751)
[2026.06.09-06.57.34:820][ 53]LogModuleManager: Shutting down and abandoning module SettingsEditor (748)
[2026.06.09-06.57.34:821][ 53]LogModuleManager: Shutting down and abandoning module ProjectLauncher (746)
[2026.06.09-06.57.34:822][ 53]LogModuleManager: Shutting down and abandoning module SessionFrontend (744)
[2026.06.09-06.57.34:824][ 53]LogModuleManager: Shutting down and abandoning module ProfilerClient (742)
[2026.06.09-06.57.34:824][ 53]LogModuleManager: Shutting down and abandoning module DeviceManager (740)
[2026.06.09-06.57.34:825][ 53]LogModuleManager: Shutting down and abandoning module TargetDeviceServices (739)
[2026.06.09-06.57.34:860][ 53]LogModuleManager: Shutting down and abandoning module AutomationController (736)
[2026.06.09-06.57.34:861][ 53]LogModuleManager: Shutting down and abandoning module AutomationWindow (734)
[2026.06.09-06.57.34:862][ 53]LogModuleManager: Shutting down and abandoning module Layers (732)
[2026.06.09-06.57.34:865][ 53]LogModuleManager: Shutting down and abandoning module ComponentVisualizers (730)
[2026.06.09-06.57.34:866][ 53]LogModuleManager: Shutting down and abandoning module DetailCustomizations (728)
[2026.06.09-06.57.34:867][ 53]LogModuleManager: Shutting down and abandoning module PackagesDialog (726)
[2026.06.09-06.57.34:867][ 53]LogModuleManager: Shutting down and abandoning module AnimationBlueprintEditor (724)
[2026.06.09-06.57.34:870][ 53]LogModuleManager: Shutting down and abandoning module Persona (722)
[2026.06.09-06.57.34:873][ 53]LogModuleManager: Shutting down and abandoning module AnimGraph (721)
[2026.06.09-06.57.34:874][ 53]LogModuleManager: Shutting down and abandoning module Kismet (718)
[2026.06.09-06.57.34:888][ 53]LogModuleManager: Shutting down and abandoning module KismetWidgets (717)
[2026.06.09-06.57.34:889][ 53]LogModuleManager: Shutting down and abandoning module GraphEditor (714)
[2026.06.09-06.57.34:894][ 53]LogModuleManager: Shutting down and abandoning module StructViewer (712)
[2026.06.09-06.57.34:896][ 53]LogModuleManager: Shutting down and abandoning module ClassViewer (710)
[2026.06.09-06.57.34:896][ 53]LogModuleManager: Shutting down and abandoning module Toolbox (708)
[2026.06.09-06.57.34:897][ 53]LogModuleManager: Shutting down and abandoning module ModuleUI (706)
[2026.06.09-06.57.34:897][ 53]LogModuleManager: Shutting down and abandoning module OutputLog (704)
[2026.06.09-06.57.34:951][ 53]LogModuleManager: Shutting down and abandoning module GammaUI (702)
[2026.06.09-06.57.34:951][ 53]LogModuleManager: Shutting down and abandoning module Documentation (700)
[2026.06.09-06.57.34:951][ 53]LogModuleManager: Shutting down and abandoning module LiveCoding (698)
[2026.06.09-06.57.34:953][ 53]LogModuleManager: Shutting down and abandoning module LevelSequence (696)
[2026.06.09-06.57.34:953][ 53]LogModuleManager: Shutting down and abandoning module MovieSceneTracks (694)
[2026.06.09-06.57.34:954][ 53]LogModuleManager: Shutting down and abandoning module MovieScene (692)
[2026.06.09-06.57.34:955][ 53]LogModuleManager: Shutting down and abandoning module StreamingPauseRendering (690)
[2026.06.09-06.57.34:956][ 53]LogModuleManager: Shutting down and abandoning module LauncherPlatform (688)
[2026.06.09-06.57.34:956][ 53]LogModuleManager: Shutting down and abandoning module AnalyticsET (686)
[2026.06.09-06.57.34:956][ 53]LogModuleManager: Shutting down and abandoning module PortalServices (684)
[2026.06.09-06.57.34:956][ 53]LogModuleManager: Shutting down and abandoning module PortalRpc (682)
[2026.06.09-06.57.34:956][ 53]LogModuleManager: Shutting down and abandoning module MessagingRpc (680)
[2026.06.09-06.57.34:956][ 53]LogModuleManager: Shutting down and abandoning module AudioMixerXAudio2 (678)
[2026.06.09-06.57.34:956][ 53]LogModuleManager: Shutting down and abandoning module AudioMixerCore (677)
[2026.06.09-06.57.34:956][ 53]LogModuleManager: Shutting down and abandoning module AIModule (674)
[2026.06.09-06.57.34:958][ 53]LogModuleManager: Shutting down and abandoning module GameplayDebugger (673)
[2026.06.09-06.57.34:958][ 53]LogModuleManager: Shutting down and abandoning module AITestSuite (671)
[2026.06.09-06.57.34:958][ 53]LogModuleManager: Shutting down and abandoning module NavigationSystem (669)
[2026.06.09-06.57.34:959][ 53]LogModuleManager: Shutting down and abandoning module ImageWriteQueue (666)
[2026.06.09-06.57.34:959][ 53]LogModuleManager: Shutting down and abandoning module ProfilerService (664)
[2026.06.09-06.57.34:996][ 53]LogModuleManager: Shutting down and abandoning module TaskGraph (662)
[2026.06.09-06.57.34:997][ 53]LogModuleManager: Shutting down and abandoning module AudioSynesthesiaEditor (660)
[2026.06.09-06.57.34:997][ 53]LogModuleManager: Shutting down and abandoning module OculusEditor (658)
[2026.06.09-06.57.35:008][ 53]LogModuleManager: Shutting down and abandoning module OculusInput (656)
[2026.06.09-06.57.35:008][ 53]LogModuleManager: Shutting down and abandoning module ContentBrowserClassDataSource (654)
[2026.06.09-06.57.35:008][ 53]LogModuleManager: Shutting down and abandoning module ContentBrowserFileDataSource (652)
[2026.06.09-06.57.35:008][ 53]LogModuleManager: Shutting down and abandoning module ContentBrowserAssetDataSource (650)
[2026.06.09-06.57.35:008][ 53]LogModuleManager: Shutting down and abandoning module CollectionManager (649)
[2026.06.09-06.57.35:010][ 53]LogModuleManager: Shutting down and abandoning module TakeSequencer (646)
[2026.06.09-06.57.35:010][ 53]LogModuleManager: Shutting down and abandoning module TakeMovieScene (644)
[2026.06.09-06.57.35:010][ 53]LogModuleManager: Shutting down and abandoning module ScreenshotTools (642)
[2026.06.09-06.57.35:010][ 53]LogModuleManager: Shutting down and abandoning module SynthesisEditor (640)
[2026.06.09-06.57.35:010][ 53]LogModuleManager: Shutting down and abandoning module Synthesis (638)
[2026.06.09-06.57.35:011][ 53]LogModuleManager: Shutting down and abandoning module ProceduralMeshComponentEditor (636)
[2026.06.09-06.57.35:012][ 53]LogModuleManager: Shutting down and abandoning module ProceduralMeshComponent (634)
[2026.06.09-06.57.35:012][ 53]LogModuleManager: Shutting down and abandoning module OpenXREditor (632)
[2026.06.09-06.57.35:013][ 53]LogModuleManager: Shutting down and abandoning module MobilePatchingUtils (630)
[2026.06.09-06.57.35:013][ 53]LogModuleManager: Shutting down and abandoning module HairStrandsEditor (628)
[2026.06.09-06.57.35:014][ 53]LogModuleManager: Shutting down and abandoning module GooglePAD (626)
[2026.06.09-06.57.35:014][ 53]LogModuleManager: Shutting down and abandoning module EditableMesh (624)
[2026.06.09-06.57.35:015][ 53]LogModuleManager: Shutting down and abandoning module CustomMeshComponent (622)
[2026.06.09-06.57.35:015][ 53]LogModuleManager: Shutting down and abandoning module CableComponent (620)
[2026.06.09-06.57.35:015][ 53]LogModuleManager: Shutting down and abandoning module AudioCapture (618)
[2026.06.09-06.57.35:015][ 53]LogModuleManager: Shutting down and abandoning module AudioCaptureRtAudio (617)
[2026.06.09-06.57.35:015][ 53]LogModuleManager: Shutting down and abandoning module AssetTags (614)
[2026.06.09-06.57.35:015][ 53]LogModuleManager: Shutting down and abandoning module ArchVisCharacter (612)
[2026.06.09-06.57.35:015][ 53]LogModuleManager: Shutting down and abandoning module AppleImageUtilsBlueprintSupport (610)
[2026.06.09-06.57.35:015][ 53]LogModuleManager: Shutting down and abandoning module AppleImageUtils (608)
[2026.06.09-06.57.35:015][ 53]LogModuleManager: Shutting down and abandoning module AndroidPermission (606)
[2026.06.09-06.57.35:015][ 53]LogModuleManager: Shutting down and abandoning module ActorLayerUtilitiesEditor (604)
[2026.06.09-06.57.35:016][ 53]LogModuleManager: Shutting down and abandoning module ActorLayerUtilities (602)
[2026.06.09-06.57.35:016][ 53]LogModuleManager: Shutting down and abandoning module TemplateSequence (600)
[2026.06.09-06.57.35:016][ 53]LogModuleManager: Shutting down and abandoning module MediaCompositing (598)
[2026.06.09-06.57.35:016][ 53]LogModuleManager: Shutting down and abandoning module ImgMedia (596)
[2026.06.09-06.57.35:016][ 53]LogModuleManager: Shutting down and abandoning module MagicLeapSharedWorld (594)
[2026.06.09-06.57.35:016][ 53]LogModuleManager: Shutting down and abandoning module MagicLeapLightEstimation (592)
[2026.06.09-06.57.35:017][ 53]LogModuleManager: Shutting down and abandoning module MagicLeapHelperVulkan (590)
[2026.06.09-06.57.35:017][ 53]LogModuleManager: Shutting down and abandoning module MagicLeapHelperOpenGL (588)
[2026.06.09-06.57.35:017][ 53]LogModuleManager: Shutting down and abandoning module MagicLeapAudio (586)
[2026.06.09-06.57.35:017][ 53]LogModuleManager: Shutting down and abandoning module OodleNetworkHandlerComponent (584)
[2026.06.09-06.57.35:017][ 53]LogModuleManager: Shutting down and abandoning module LiveLinkSequencer (582)
[2026.06.09-06.57.35:018][ 53]LogModuleManager: Shutting down and abandoning module LiveLinkMovieScene (580)
[2026.06.09-06.57.35:018][ 53]LogModuleManager: Shutting down and abandoning module LiveLinkGraphNode (578)
[2026.06.09-06.57.35:018][ 53]LogModuleManager: Shutting down and abandoning module LiveLinkEditor (576)
[2026.06.09-06.57.35:019][ 53]LogModuleManager: Shutting down and abandoning module LiveLinkComponents (574)
[2026.06.09-06.57.35:019][ 53]LogModuleManager: Shutting down and abandoning module LiveLink (572)
[2026.06.09-06.57.35:797][ 53]LogModuleManager: Shutting down and abandoning module NiagaraEditorWidgets (570)
[2026.06.09-06.57.35:806][ 53]LogModuleManager: Shutting down and abandoning module OpenImageDenoise (568)
[2026.06.09-06.57.35:806][ 53]LogOpenImageDenoise: OIDN shutting down
[2026.06.09-06.57.35:807][ 53]LogModuleManager: Shutting down and abandoning module MotoSynthEditor (566)
[2026.06.09-06.57.35:807][ 53]LogModuleManager: Shutting down and abandoning module MotoSynth (564)
[2026.06.09-06.57.35:807][ 53]LogModuleManager: Shutting down and abandoning module ModelingToolsEditorMode (562)
[2026.06.09-06.57.35:814][ 53]LogModuleManager: Shutting down and abandoning module MeshModelingToolsEditorOnly (560)
[2026.06.09-06.57.35:815][ 53]LogModuleManager: Shutting down and abandoning module MeshModelingTools (558)
[2026.06.09-06.57.35:816][ 53]LogModuleManager: Shutting down and abandoning module ModelingOperatorsEditorOnly (556)
[2026.06.09-06.57.35:817][ 53]LogModuleManager: Shutting down and abandoning module ModelingOperators (554)
[2026.06.09-06.57.35:818][ 53]LogModuleManager: Shutting down and abandoning module ModelingComponents (552)
[2026.06.09-06.57.35:818][ 53]LogModuleManager: Shutting down and abandoning module GeometryCollectionTracks (550)
[2026.06.09-06.57.35:818][ 53]LogModuleManager: Shutting down and abandoning module GeometryCollectionSequencer (549)
[2026.06.09-06.57.35:819][ 53]LogModuleManager: Shutting down and abandoning module GeometryCollectionEditor (546)
[2026.06.09-06.57.35:819][ 53]LogModuleManager: Shutting down and abandoning module MeshConversion (544)
[2026.06.09-06.57.35:820][ 53]LogModuleManager: Shutting down and abandoning module DynamicMesh (542)
[2026.06.09-06.57.35:822][ 53]LogModuleManager: Shutting down and abandoning module GeometryAlgorithms (540)
[2026.06.09-06.57.35:823][ 53]LogModuleManager: Shutting down and abandoning module GeometricObjects (538)
[2026.06.09-06.57.35:824][ 53]LogModuleManager: Shutting down and abandoning module GeometryCacheTracks (536)
[2026.06.09-06.57.35:825][ 53]LogModuleManager: Shutting down and abandoning module GeometryCacheStreamer (534)
[2026.06.09-06.57.35:825][ 53]LogModuleManager: Shutting down and abandoning module GeometryCacheSequencer (532)
[2026.06.09-06.57.35:825][ 53]LogModuleManager: Shutting down and abandoning module ChaosSolverEditor (530)
[2026.06.09-06.57.35:825][ 53]LogModuleManager: Shutting down and abandoning module FractureEditor (528)
[2026.06.09-06.57.35:826][ 53]LogModuleManager: Shutting down and abandoning module ChaosClothEditor (526)
[2026.06.09-06.57.35:827][ 53]LogModuleManager: Shutting down and abandoning module ChaosNiagara (524)
[2026.06.09-06.57.35:827][ 53]LogModuleManager: Shutting down and abandoning module BackChannel (522)
[2026.06.09-06.57.35:828][ 53]LogModuleManager: Shutting down and abandoning module AutomationUtilsEditor (520)
[2026.06.09-06.57.35:828][ 53]LogModuleManager: Shutting down and abandoning module AutomationUtils (518)
[2026.06.09-06.57.35:829][ 53]LogModuleManager: Shutting down and abandoning module BlastCore (516)
[2026.06.09-06.57.35:829][ 53]LogModuleManager: Shutting down and abandoning module BlastAuthoring (514)
[2026.06.09-06.57.35:829][ 53]LogModuleManager: Shutting down and abandoning module AlembicImporter (512)
[2026.06.09-06.57.35:829][ 53]LogModuleManager: Shutting down and abandoning module AlembicLibrary (511)
[2026.06.09-06.57.35:829][ 53]LogModuleManager: Shutting down and abandoning module GeometryCache (510)
[2026.06.09-06.57.35:829][ 53]LogModuleManager: Shutting down and abandoning module GeometryCacheEd (509)
[2026.06.09-06.57.35:830][ 53]LogModuleManager: Shutting down and abandoning module VariantManager (504)
[2026.06.09-06.57.35:838][ 53]LogModuleManager: Shutting down and abandoning module VariantManagerContentEditor (503)
[2026.06.09-06.57.35:839][ 53]LogModuleManager: Shutting down and abandoning module StaticMeshEditorExtension (500)
[2026.06.09-06.57.35:840][ 53]LogModuleManager: Shutting down and abandoning module StaticMeshEditor (499)
[2026.06.09-06.57.35:840][ 53]LogModuleManager: Shutting down and abandoning module AdvancedPreviewScene (498)
[2026.06.09-06.57.35:841][ 53]LogModuleManager: Shutting down and abandoning module MeshProcessingLibrary (495)
[2026.06.09-06.57.35:843][ 53]LogModuleManager: Shutting down and abandoning module DirectLinkTest (492)
[2026.06.09-06.57.35:843][ 53]LogModuleManager: Shutting down and abandoning module DatasmithNativeTranslator (490)
[2026.06.09-06.57.35:845][ 53]LogModuleManager: Shutting down and abandoning module DatasmithTranslator (488)
[2026.06.09-06.57.35:846][ 53]LogModuleManager: Shutting down and abandoning module DatasmithImporter (486)
[2026.06.09-06.57.35:846][ 53]LogModuleManager: Shutting down and abandoning module DatasmithContentEditor (484)
[2026.06.09-06.57.35:847][ 53]LogModuleManager: Shutting down and abandoning module DataprepEditorScriptingUtilities (482)
[2026.06.09-06.57.35:848][ 53]LogModuleManager: Shutting down and abandoning module DataprepLibraries (480)
[2026.06.09-06.57.35:848][ 53]LogModuleManager: Shutting down and abandoning module DataprepCore (478)
[2026.06.09-06.57.35:849][ 53]LogModuleManager: Shutting down and abandoning module DataprepEditor (476)
[2026.06.09-06.57.35:865][ 53]LogModuleManager: Shutting down and abandoning module StylusInput (474)
[2026.06.09-06.57.35:865][ 53]LogModuleManager: Shutting down and abandoning module SpeedTreeImporter (472)
[2026.06.09-06.57.35:865][ 53]LogModuleManager: Shutting down and abandoning module MobileLauncherProfileWizard (470)
[2026.06.09-06.57.35:866][ 53]LogModuleManager: Shutting down and abandoning module PolygonModeling (468)
[2026.06.09-06.57.35:866][ 53]LogModuleManager: Shutting down and abandoning module MeshEditor (466)
[2026.06.09-06.57.35:867][ 53]LogModuleManager: Shutting down and abandoning module FieldSystemEngine (465)
[2026.06.09-06.57.35:867][ 53]LogModuleManager: Shutting down and abandoning module MaterialAnalyzer (462)
[2026.06.09-06.57.35:869][ 53]LogModuleManager: Shutting down and abandoning module PluginBrowser (460)
[2026.06.09-06.57.35:873][ 53]LogModuleManager: Shutting down and abandoning module EditorScriptingUtilities (458)
[2026.06.09-06.57.35:873][ 53]LogModuleManager: Shutting down and abandoning module CurveEditorTools (456)
[2026.06.09-06.57.35:876][ 53]LogModuleManager: Shutting down and abandoning module UObjectPlugin (454)
[2026.06.09-06.57.35:876][ 53]LogModuleManager: Shutting down and abandoning module VisualStudioSourceCodeAccess (452)
[2026.06.09-06.57.35:876][ 53]LogModuleManager: Shutting down and abandoning module CryptoKeysOpenSSL (450)
[2026.06.09-06.57.35:876][ 53]LogModuleManager: Shutting down and abandoning module CryptoKeys (448)
[2026.06.09-06.57.35:877][ 53]LogModuleManager: Shutting down and abandoning module VisualStudioCodeSourceCodeAccess (446)
[2026.06.09-06.57.35:877][ 53]LogModuleManager: Shutting down and abandoning module SubversionSourceControl (444)
[2026.06.09-06.57.35:879][ 53]LogModuleManager: Shutting down and abandoning module RiderSourceCodeAccess (442)
[2026.06.09-06.57.35:880][ 53]LogModuleManager: Shutting down and abandoning module PluginUtils (440)
[2026.06.09-06.57.35:881][ 53]LogModuleManager: Shutting down and abandoning module PlasticSourceControl (438)
[2026.06.09-06.57.35:884][ 53]LogModuleManager: Shutting down and abandoning module PerforceSourceControl (436)
[2026.06.09-06.57.35:888][ 53]LogModuleManager: Shutting down and abandoning module GitSourceControl (434)
[2026.06.09-06.57.35:891][ 53]LogModuleManager: Shutting down and abandoning module SourceControl (433)
[2026.06.09-06.57.35:893][ 53]LogModuleManager: Shutting down and abandoning module CLionSourceCodeAccess (430)
[2026.06.09-06.57.35:894][ 53]LogModuleManager: Shutting down and abandoning module AnimationSharingEd (428)
[2026.06.09-06.57.35:894][ 53]LogModuleManager: Shutting down and abandoning module LightPropagationVolumeEditor (426)
[2026.06.09-06.57.35:895][ 53]LogModuleManager: Shutting down and abandoning module PaperTiledImporter (424)
[2026.06.09-06.57.35:895][ 53]LogModuleManager: Shutting down and abandoning module PaperSpriteSheetImporter (422)
[2026.06.09-06.57.35:895][ 53]LogModuleManager: Shutting down and abandoning module Paper2DEditor (420)
[2026.06.09-06.57.35:899][ 53]LogModuleManager: Shutting down and abandoning module MeshPaintingToolset (418)
[2026.06.09-06.57.35:900][ 53]LogModuleManager: Shutting down and abandoning module MeshPaintEditorMode (416)
[2026.06.09-06.57.35:902][ 53]LogModuleManager: Shutting down and abandoning module BlueprintFileUtils (414)
[2026.06.09-06.57.35:902][ 53]LogModuleManager: Shutting down and abandoning module SoundFields (412)
[2026.06.09-06.57.35:902][ 53]LogModuleManager: Shutting down and abandoning module SignificanceManager (410)
[2026.06.09-06.57.35:902][ 53]LogModuleManager: Shutting down and abandoning module RuntimePhysXCooking (408)
[2026.06.09-06.57.35:903][ 53]LogModuleManager: Shutting down and abandoning module PropertyAccessEditor (406)
[2026.06.09-06.57.35:905][ 53]LogModuleManager: Shutting down and abandoning module PhysXVehiclesEditor (404)
[2026.06.09-06.57.35:906][ 53]LogModuleManager: Shutting down and abandoning module LocationServicesBPLibrary (400)
[2026.06.09-06.57.35:906][ 53]LogModuleManager: Shutting down and abandoning module AudioSynesthesia (398)
[2026.06.09-06.57.35:906][ 53]LogModuleManager: Shutting down and abandoning module AudioSynesthesiaCore (396)
[2026.06.09-06.57.35:906][ 53]LogModuleManager: Shutting down and abandoning module ActorSequence (394)
[2026.06.09-06.57.35:907][ 53]LogModuleManager: Shutting down and abandoning module UdpMessaging (392)
[2026.06.09-06.57.36:008][ 53]LogModuleManager: Shutting down and abandoning module TcpMessaging (390)
[2026.06.09-06.57.36:110][ 53]LogModuleManager: Shutting down and abandoning module ImgMediaEngine (388)
[2026.06.09-06.57.36:110][ 53]LogModuleManager: Shutting down and abandoning module MagicLeapARPin (386)
[2026.06.09-06.57.36:110][ 53]LogModuleManager: Shutting down and abandoning module MagicLeapHandMeshing (384)
[2026.06.09-06.57.36:111][ 53]LogModuleManager: Shutting down and abandoning module MagicLeapSecureStorage (382)
[2026.06.09-06.57.36:111][ 53]LogModuleManager: Shutting down and abandoning module MagicLeapPrivileges (380)
[2026.06.09-06.57.36:111][ 53]LogModuleManager: Shutting down and abandoning module MagicLeapPlanes (378)
[2026.06.09-06.57.36:112][ 53]LogMagicLeapPlanes: Planes tracker already destroyed.
[2026.06.09-06.57.36:113][ 53]LogModuleManager: Shutting down and abandoning module MagicLeapImageTracker (376)
[2026.06.09-06.57.36:114][ 53]LogModuleManager: Shutting down and abandoning module MagicLeapIdentity (374)
[2026.06.09-06.57.36:114][ 53]LogModuleManager: Shutting down and abandoning module MagicLeapHandTracking (372)
[2026.06.09-06.57.36:115][ 53]LogModuleManager: Shutting down and abandoning module MagicLeapEyeTracker (370)
[2026.06.09-06.57.36:116][ 53]LogModuleManager: Shutting down and abandoning module MagicLeapController (368)
[2026.06.09-06.57.36:116][ 53]LogModuleManager: Shutting down and abandoning module MagicLeapARPinImpl (366)
[2026.06.09-06.57.36:116][ 53]LogModuleManager: Shutting down and abandoning module MagicLeapAR (364)
[2026.06.09-06.57.36:116][ 53]LogModuleManager: Shutting down and abandoning module GameplayCameras (362)
[2026.06.09-06.57.36:116][ 53]LogModuleManager: Shutting down and abandoning module EnvironmentQueryEditor (360)
[2026.06.09-06.57.36:119][ 53]LogModuleManager: Shutting down and abandoning module NiagaraAnimNotifies (358)
[2026.06.09-06.57.36:119][ 53]LogModuleManager: Shutting down and abandoning module Niagara (356)
[2026.06.09-06.57.36:125][ 53]LogModuleManager: Shutting down and abandoning module SignalProcessing (355)
[2026.06.09-06.57.36:126][ 53]LogModuleManager: Shutting down and abandoning module NiagaraEditor (353)
[2026.06.09-06.57.36:131][ 53]LogModuleManager: Shutting down and abandoning module NiagaraCore (350)
[2026.06.09-06.57.36:131][ 53]LogModuleManager: Shutting down and abandoning module PythonScriptPlugin (348)
[2026.06.09-06.57.36:132][ 53]LogModuleManager: Shutting down and abandoning module GameplayTagsEditor (346)
[2026.06.09-06.57.36:133][ 53]LogModuleManager: Shutting down and abandoning module DataValidation (344)
[2026.06.09-06.57.36:133][ 53]LogModuleManager: Shutting down and abandoning module FacialAnimationEditor (342)
[2026.06.09-06.57.36:134][ 53]LogModuleManager: Shutting down and abandoning module FacialAnimation (340)
[2026.06.09-06.57.36:134][ 53]LogModuleManager: Shutting down and abandoning module AssetManagerEditor (338)
[2026.06.09-06.57.36:135][ 53]LogModuleManager: Shutting down and abandoning module LevelEditor (337)
[2026.06.09-06.57.36:174][ 53]LogModuleManager: Shutting down and abandoning module PixelInspectorModule (336)
[2026.06.09-06.57.36:176][ 53]LogModuleManager: Shutting down and abandoning module CommonMenuExtensions (334)
[2026.06.09-06.57.36:179][ 53]LogModuleManager: Shutting down and abandoning module MainFrame (332)
[2026.06.09-06.57.36:181][ 53]LogModuleManager: Shutting down and abandoning module HotReload (331)
[2026.06.09-06.57.36:184][ 53]LogModuleManager: Shutting down and abandoning module ToolMenus (327)
[2026.06.09-06.57.36:184][ 53]LogModuleManager: Shutting down and abandoning module ContentBrowser (325)
[2026.06.09-06.57.36:184][ 53]LogModuleManager: Shutting down and abandoning module ContentBrowserData (324)
[2026.06.09-06.57.36:184][ 53]LogModuleManager: Shutting down and abandoning module TreeMap (321)
[2026.06.09-06.57.36:185][ 53]LogModuleManager: Shutting down and abandoning module PropertyAccessNode (318)
[2026.06.09-06.57.36:185][ 53]LogModuleManager: Shutting down and abandoning module AnimationSharing (316)
[2026.06.09-06.57.36:185][ 53]LogModuleManager: Shutting down and abandoning module LightPropagationVolumeRuntime (314)
[2026.06.09-06.57.36:185][ 53]LogModuleManager: Shutting down and abandoning module Paper2D (312)
[2026.06.09-06.57.36:186][ 53]LogModuleManager: Shutting down and abandoning module WindowsMoviePlayer (310)
[2026.06.09-06.57.36:347][ 53]LogModuleManager: Shutting down and abandoning module WebMMoviePlayer (308)
[2026.06.09-06.57.36:348][ 53]LogModuleManager: Shutting down and abandoning module NetworkReplayStreaming (306)
[2026.06.09-06.57.36:348][ 53]LogModuleManager: Shutting down and abandoning module PacketHandler (304)
[2026.06.09-06.57.36:348][ 53]LogModuleManager: Shutting down and abandoning module ClothingSystemEditor (302)
[2026.06.09-06.57.36:348][ 53]LogModuleManager: Shutting down and abandoning module ClothingSystemRuntimeNv (300)
[2026.06.09-06.57.36:352][ 53]LogModuleManager: Shutting down and abandoning module MediaAssets (298)
[2026.06.09-06.57.36:352][ 53]LogModuleManager: Shutting down and abandoning module Overlay (296)
[2026.06.09-06.57.36:352][ 53]LogModuleManager: Shutting down and abandoning module OverlayEditor (295)
[2026.06.09-06.57.36:352][ 53]LogModuleManager: Shutting down and abandoning module VREditor (292)
[2026.06.09-06.57.36:353][ 53]LogModuleManager: Shutting down and abandoning module StringTableEditor (290)
[2026.06.09-06.57.36:354][ 53]LogModuleManager: Shutting down and abandoning module GameplayTasksEditor (288)
[2026.06.09-06.57.36:354][ 53]LogModuleManager: Shutting down and abandoning module BehaviorTreeEditor (286)
[2026.06.09-06.57.36:356][ 53]LogModuleManager: Shutting down and abandoning module FunctionalTesting (284)
[2026.06.09-06.57.36:356][ 53]LogModuleManager: Shutting down and abandoning module CollisionAnalyzer (282)
[2026.06.09-06.57.36:359][ 53]LogModuleManager: Shutting down and abandoning module WorkspaceMenuStructure (281)
[2026.06.09-06.57.36:362][ 53]LogModuleManager: Shutting down and abandoning module UMG (278)
[2026.06.09-06.57.36:362][ 53]LogModuleManager: Shutting down and abandoning module UMGEditor (277)
[2026.06.09-06.57.36:366][ 53]LogModuleManager: Shutting down and abandoning module MessageLog (275)
[2026.06.09-06.57.36:366][ 53]LogModuleManager: Shutting down and abandoning module SlateReflector (270)
[2026.06.09-06.57.36:371][ 53]LogModuleManager: Shutting down and abandoning module Slate (268)
[2026.06.09-06.57.36:371][ 53]LogModuleManager: Shutting down and abandoning module SlateCore (266)
[2026.06.09-06.57.36:372][ 53]LogModuleManager: Shutting down and abandoning module LandscapeEditorUtilities (264)
[2026.06.09-06.57.36:372][ 53]LogModuleManager: Shutting down and abandoning module UnrealEd (262)
[2026.06.09-06.57.36:373][ 53]LogModuleManager: Shutting down and abandoning module MRMesh (260)
[2026.06.09-06.57.36:373][ 53]LogModuleManager: Shutting down and abandoning module SourceCodeAccess (258)
[2026.06.09-06.57.36:373][ 53]LogModuleManager: Shutting down and abandoning module HeadMountedDisplay (256)
[2026.06.09-06.57.36:373][ 53]LogModuleManager: Shutting down and abandoning module XAudio2 (254)
[2026.06.09-06.57.36:374][ 53]LogModuleManager: Shutting down and abandoning module Networking (252)
[2026.06.09-06.57.36:374][ 53]LogModuleManager: Shutting down and abandoning module Core (250)
[2026.06.09-06.57.36:374][ 53]LogModuleManager: Shutting down and abandoning module MaterialEditor (248)
[2026.06.09-06.57.36:375][ 53]LogModuleManager: Shutting down and abandoning module MovieSceneTools (246)
[2026.06.09-06.57.36:380][ 53]LogModuleManager: Shutting down and abandoning module CurveEditor (245)
[2026.06.09-06.57.36:384][ 53]LogModuleManager: Shutting down and abandoning module Sequencer (243)
[2026.06.09-06.57.36:388][ 53]LogModuleManager: Shutting down and abandoning module EditorStyle (242)
[2026.06.09-06.57.36:411][ 53]LogModuleManager: Shutting down and abandoning module KismetCompiler (238)
[2026.06.09-06.57.36:411][ 53]LogModuleManager: Shutting down and abandoning module MeshBuilder (236)
[2026.06.09-06.57.36:411][ 53]LogModuleManager: Shutting down and abandoning module MeshUtilities (234)
[2026.06.09-06.57.36:413][ 53]LogModuleManager: Shutting down and abandoning module MeshMergeUtilities (233)
[2026.06.09-06.57.36:414][ 53]LogModuleManager: Shutting down and abandoning module MeshReductionInterface (232)
[2026.06.09-06.57.36:414][ 53]LogModuleManager: Shutting down and abandoning module MeshBoneReduction (231)
[2026.06.09-06.57.36:415][ 53]LogModuleManager: Shutting down and abandoning module SkeletalMeshReduction (229)
[2026.06.09-06.57.36:416][ 53]LogModuleManager: Shutting down and abandoning module ProxyLODMeshReduction (227)
[2026.06.09-06.57.36:421][ 53]LogModuleManager: Shutting down and abandoning module QuadricMeshReduction (225)
[2026.06.09-06.57.36:421][ 53]LogModuleManager: Shutting down and abandoning module MaterialBaking (221)
[2026.06.09-06.57.36:421][ 53]LogModuleManager: Shutting down and abandoning module NullInstallBundleManager (216)
[2026.06.09-06.57.36:421][ 53]LogModuleManager: Shutting down and abandoning module DerivedDataCache (214)
[2026.06.09-06.57.36:424][ 53]LogModuleManager: Shutting down and abandoning module TargetPlatform (212)
[2026.06.09-06.57.36:426][ 53]LogModuleManager: Shutting down and abandoning module VulkanShaderFormat (211)
[2026.06.09-06.57.36:432][ 53]LogModuleManager: Shutting down and abandoning module ShaderFormatVectorVM (209)
[2026.06.09-06.57.36:433][ 53]LogModuleManager: Shutting down and abandoning module ShaderFormatOpenGL (207)
[2026.06.09-06.57.36:434][ 53]LogModuleManager: Shutting down and abandoning module ShaderFormatD3D (205)
[2026.06.09-06.57.36:435][ 53]LogModuleManager: Shutting down and abandoning module MetalShaderFormat (203)
[2026.06.09-06.57.36:436][ 53]LogModuleManager: Shutting down and abandoning module TextureFormatOodle (201)
[2026.06.09-06.57.36:436][ 53]LogModuleManager: Shutting down and abandoning module TextureFormatUncompressed (199)
[2026.06.09-06.57.36:436][ 53]LogModuleManager: Shutting down and abandoning module TextureFormatPVR (197)
[2026.06.09-06.57.36:436][ 53]LogModuleManager: Shutting down and abandoning module TextureFormatETC2 (195)
[2026.06.09-06.57.36:437][ 53]LogModuleManager: Shutting down and abandoning module TextureFormatDXT (193)
[2026.06.09-06.57.36:437][ 53]LogModuleManager: Shutting down and abandoning module TextureFormatIntelISPCTexComp (191)
[2026.06.09-06.57.36:440][ 53]LogModuleManager: Shutting down and abandoning module TextureFormatASTC (189)
[2026.06.09-06.57.36:440][ 53]LogModuleManager: Shutting down and abandoning module ImageWrapper (188)
[2026.06.09-06.57.36:440][ 53]LogModuleManager: Shutting down and abandoning module AudioFormatOpus (185)
[2026.06.09-06.57.36:440][ 53]LogModuleManager: Shutting down and abandoning module AudioFormatOgg (183)
[2026.06.09-06.57.36:441][ 53]LogModuleManager: Shutting down and abandoning module AudioFormatADPCM (181)
[2026.06.09-06.57.36:441][ 53]LogModuleManager: Shutting down and abandoning module WindowsServerTargetPlatform (179)
[2026.06.09-06.57.36:441][ 53]LogModuleManager: Shutting down and abandoning module WindowsClientTargetPlatform (177)
[2026.06.09-06.57.36:442][ 53]LogModuleManager: Shutting down and abandoning module WindowsTargetPlatform (175)
[2026.06.09-06.57.36:442][ 53]LogModuleManager: Shutting down and abandoning module WindowsNoEditorTargetPlatform (173)
[2026.06.09-06.57.36:442][ 53]LogModuleManager: Shutting down and abandoning module TVOSTargetPlatform (171)
[2026.06.09-06.57.36:508][ 53]LogModuleManager: Shutting down and abandoning module MacServerTargetPlatform (169)
[2026.06.09-06.57.36:509][ 53]LogModuleManager: Shutting down and abandoning module MacClientTargetPlatform (167)
[2026.06.09-06.57.36:509][ 53]LogModuleManager: Shutting down and abandoning module MacTargetPlatform (165)
[2026.06.09-06.57.36:510][ 53]LogModuleManager: Shutting down and abandoning module MacNoEditorTargetPlatform (163)
[2026.06.09-06.57.36:510][ 53]LogModuleManager: Shutting down and abandoning module LuminTargetPlatform (161)
[2026.06.09-06.57.36:610][ 53]LogModuleManager: Shutting down and abandoning module LinuxAArch64ServerTargetPlatform (159)
[2026.06.09-06.57.36:611][ 53]LogModuleManager: Shutting down and abandoning module LinuxAArch64ClientTargetPlatform (157)
[2026.06.09-06.57.36:611][ 53]LogModuleManager: Shutting down and abandoning module LinuxAArch64NoEditorTargetPlatform (155)
[2026.06.09-06.57.36:612][ 53]LogModuleManager: Shutting down and abandoning module LinuxServerTargetPlatform (153)
[2026.06.09-06.57.36:612][ 53]LogModuleManager: Shutting down and abandoning module LinuxClientTargetPlatform (151)
[2026.06.09-06.57.36:612][ 53]LogModuleManager: Shutting down and abandoning module LinuxNoEditorTargetPlatform (149)
[2026.06.09-06.57.36:613][ 53]LogModuleManager: Shutting down and abandoning module LinuxTargetPlatform (147)
[2026.06.09-06.57.36:614][ 53]LogModuleManager: Shutting down and abandoning module Messaging (145)
[2026.06.09-06.57.36:614][ 53]LogModuleManager: Shutting down and abandoning module IOSTargetPlatform (143)
[2026.06.09-06.57.36:658][ 53]LogModuleManager: Shutting down and abandoning module AndroidTargetPlatform (141)
[2026.06.09-06.57.36:808][ 53]LogModuleManager: Shutting down and abandoning module AllDesktopTargetPlatform (139)
[2026.06.09-06.57.36:808][ 53]LogModuleManager: Shutting down and abandoning module D3D11RHI (136)
[2026.06.09-06.57.36:808][ 53]LogModuleManager: Shutting down and abandoning module InputCore (134)
[2026.06.09-06.57.36:808][ 53]LogModuleManager: Shutting down and abandoning module Settings (132)
[2026.06.09-06.57.36:810][ 53]LogModuleManager: Shutting down and abandoning module DirectoryWatcher (130)
[2026.06.09-06.57.36:834][ 53]LogModuleManager: Shutting down and abandoning module PhysXCooking (128)
[2026.06.09-06.57.36:834][ 53]LogModuleManager: Shutting down and abandoning module Chaos (126)
[2026.06.09-06.57.36:834][ 53]LogModuleManager: Shutting down and abandoning module WindowsPlatformFeatures (124)
[2026.06.09-06.57.36:835][ 53]LogModuleManager: Shutting down and abandoning module GameplayMediaEncoder (123)
[2026.06.09-06.57.36:836][ 53]LogModuleManager: Shutting down and abandoning module AVEncoder (122)
[2026.06.09-06.57.36:837][ 53]LogModuleManager: Shutting down and abandoning module SteamVRInputDevice (118)
[2026.06.09-06.57.36:838][ 53]LogModuleManager: Shutting down and abandoning module SteamVRInput (116)
[2026.06.09-06.57.36:838][ 53]LogModuleManager: Shutting down and abandoning module SteamVR (114)
[2026.06.09-06.57.36:839][ 53]LogHMD: Freeing OpenVRDLLHandle.
[2026.06.09-06.57.36:839][ 53]LogModuleManager: Shutting down and abandoning module OculusHMD (112)
[2026.06.09-06.57.36:839][ 53]LogModuleManager: Shutting down and abandoning module OpenXRHandTracking (110)
[2026.06.09-06.57.36:842][ 53]LogSlate: Slate User Destroyed.  User Index 0, Is Virtual User: 0
[2026.06.09-06.57.36:843][ 53]LogModuleManager: Shutting down and abandoning module OpenXREyeTracker (108)
[2026.06.09-06.57.36:843][ 53]LogModuleManager: Shutting down and abandoning module OpenXRAR (106)
[2026.06.09-06.57.36:844][ 53]LogModuleManager: Shutting down and abandoning module AugmentedReality (105)
[2026.06.09-06.57.36:844][ 53]LogModuleManager: Shutting down and abandoning module OpenXRHMD (102)
[2026.06.09-06.57.36:855][ 53]LogModuleManager: Shutting down and abandoning module HairStrandsCore (100)
[2026.06.09-06.57.36:856][ 53]LogModuleManager: Shutting down and abandoning module ExampleDeviceProfileSelector (98)
[2026.06.09-06.57.36:856][ 53]LogModuleManager: Shutting down and abandoning module ChunkDownloader (96)
[2026.06.09-06.57.36:856][ 53]LogModuleManager: Shutting down and abandoning module LauncherChunkInstaller (94)
[2026.06.09-06.57.36:856][ 53]LogModuleManager: Shutting down and abandoning module OnlineBlueprintSupport (92)
[2026.06.09-06.57.36:856][ 53]LogModuleManager: Shutting down and abandoning module OnlineSubsystem (88)
[2026.06.09-06.57.36:865][ 53]LogModuleManager: Shutting down and abandoning module XMPP (83)
[2026.06.09-06.57.36:867][ 53]LogModuleManager: Shutting down and abandoning module WebSockets (82)
[2026.06.09-06.57.36:914][ 53]LogModuleManager: Shutting down and abandoning module HTTP (79)
[2026.06.09-06.57.36:915][ 53]LogHttp: Display: Http module shutting down, but needs to wait on 1 outstanding Http requests:
[2026.06.09-06.57.36:916][ 53]LogHttp: Display: 	verb=[POST] url=[https://datarouter.ol.epicgames.com/datarouter/api/v1/public/data?SessionID=%7B6D28CF06-4FA8-16BE-C2E0-648E911DA7A4%7D&AppID=UEEditor.Rocket.Release&AppVersion=4.27.2-18319896%2B%2B%2BUE4%2BRelease-4.27&UserID=8ca12e264e44b96ec6924e87a0a2bf13%7Cd27d390211d54d179f050b53e1b26e3e%7Cc658aba6-0670-49f0-8266-c8ab0d1e5e9d&AppEnvironment=datacollector-binary&UploadType=eteventstream] refs=[1] status=Processing
[2026.06.09-06.57.36:916][ 53]LogHttp: Display: cleaning up 1 outstanding Http requests.
[2026.06.09-06.57.36:945][ 53]LogModuleManager: Shutting down and abandoning module SSL (78)
[2026.06.09-06.57.36:969][ 53]LogModuleManager: Shutting down and abandoning module WmfMedia (74)
[2026.06.09-06.57.37:074][ 53]LogModuleManager: Shutting down and abandoning module Media (73)
[2026.06.09-06.57.37:079][ 53]LogModuleManager: Shutting down and abandoning module MediaInfo (72)
[2026.06.09-06.57.37:079][ 53]LogModuleManager: Shutting down and abandoning module ExrReaderGpu (68)
[2026.06.09-06.57.37:079][ 53]LogModuleManager: Shutting down and abandoning module MLSDK (66)
[2026.06.09-06.57.37:079][ 53]LogModuleManager: Shutting down and abandoning module MagicLeap (64)
[2026.06.09-06.57.37:079][ 53]LogModuleManager: Shutting down and abandoning module AISupportModule (62)
[2026.06.09-06.57.37:079][ 53]LogModuleManager: Shutting down and abandoning module NiagaraVertexFactories (60)
[2026.06.09-06.57.37:080][ 53]LogModuleManager: Shutting down and abandoning module NiagaraShader (58)
[2026.06.09-06.57.37:080][ 53]LogModuleManager: Shutting down and abandoning module ChaosCloth (56)
[2026.06.09-06.57.37:080][ 53]LogModuleManager: Shutting down and abandoning module VariantManagerContent (54)
[2026.06.09-06.57.37:080][ 53]LogModuleManager: Shutting down and abandoning module DatasmithContent (52)
[2026.06.09-06.57.37:081][ 53]LogModuleManager: Shutting down and abandoning module PixWinPlugin (50)
[2026.06.09-06.57.37:082][ 53]LogModuleManager: Shutting down and abandoning module DesktopPlatform (48)
[2026.06.09-06.57.37:084][ 53]LogModuleManager: Shutting down and abandoning module OodleDataCompressionFormat (46)
[2026.06.09-06.57.37:085][ 53]LogModuleManager: Shutting down and abandoning module PythonScriptPluginPreload (44)
[2026.06.09-06.57.37:087][ 53]LogModuleManager: Shutting down and abandoning module PlatformCryptoOpenSSL (42)
[2026.06.09-06.57.37:087][ 53]LogModuleManager: Shutting down and abandoning module PlatformCryptoTypes (40)
[2026.06.09-06.57.37:087][ 53]LogModuleManager: Shutting down and abandoning module PlatformCrypto (38)
[2026.06.09-06.57.37:088][ 53]LogModuleManager: Shutting down and abandoning module XGEController (36)
[2026.06.09-06.57.37:088][ 53]LogXGEController: Cleaning working directory: C:/Users/Administrator/AppData/Local/Temp/UnrealXGEWorkingDir/
[2026.06.09-06.57.37:089][ 53]LogModuleManager: Shutting down and abandoning module AnimationModifiers (34)
[2026.06.09-06.57.37:090][ 53]LogModuleManager: Shutting down and abandoning module AudioEditor (32)
[2026.06.09-06.57.37:099][ 53]LogModuleManager: Shutting down and abandoning module PropertyEditor (31)
[2026.06.09-06.57.37:102][ 53]LogModuleManager: Shutting down and abandoning module TextureCompressor (28)
[2026.06.09-06.57.37:104][ 53]LogModuleManager: Shutting down and abandoning module RenderCore (26)
[2026.06.09-06.57.37:105][ 53]LogModuleManager: Shutting down and abandoning module Landscape (24)
[2026.06.09-06.57.37:105][ 53]LogModuleManager: Shutting down and abandoning module SlateRHIRenderer (22)
[2026.06.09-06.57.37:164][ 53]LogModuleManager: Shutting down and abandoning module AnimGraphRuntime (20)
[2026.06.09-06.57.37:164][ 53]LogModuleManager: Shutting down and abandoning module Renderer (18)
[2026.06.09-06.57.37:166][ 53]LogModuleManager: Shutting down and abandoning module Engine (16)
[2026.06.09-06.57.37:166][ 53]LogModuleManager: Shutting down and abandoning module CoreUObject (14)
[2026.06.09-06.57.37:166][ 53]LogModuleManager: Shutting down and abandoning module NetworkFile (12)
[2026.06.09-06.57.37:166][ 53]LogModuleManager: Shutting down and abandoning module CookedIterativeFile (10)
[2026.06.09-06.57.37:166][ 53]LogModuleManager: Shutting down and abandoning module StreamingFile (8)
[2026.06.09-06.57.37:167][ 53]LogModuleManager: Shutting down and abandoning module SandboxFile (6)
[2026.06.09-06.57.37:167][ 53]LogModuleManager: Shutting down and abandoning module PakFile (4)
[2026.06.09-06.57.37:170][ 53]LogModuleManager: Shutting down and abandoning module RSA (3)
[2026.06.09-06.57.37:181][ 53]LogContentStreaming: Display: There are 1 unreleased StreamingManagers
[2026.06.09-06.57.37:595][ 53]LogD3D11RHI: Shutdown
[2026.06.09-06.57.37:595][ 53]LogD3D11RHI: CleanupD3DDevice
[2026.06.09-06.57.37:686][ 53]LogExit: Exiting.
[2026.06.09-06.57.37:785][ 53]Log file closed, 06/09/26 14:57:37
