Log file open, 06/08/26 15:09:20
LogWindows: Failed to load 'aqProf.dll' (GetLastError=126)
LogWindows: File 'aqProf.dll' does not exist
LogWindows: Failed to load 'VtuneApi.dll' (GetLastError=126)
LogWindows: File 'VtuneApi.dll' does not exist
LogWindows: Failed to load 'VtuneApi32e.dll' (GetLastError=126)
LogWindows: File 'VtuneApi32e.dll' does not exist
LogConsoleResponse: Display: Failed to find resolution value strings in scalability ini. Falling back to default.
LogConsoleResponse: Display: Failed to find resolution value strings in scalability ini. Falling back to default.
LogInit: Display: Running engine for game: HotelRoom
LogPlatformFile: Not using cached read wrapper
LogTaskGraph: Started task graph with 5 named threads and 23 total threads with 3 sets of task threads.
LogStats: Stats thread started at 0.732600
LogICUInternationalization: ICU TimeZone Detection - Raw Offset: +8:00, Platform Override: ''
LogInit: Display: Loading text-based GConfig....
LogPluginManager: Mounting plugin BlueprintFileUtils
LogPluginManager: Mounting plugin MeshPainting
LogPluginManager: Mounting plugin XGEController
LogPluginManager: Mounting plugin Paper2D
LogPluginManager: Mounting plugin AssetManagerEditor
LogPluginManager: Mounting plugin CryptoKeys
LogPluginManager: Mounting plugin DataValidation
LogPluginManager: Mounting plugin CurveEditorTools
LogPluginManager: Mounting plugin FacialAnimation
LogPluginManager: Mounting plugin EditorScriptingUtilities
LogPluginManager: Mounting plugin GameplayTagsEditor
LogPluginManager: Mounting plugin GeometryMode
LogPluginManager: Mounting plugin LightPropagationVolume
LogPluginManager: Mounting plugin MaterialAnalyzer
LogPluginManager: Mounting plugin MobileLauncherProfileWizard
LogPluginManager: Mounting plugin MacGraphicsSwitching
LogPluginManager: Mounting plugin PluginBrowser
LogPluginManager: Mounting plugin MeshEditor
LogPluginManager: Mounting plugin SpeedTreeImporter
LogPluginManager: Mounting plugin StylusInput
LogPluginManager: Mounting plugin DataprepEditor
LogPluginManager: Mounting plugin DatasmithContent
LogPluginManager: Mounting plugin DatasmithImporter
LogPluginManager: Mounting plugin VariantManagerContent
LogPluginManager: Mounting plugin StaticMeshEditorExtension
LogPluginManager: Mounting plugin EnvironmentQueryEditor
LogPluginManager: Mounting plugin AISupport
LogPluginManager: Mounting plugin VariantManager
LogPluginManager: Mounting plugin LiveLink
LogPluginManager: Mounting plugin CameraShakePreviewer
LogPluginManager: Mounting plugin GameplayCameras
LogPluginManager: Mounting plugin AnimationSharing
LogPluginManager: Mounting plugin CLionSourceCodeAccess
LogPluginManager: Mounting plugin CodeLiteSourceCodeAccess
LogPluginManager: Mounting plugin GitSourceControl
LogPluginManager: Mounting plugin KDevelopSourceCodeAccess
LogPluginManager: Mounting plugin NullSourceCodeAccess
LogPluginManager: Mounting plugin PixWinPlugin
LogPluginManager: Mounting plugin PerforceSourceControl
LogPluginManager: Mounting plugin PlasticSourceControl
LogPluginManager: Mounting plugin PluginUtils
LogPluginManager: Mounting plugin PropertyAccessNode
LogPluginManager: Mounting plugin RiderSourceCodeAccess
LogPluginManager: Mounting plugin TextureFormatOodle
LogPluginManager: Mounting plugin SubversionSourceControl
LogPluginManager: Mounting plugin UObjectPlugin
LogPluginManager: Mounting plugin AlembicImporter
LogPluginManager: Mounting plugin AutomationUtils
LogPluginManager: Mounting plugin BackChannel
LogPluginManager: Mounting plugin VisualStudioSourceCodeAccess
LogPluginManager: Mounting plugin BlastPlugin
LogPluginManager: Mounting plugin XCodeSourceCodeAccess
LogPluginManager: Mounting plugin ChaosCloth
LogPluginManager: Mounting plugin ChaosClothEditor
LogPluginManager: Mounting plugin VisualStudioCodeSourceCodeAccess
LogPluginManager: Mounting plugin ChaosNiagara
LogPluginManager: Mounting plugin ChaosSolverPlugin
LogPluginManager: Mounting plugin CharacterAI
LogPluginManager: Mounting plugin ChaosEditor
LogPluginManager: Mounting plugin GeometryCache
LogPluginManager: Mounting plugin GeometryCollectionPlugin
LogPluginManager: Mounting plugin GeometryProcessing
LogPluginManager: Mounting plugin MeshModelingToolset
LogPluginManager: Mounting plugin ModelingToolsEditorMode
LogPluginManager: Mounting plugin MotoSynth
LogPluginManager: Mounting plugin OpenImageDenoise
LogPluginManager: Mounting plugin PlanarCut
LogPluginManager: Mounting plugin PlatformCrypto
LogPluginManager: Mounting plugin ProxyLODPlugin
LogPluginManager: Mounting plugin PythonScriptPlugin
LogPluginManager: Mounting plugin SkeletalReduction
LogPluginManager: Mounting plugin Niagara
LogPluginManager: Mounting plugin LuminPlatformFeatures
LogPluginManager: Mounting plugin MagicLeap
LogPluginManager: Mounting plugin MagicLeapLightEstimation
LogPluginManager: Mounting plugin MagicLeapMedia
LogPluginManager: Mounting plugin MagicLeapPassableWorld
LogPluginManager: Mounting plugin MLSDK
LogPluginManager: Mounting plugin AndroidMedia
LogPluginManager: Mounting plugin AvfMedia
LogPluginManager: Mounting plugin ImgMedia
LogPluginManager: Mounting plugin MediaCompositing
LogPluginManager: Mounting plugin MediaPlayerEditor
LogPluginManager: Mounting plugin WebMMedia
LogPluginManager: Mounting plugin ActorSequence
LogPluginManager: Mounting plugin WmfMedia
LogPluginManager: Mounting plugin LevelSequenceEditor
LogPluginManager: Mounting plugin MatineeToLevelSequence
LogPluginManager: Mounting plugin TemplateSequence
LogPluginManager: Mounting plugin UdpMessaging
LogPluginManager: Mounting plugin TcpMessaging
LogPluginManager: Mounting plugin OnlineSubsystem
LogPluginManager: Mounting plugin OnlineSubsystemNull
LogPluginManager: Mounting plugin OnlineSubsystemUtils
LogPluginManager: Mounting plugin LauncherChunkInstaller
LogPluginManager: Mounting plugin ActorLayerUtilities
LogPluginManager: Mounting plugin AndroidDeviceProfileSelector
LogPluginManager: Mounting plugin AndroidMoviePlayer
LogPluginManager: Mounting plugin AndroidPermission
LogPluginManager: Mounting plugin AppleImageUtils
LogPluginManager: Mounting plugin AssetTags
LogPluginManager: Mounting plugin ArchVisCharacter
LogPluginManager: Mounting plugin AudioCapture
LogPluginManager: Mounting plugin AppleMoviePlayer
LogPluginManager: Mounting plugin AudioSynesthesia
LogPluginManager: Mounting plugin CableComponent
LogPluginManager: Mounting plugin CustomMeshComponent
LogPluginManager: Mounting plugin ChunkDownloader
LogPluginManager: Mounting plugin ExampleDeviceProfileSelector
LogPluginManager: Mounting plugin EditableMesh
LogPluginManager: Mounting plugin GooglePAD
LogPluginManager: Mounting plugin GoogleCloudMessaging
LogPluginManager: Mounting plugin HairStrands
LogPluginManager: Mounting plugin IOSDeviceProfileSelector
LogPluginManager: Mounting plugin LinuxDeviceProfileSelector
LogPluginManager: Mounting plugin LocationServicesBPLibrary
LogPluginManager: Mounting plugin MobilePatchingUtils
LogPluginManager: Mounting plugin OpenXR
LogPluginManager: Mounting plugin OpenXREyeTracker
LogPluginManager: Mounting plugin OpenXRHandTracking
LogPluginManager: Mounting plugin PhysXVehicles
LogPluginManager: Mounting plugin ScreenshotTools
LogPluginManager: Mounting plugin PostSplashScreen
LogPluginManager: Mounting plugin ProceduralMeshComponent
LogPluginManager: Mounting plugin PropertyAccessEditor
LogPluginManager: Mounting plugin RuntimePhysXCooking
LogPluginManager: Mounting plugin SignificanceManager
LogPluginManager: Mounting plugin SoundFields
LogPluginManager: Mounting plugin Synthesis
LogPluginManager: Mounting plugin WebMMoviePlayer
LogPluginManager: Mounting plugin WindowsMoviePlayer
LogPluginManager: Mounting plugin Takes
LogPluginManager: Mounting plugin OodleData
LogPluginManager: Mounting plugin OodleNetwork
LogPluginManager: Mounting plugin ContentBrowserAssetDataSource
LogPluginManager: Mounting plugin ContentBrowserClassDataSource
LogPluginManager: Mounting plugin ContentBrowserFileDataSource
LogPluginManager: Mounting plugin OnlineSubsystemGooglePlay
LogPluginManager: Mounting plugin OnlineSubsystemIOS
LogPluginManager: Mounting plugin OculusVR
LogPluginManager: Mounting plugin SteamVR
PixWinPlugin: PIX capture plugin failed to initialize! Check that the process is launched from PIX.
LogInit: Using libcurl 7.55.1-DEV
LogInit:  - built for x86_64-pc-win32
LogInit:  - supports SSL with OpenSSL/1.1.1
LogInit:  - supports HTTP deflate (compression) using libz 1.2.8
LogInit:  - other features:
LogInit:      CURL_VERSION_SSL
LogInit:      CURL_VERSION_LIBZ
LogInit:      CURL_VERSION_IPV6
LogInit:      CURL_VERSION_ASYNCHDNS
LogInit:      CURL_VERSION_LARGEFILE
LogInit:      CURL_VERSION_IDN
LogInit:  CurlRequestOptions (configurable via config and command line):
LogInit:  - bVerifyPeer = true  - Libcurl will verify peer certificate
LogInit:  - bUseHttpProxy = false  - Libcurl will NOT use HTTP proxy
LogInit:  - bDontReuseConnections = false  - Libcurl will reuse connections
LogInit:  - MaxHostConnections = 16  - Libcurl will limit the number of connections to a host
LogInit:  - LocalHostAddr = Default
LogInit:  - BufferSize = 65536
LogOnline: OSS: Creating online subsystem instance for: NULL
LogInit: WinSock: version 1.1 (2.2), MaxSocks=32767, MaxUdp=65467
LogOnline: OSS: TryLoadSubsystemAndSetDefault: Loaded subsystem for module [NULL]
LogOculusPluginWrapper: OculusPlugin initialized successfully
LogHMD: Failed initializing OVRPlugin 1.59.0
LogInit: Build: ++UE4+Release-4.27-CL-18319896
LogInit: Engine Version: 4.27.2-18319896+++UE4+Release-4.27
LogInit: Compatible Engine Version: 4.27.0-17155196+++UE4+Release-4.27
LogInit: Net CL: 17155196
LogInit: OS: Windows 10 (Release 2009) (), CPU: Intel(R) Xeon(R) CPU E3-1231 v3 @ 3.40GHz, GPU: NVIDIA GeForce GTX 1660
LogInit: Compiled (64-bit): Nov 30 2021 07:12:08
LogInit: Compiled with Visual C++: 19.24.28315.00
LogInit: Build Configuration: Development
LogInit: Branch Name: ++UE4+Release-4.27
LogInit: Command Line: 
LogInit: Base Directory: C:/Program Files/Epic Games/UE_4.27/Engine/Binaries/Win64/
LogInit: Allocator: TBB
LogInit: Installed Engine Build: 1
LogDevObjectVersion: Number of dev versions registered: 29
LogDevObjectVersion:   Dev-Blueprints (B0D832E4-1F89-4F0D-ACCF-7EB736FD4AA2): 10
LogDevObjectVersion:   Dev-Build (E1C64328-A22C-4D53-A36C-8E866417BD8C): 0
LogDevObjectVersion:   Dev-Core (375EC13C-06E4-48FB-B500-84F0262A717E): 4
LogDevObjectVersion:   Dev-Editor (E4B068ED-F494-42E9-A231-DA0B2E46BB41): 40
LogDevObjectVersion:   Dev-Framework (CFFC743F-43B0-4480-9391-14DF171D2073): 37
LogDevObjectVersion:   Dev-Mobile (B02B49B5-BB20-44E9-A304-32B752E40360): 3
LogDevObjectVersion:   Dev-Networking (A4E4105C-59A1-49B5-A7C5-40C4547EDFEE): 0
LogDevObjectVersion:   Dev-Online (39C831C9-5AE6-47DC-9A44-9C173E1C8E7C): 0
LogDevObjectVersion:   Dev-Physics (78F01B33-EBEA-4F98-B9B4-84EACCB95AA2): 14
LogDevObjectVersion:   Dev-Platform (6631380F-2D4D-43E0-8009-CF276956A95A): 0
LogDevObjectVersion:   Dev-Rendering (12F88B9F-8875-4AFC-A67C-D90C383ABD29): 45
LogDevObjectVersion:   Dev-Sequencer (7B5AE74C-D270-4C10-A958-57980B212A5A): 13
LogDevObjectVersion:   Dev-VR (D7296918-1DD6-4BDD-9DE2-64A83CC13884): 3
LogDevObjectVersion:   Dev-LoadTimes (C2A15278-BFE7-4AFE-6C17-90FF531DF755): 1
LogDevObjectVersion:   Private-Geometry (6EACA3D4-40EC-4CC1-B786-8BED09428FC5): 3
LogDevObjectVersion:   Dev-AnimPhys (29E575DD-E0A3-4627-9D10-D276232CDCEA): 17
LogDevObjectVersion:   Dev-Anim (AF43A65D-7FD3-4947-9873-3E8ED9C1BB05): 15
LogDevObjectVersion:   Dev-ReflectionCapture (6B266CEC-1EC7-4B8F-A30B-E4D90942FC07): 1
LogDevObjectVersion:   Dev-Automation (0DF73D61-A23F-47EA-B727-89E90C41499A): 1
LogDevObjectVersion:   FortniteMain (601D1886-AC64-4F84-AA16-D3DE0DEAC7D6): 47
LogDevObjectVersion:   FortniteRelease (E7086368-6B23-4C58-8439-1B7016265E91): 1
LogDevObjectVersion:   Dev-Enterprise (9DFFBCD6-494F-0158-E221-12823C92A888): 10
LogDevObjectVersion:   Dev-Niagara (F2AED0AC-9AFE-416F-8664-AA7FFA26D6FC): 1
LogDevObjectVersion:   Dev-Destruction (174F1F0B-B4C6-45A5-B13F-2EE8D0FB917D): 10
LogDevObjectVersion:   Dev-Physics-Ext (35F94A83-E258-406C-A318-09F59610247C): 41
LogDevObjectVersion:   Dev-PhysicsMaterial-Chaos (B68FC16E-8B1B-42E2-B453-215C058844FE): 1
LogDevObjectVersion:   Dev-CineCamera (B2E18506-4273-CFC2-A54E-F4BB758BBA07): 1
LogDevObjectVersion:   Dev-VirtualProduction (64F58936-FD1B-42BA-BA96-7289D5D0FA4E): 1
LogDevObjectVersion:   Dev-MediaFramework (6F0ED827-A609-4895-9C91-998D90180EA4): 2
LogInit: Presizing for max 25165824 objects, including 0 objects not considered by GC, pre-allocating 0 bytes for permanent pool.
LogConfig: Applying CVar settings from Section [/Script/Engine.StreamingSettings] File [C:/Users/Administrator/Downloads/process/ZJJD-Vol1/Saved/Config/Windows/Engine.ini]
LogConfig: Setting CVar [[s.MinBulkDataSizeForAsyncLoading:131072]]
LogConfig: Setting CVar [[s.AsyncLoadingThreadEnabled:0]]
LogConfig: Setting CVar [[s.EventDrivenLoaderEnabled:1]]
LogConfig: Setting CVar [[s.WarnIfTimeLimitExceeded:0]]
LogConfig: Setting CVar [[s.TimeLimitExceededMultiplier:1.5]]
LogConfig: Setting CVar [[s.TimeLimitExceededMinTime:0.005]]
LogConfig: Setting CVar [[s.UseBackgroundLevelStreaming:1]]
LogConfig: Setting CVar [[s.PriorityAsyncLoadingExtraTime:15.0]]
LogConfig: Setting CVar [[s.LevelStreamingActorsUpdateTimeLimit:5.0]]
LogConfig: Setting CVar [[s.PriorityLevelStreamingActorsUpdateExtraTime:5.0]]
LogConfig: Setting CVar [[s.LevelStreamingComponentsRegistrationGranularity:10]]
LogConfig: Setting CVar [[s.UnregisterComponentsTimeLimit:1.0]]
LogConfig: Setting CVar [[s.LevelStreamingComponentsUnregistrationGranularity:5]]
LogConfig: Setting CVar [[s.FlushStreamingOnExit:1]]
LogInit: Object subsystem initialized
LogConfig: Setting CVar [[con.DebugEarlyDefault:1]]
LogConfig: Setting CVar [[r.setres:1280x720]]
LogConfig: Setting CVar [[fx.NiagaraAllowRuntimeScalabilityChanges:1]]
[2026.06.08-07.09.22:395][  0]LogConfig: Setting CVar [[r.VSync:0]]
[2026.06.08-07.09.22:395][  0]LogConfig: Setting CVar [[r.RHICmdBypass:0]]
[2026.06.08-07.09.22:395][  0]LogConfig: Applying CVar settings from Section [/Script/Engine.RendererSettings] File [C:/Users/Administrator/Downloads/process/ZJJD-Vol1/Saved/Config/Windows/Engine.ini]
[2026.06.08-07.09.22:395][  0]LogConfig: Setting CVar [[r.GPUCrashDebugging:0]]
[2026.06.08-07.09.22:395][  0]LogConfig: Setting CVar [[r.AllowGlobalClipPlane:1]]
[2026.06.08-07.09.22:395][  0]LogConfig: Applying CVar settings from Section [/Script/Engine.RendererOverrideSettings] File [C:/Users/Administrator/Downloads/process/ZJJD-Vol1/Saved/Config/Windows/Engine.ini]
[2026.06.08-07.09.22:395][  0]LogConfig: Applying CVar settings from Section [/Script/Engine.StreamingSettings] File [C:/Users/Administrator/Downloads/process/ZJJD-Vol1/Saved/Config/Windows/Engine.ini]
[2026.06.08-07.09.22:395][  0]LogConfig: Setting CVar [[s.MinBulkDataSizeForAsyncLoading:131072]]
[2026.06.08-07.09.22:395][  0]LogConfig: Setting CVar [[s.AsyncLoadingThreadEnabled:0]]
[2026.06.08-07.09.22:395][  0]LogConfig: Setting CVar [[s.EventDrivenLoaderEnabled:1]]
[2026.06.08-07.09.22:395][  0]LogConfig: Setting CVar [[s.WarnIfTimeLimitExceeded:0]]
[2026.06.08-07.09.22:395][  0]LogConfig: Setting CVar [[s.TimeLimitExceededMultiplier:1.5]]
[2026.06.08-07.09.22:395][  0]LogConfig: Setting CVar [[s.TimeLimitExceededMinTime:0.005]]
[2026.06.08-07.09.22:395][  0]LogConfig: Setting CVar [[s.UseBackgroundLevelStreaming:1]]
[2026.06.08-07.09.22:395][  0]LogConfig: Setting CVar [[s.PriorityAsyncLoadingExtraTime:15.0]]
[2026.06.08-07.09.22:395][  0]LogConfig: Setting CVar [[s.LevelStreamingActorsUpdateTimeLimit:5.0]]
[2026.06.08-07.09.22:395][  0]LogConfig: Setting CVar [[s.PriorityLevelStreamingActorsUpdateExtraTime:5.0]]
[2026.06.08-07.09.22:395][  0]LogConfig: Setting CVar [[s.LevelStreamingComponentsRegistrationGranularity:10]]
[2026.06.08-07.09.22:395][  0]LogConfig: Setting CVar [[s.UnregisterComponentsTimeLimit:1.0]]
[2026.06.08-07.09.22:395][  0]LogConfig: Setting CVar [[s.LevelStreamingComponentsUnregistrationGranularity:5]]
[2026.06.08-07.09.22:395][  0]LogConfig: Setting CVar [[s.FlushStreamingOnExit:1]]
[2026.06.08-07.09.22:395][  0]LogConfig: Applying CVar settings from Section [/Script/Engine.GarbageCollectionSettings] File [C:/Users/Administrator/Downloads/process/ZJJD-Vol1/Saved/Config/Windows/Engine.ini]
[2026.06.08-07.09.22:395][  0]LogConfig: Setting CVar [[gc.MaxObjectsNotConsideredByGC:1]]
[2026.06.08-07.09.22:395][  0]LogConfig: Setting CVar [[gc.SizeOfPermanentObjectPool:0]]
[2026.06.08-07.09.22:395][  0]LogConfig: Setting CVar [[gc.FlushStreamingOnGC:0]]
[2026.06.08-07.09.22:395][  0]LogConfig: Setting CVar [[gc.NumRetriesBeforeForcingGC:10]]
[2026.06.08-07.09.22:395][  0]LogConfig: Setting CVar [[gc.AllowParallelGC:1]]
[2026.06.08-07.09.22:395][  0]LogConfig: Setting CVar [[gc.TimeBetweenPurgingPendingKillObjects:61.1]]
[2026.06.08-07.09.22:395][  0]LogConfig: Setting CVar [[gc.MaxObjectsInEditor:25165824]]
[2026.06.08-07.09.22:395][  0]LogConfig: Setting CVar [[gc.IncrementalBeginDestroyEnabled:1]]
[2026.06.08-07.09.22:395][  0]LogConfig: Setting CVar [[gc.CreateGCClusters:1]]
[2026.06.08-07.09.22:395][  0]LogConfig: Setting CVar [[gc.MinGCClusterSize:5]]
[2026.06.08-07.09.22:395][  0]LogConfig: Setting CVar [[gc.ActorClusteringEnabled:0]]
[2026.06.08-07.09.22:395][  0]LogConfig: Setting CVar [[gc.BlueprintClusteringEnabled:0]]
[2026.06.08-07.09.22:395][  0]LogConfig: Setting CVar [[gc.UseDisregardForGCOnDedicatedServers:0]]
[2026.06.08-07.09.22:395][  0]LogConfig: Setting CVar [[gc.MultithreadedDestructionEnabled:1]]
[2026.06.08-07.09.22:395][  0]LogConfig: Applying CVar settings from Section [/Script/Engine.NetworkSettings] File [C:/Users/Administrator/Downloads/process/ZJJD-Vol1/Saved/Config/Windows/Engine.ini]
[2026.06.08-07.09.22:395][  0]LogConfig: Applying CVar settings from Section [/Script/UnrealEd.CookerSettings] File [C:/Users/Administrator/Downloads/process/ZJJD-Vol1/Saved/Config/Windows/Engine.ini]
[2026.06.08-07.09.22:408][  0]LogConfig: Applying CVar settings from Section [ViewDistanceQuality@3] File [C:/Users/Administrator/Downloads/process/ZJJD-Vol1/Saved/Config/Windows/Scalability.ini]
[2026.06.08-07.09.22:408][  0]LogConfig: Setting CVar [[r.SkeletalMeshLODBias:0]]
[2026.06.08-07.09.22:408][  0]LogConfig: Setting CVar [[r.ViewDistanceScale:1.0]]
[2026.06.08-07.09.22:408][  0]LogConfig: Applying CVar settings from Section [AntiAliasingQuality@3] File [C:/Users/Administrator/Downloads/process/ZJJD-Vol1/Saved/Config/Windows/Scalability.ini]
[2026.06.08-07.09.22:408][  0]LogConfig: Setting CVar [[r.PostProcessAAQuality:4]]
[2026.06.08-07.09.22:408][  0]LogConfig: Applying CVar settings from Section [ShadowQuality@3] File [C:/Users/Administrator/Downloads/process/ZJJD-Vol1/Saved/Config/Windows/Scalability.ini]
[2026.06.08-07.09.22:408][  0]LogConfig: Setting CVar [[r.LightFunctionQuality:1]]
[2026.06.08-07.09.22:408][  0]LogConfig: Setting CVar [[r.ShadowQuality:5]]
[2026.06.08-07.09.22:408][  0]LogConfig: Setting CVar [[r.Shadow.CSM.MaxCascades:10]]
[2026.06.08-07.09.22:408][  0]LogConfig: Setting CVar [[r.Shadow.MaxResolution:2048]]
[2026.06.08-07.09.22:408][  0]LogConfig: Setting CVar [[r.Shadow.MaxCSMResolution:2048]]
[2026.06.08-07.09.22:408][  0]LogConfig: Setting CVar [[r.Shadow.RadiusThreshold:0.01]]
[2026.06.08-07.09.22:408][  0]LogConfig: Setting CVar [[r.Shadow.DistanceScale:1.0]]
[2026.06.08-07.09.22:408][  0]LogConfig: Setting CVar [[r.Shadow.CSM.TransitionScale:1.0]]
[2026.06.08-07.09.22:408][  0]LogConfig: Setting CVar [[r.Shadow.PreShadowResolutionFactor:1.0]]
[2026.06.08-07.09.22:408][  0]LogConfig: Setting CVar [[r.DistanceFieldShadowing:1]]
[2026.06.08-07.09.22:408][  0]LogConfig: Setting CVar [[r.DistanceFieldAO:1]]
[2026.06.08-07.09.22:408][  0]LogConfig: Setting CVar [[r.AOQuality:2]]
[2026.06.08-07.09.22:408][  0]LogConfig: Setting CVar [[r.VolumetricFog:1]]
[2026.06.08-07.09.22:408][  0]LogConfig: Setting CVar [[r.VolumetricFog.GridPixelSize:8]]
[2026.06.08-07.09.22:408][  0]LogConfig: Setting CVar [[r.VolumetricFog.GridSizeZ:128]]
[2026.06.08-07.09.22:408][  0]LogConfig: Setting CVar [[r.VolumetricFog.HistoryMissSupersampleCount:4]]
[2026.06.08-07.09.22:408][  0]LogConfig: Setting CVar [[r.LightMaxDrawDistanceScale:1]]
[2026.06.08-07.09.22:408][  0]LogConfig: Setting CVar [[r.CapsuleShadows:1]]
[2026.06.08-07.09.22:408][  0]LogConfig: Applying CVar settings from Section [PostProcessQuality@3] File [C:/Users/Administrator/Downloads/process/ZJJD-Vol1/Saved/Config/Windows/Scalability.ini]
[2026.06.08-07.09.22:408][  0]LogConfig: Setting CVar [[r.MotionBlurQuality:4]]
[2026.06.08-07.09.22:408][  0]LogConfig: Setting CVar [[r.AmbientOcclusionMipLevelFactor:0.4]]
[2026.06.08-07.09.22:408][  0]LogConfig: Setting CVar [[r.AmbientOcclusionMaxQuality:100]]
[2026.06.08-07.09.22:408][  0]LogConfig: Setting CVar [[r.AmbientOcclusionLevels:-1]]
[2026.06.08-07.09.22:408][  0]LogConfig: Setting CVar [[r.AmbientOcclusionRadiusScale:1.0]]
[2026.06.08-07.09.22:408][  0]LogConfig: Setting CVar [[r.DepthOfFieldQuality:2]]
[2026.06.08-07.09.22:408][  0]LogConfig: Setting CVar [[r.RenderTargetPoolMin:400]]
[2026.06.08-07.09.22:408][  0]LogConfig: Setting CVar [[r.LensFlareQuality:2]]
[2026.06.08-07.09.22:408][  0]LogConfig: Setting CVar [[r.SceneColorFringeQuality:1]]
[2026.06.08-07.09.22:408][  0]LogConfig: Setting CVar [[r.EyeAdaptationQuality:2]]
[2026.06.08-07.09.22:408][  0]LogConfig: Setting CVar [[r.BloomQuality:5]]
[2026.06.08-07.09.22:408][  0]LogConfig: Setting CVar [[r.FastBlurThreshold:100]]
[2026.06.08-07.09.22:408][  0]LogConfig: Setting CVar [[r.Upscale.Quality:3]]
[2026.06.08-07.09.22:408][  0]LogConfig: Setting CVar [[r.Tonemapper.GrainQuantization:1]]
[2026.06.08-07.09.22:408][  0]LogConfig: Setting CVar [[r.LightShaftQuality:1]]
[2026.06.08-07.09.22:408][  0]LogConfig: Setting CVar [[r.Filter.SizeScale:1]]
[2026.06.08-07.09.22:408][  0]LogConfig: Setting CVar [[r.Tonemapper.Quality:5]]
[2026.06.08-07.09.22:408][  0]LogConfig: Setting CVar [[r.DOF.Gather.AccumulatorQuality:1        ; higher gathering accumulator quality]]
[2026.06.08-07.09.22:408][  0]LogConfig: Setting CVar [[r.DOF.Gather.PostfilterMethod:1          ; Median3x3 postfilering method]]
[2026.06.08-07.09.22:408][  0]LogConfig: Setting CVar [[r.DOF.Gather.EnableBokehSettings:0       ; no bokeh simulation when gathering]]
[2026.06.08-07.09.22:408][  0]LogConfig: Setting CVar [[r.DOF.Gather.RingCount:4                 ; medium number of samples when gathering]]
[2026.06.08-07.09.22:408][  0]LogConfig: Setting CVar [[r.DOF.Scatter.ForegroundCompositing:1    ; additive foreground scattering]]
[2026.06.08-07.09.22:409][  0]LogConfig: Setting CVar [[r.DOF.Scatter.BackgroundCompositing:2    ; additive background scattering]]
[2026.06.08-07.09.22:409][  0]LogConfig: Setting CVar [[r.DOF.Scatter.EnableBokehSettings:1      ; bokeh simulation when scattering]]
[2026.06.08-07.09.22:409][  0]LogConfig: Setting CVar [[r.DOF.Scatter.MaxSpriteRatio:0.1         ; only a maximum of 10% of scattered bokeh]]
[2026.06.08-07.09.22:409][  0]LogConfig: Setting CVar [[r.DOF.Recombine.Quality:1                ; cheap slight out of focus]]
[2026.06.08-07.09.22:409][  0]LogConfig: Setting CVar [[r.DOF.Recombine.EnableBokehSettings:0    ; no bokeh simulation on slight out of focus]]
[2026.06.08-07.09.22:409][  0]LogConfig: Setting CVar [[r.DOF.TemporalAAQuality:1                ; more stable temporal accumulation]]
[2026.06.08-07.09.22:409][  0]LogConfig: Setting CVar [[r.DOF.Kernel.MaxForegroundRadius:0.025]]
[2026.06.08-07.09.22:409][  0]LogConfig: Setting CVar [[r.DOF.Kernel.MaxBackgroundRadius:0.025]]
[2026.06.08-07.09.22:409][  0]LogConfig: Applying CVar settings from Section [TextureQuality@3] File [C:/Users/Administrator/Downloads/process/ZJJD-Vol1/Saved/Config/Windows/Scalability.ini]
[2026.06.08-07.09.22:409][  0]LogConfig: Setting CVar [[r.Streaming.MipBias:0]]
[2026.06.08-07.09.22:409][  0]LogConfig: Setting CVar [[r.Streaming.AmortizeCPUToGPUCopy:0]]
[2026.06.08-07.09.22:409][  0]LogConfig: Setting CVar [[r.Streaming.MaxNumTexturesToStreamPerFrame:0]]
[2026.06.08-07.09.22:409][  0]LogConfig: Setting CVar [[r.Streaming.Boost:1]]
[2026.06.08-07.09.22:409][  0]LogConfig: Setting CVar [[r.MaxAnisotropy:8]]
[2026.06.08-07.09.22:409][  0]LogConfig: Setting CVar [[r.VT.MaxAnisotropy:8]]
[2026.06.08-07.09.22:409][  0]LogConfig: Setting CVar [[r.Streaming.LimitPoolSizeToVRAM:0]]
[2026.06.08-07.09.22:409][  0]LogConfig: Setting CVar [[r.Streaming.PoolSize:1000]]
[2026.06.08-07.09.22:409][  0]LogConfig: Setting CVar [[r.Streaming.MaxEffectiveScreenSize:0]]
[2026.06.08-07.09.22:409][  0]LogConfig: Applying CVar settings from Section [EffectsQuality@3] File [C:/Users/Administrator/Downloads/process/ZJJD-Vol1/Saved/Config/Windows/Scalability.ini]
[2026.06.08-07.09.22:409][  0]LogConfig: Setting CVar [[r.TranslucencyLightingVolumeDim:64]]
[2026.06.08-07.09.22:409][  0]LogConfig: Setting CVar [[r.RefractionQuality:2]]
[2026.06.08-07.09.22:409][  0]LogConfig: Setting CVar [[r.SSR.Quality:3]]
[2026.06.08-07.09.22:409][  0]LogConfig: Setting CVar [[r.SSR.HalfResSceneColor:0]]
[2026.06.08-07.09.22:409][  0]LogConfig: Setting CVar [[r.SceneColorFormat:4]]
[2026.06.08-07.09.22:409][  0]LogConfig: Setting CVar [[r.DetailMode:2]]
[2026.06.08-07.09.22:409][  0]LogConfig: Setting CVar [[r.TranslucencyVolumeBlur:1]]
[2026.06.08-07.09.22:409][  0]LogConfig: Setting CVar [[r.MaterialQualityLevel:1 ; High quality]]
[2026.06.08-07.09.22:409][  0]LogConfig: Setting CVar [[r.AnisotropicMaterials:1]]
[2026.06.08-07.09.22:409][  0]LogConfig: Setting CVar [[r.SSS.Scale:1]]
[2026.06.08-07.09.22:409][  0]LogConfig: Setting CVar [[r.SSS.SampleSet:2]]
[2026.06.08-07.09.22:409][  0]LogConfig: Setting CVar [[r.SSS.Quality:1]]
[2026.06.08-07.09.22:409][  0]LogConfig: Setting CVar [[r.SSS.HalfRes:0]]
[2026.06.08-07.09.22:409][  0]LogConfig: Setting CVar [[r.SSGI.Quality:3]]
[2026.06.08-07.09.22:409][  0]LogConfig: Setting CVar [[r.EmitterSpawnRateScale:1.0]]
[2026.06.08-07.09.22:409][  0]LogConfig: Setting CVar [[r.ParticleLightQuality:2]]
[2026.06.08-07.09.22:409][  0]LogConfig: Setting CVar [[r.SkyAtmosphere.AerialPerspectiveLUT.FastApplyOnOpaque:1 ; Always have FastSkyLUT 1 in this case to avoid wrong sky]]
[2026.06.08-07.09.22:409][  0]LogConfig: Setting CVar [[r.SkyAtmosphere.AerialPerspectiveLUT.SampleCountMaxPerSlice:4]]
[2026.06.08-07.09.22:409][  0]LogConfig: Setting CVar [[r.SkyAtmosphere.AerialPerspectiveLUT.DepthResolution:16.0]]
[2026.06.08-07.09.22:409][  0]LogConfig: Setting CVar [[r.SkyAtmosphere.FastSkyLUT:1]]
[2026.06.08-07.09.22:409][  0]LogConfig: Setting CVar [[r.SkyAtmosphere.FastSkyLUT.SampleCountMin:4.0]]
[2026.06.08-07.09.22:409][  0]LogConfig: Setting CVar [[r.SkyAtmosphere.FastSkyLUT.SampleCountMax:128.0]]
[2026.06.08-07.09.22:409][  0]LogConfig: Setting CVar [[r.SkyAtmosphere.SampleCountMin:4.0]]
[2026.06.08-07.09.22:409][  0]LogConfig: Setting CVar [[r.SkyAtmosphere.SampleCountMax:128.0]]
[2026.06.08-07.09.22:409][  0]LogConfig: Setting CVar [[r.SkyAtmosphere.TransmittanceLUT.UseSmallFormat:0]]
[2026.06.08-07.09.22:409][  0]LogConfig: Setting CVar [[r.SkyAtmosphere.TransmittanceLUT.SampleCount:10.0]]
[2026.06.08-07.09.22:409][  0]LogConfig: Setting CVar [[r.SkyAtmosphere.MultiScatteringLUT.SampleCount:15.0]]
[2026.06.08-07.09.22:409][  0]LogConfig: Setting CVar [[r.SkyLight.RealTimeReflectionCapture:1]]
[2026.06.08-07.09.22:409][  0]LogConfig: Setting CVar [[fx.Niagara.QualityLevel:3]]
[2026.06.08-07.09.22:409][  0]LogConfig: Applying CVar settings from Section [FoliageQuality@3] File [C:/Users/Administrator/Downloads/process/ZJJD-Vol1/Saved/Config/Windows/Scalability.ini]
[2026.06.08-07.09.22:409][  0]LogConfig: Setting CVar [[foliage.DensityScale:1.0]]
[2026.06.08-07.09.22:409][  0]LogConfig: Setting CVar [[grass.DensityScale:1.0]]
[2026.06.08-07.09.22:409][  0]LogConfig: Applying CVar settings from Section [ShadingQuality@3] File [C:/Users/Administrator/Downloads/process/ZJJD-Vol1/Saved/Config/Windows/Scalability.ini]
[2026.06.08-07.09.22:409][  0]LogConfig: Setting CVar [[r.HairStrands.SkyLighting.IntegrationType:2]]
[2026.06.08-07.09.22:409][  0]LogConfig: Setting CVar [[r.HairStrands.SkyAO.SampleCount:4]]
[2026.06.08-07.09.22:409][  0]LogConfig: Setting CVar [[r.HairStrands.Visibility.MSAA.SamplePerPixel:4]]
[2026.06.08-07.09.22:409][  0]LogConfig: Setting CVar [[r.HairStrands.Interpolation.UseSingleGuide:0]]
[2026.06.08-07.09.22:409][  0]LogInit: Selected Device Profile: [Windows]
[2026.06.08-07.09.22:409][  0]LogInit: Applying CVar settings loaded from the selected device profile: [Windows]
[2026.06.08-07.09.22:410][  0]LogHAL: Display: Platform has ~ 16 GB [17118175232 / 17179869184 / 16], which maps to Larger [LargestMinGB=32, LargerMinGB=12, DefaultMinGB=8, SmallerMinGB=6, SmallestMinGB=0)
[2026.06.08-07.09.22:410][  0]LogInit: Going up to parent DeviceProfile []
[2026.06.08-07.09.22:410][  0]LogConfig: Applying CVar settings from Section [ViewDistanceQuality@3] File [C:/Users/Administrator/Downloads/process/ZJJD-Vol1/Saved/Config/Windows/Scalability.ini]
[2026.06.08-07.09.22:410][  0]LogConfig: Setting CVar [[r.SkeletalMeshLODBias:0]]
[2026.06.08-07.09.22:410][  0]LogConfig: Setting CVar [[r.ViewDistanceScale:1.0]]
[2026.06.08-07.09.22:410][  0]LogConfig: Applying CVar settings from Section [AntiAliasingQuality@3] File [C:/Users/Administrator/Downloads/process/ZJJD-Vol1/Saved/Config/Windows/Scalability.ini]
[2026.06.08-07.09.22:410][  0]LogConfig: Setting CVar [[r.PostProcessAAQuality:4]]
[2026.06.08-07.09.22:410][  0]LogConfig: Applying CVar settings from Section [ShadowQuality@3] File [C:/Users/Administrator/Downloads/process/ZJJD-Vol1/Saved/Config/Windows/Scalability.ini]
[2026.06.08-07.09.22:410][  0]LogConfig: Setting CVar [[r.LightFunctionQuality:1]]
[2026.06.08-07.09.22:410][  0]LogConfig: Setting CVar [[r.ShadowQuality:5]]
[2026.06.08-07.09.22:410][  0]LogConfig: Setting CVar [[r.Shadow.CSM.MaxCascades:10]]
[2026.06.08-07.09.22:410][  0]LogConfig: Setting CVar [[r.Shadow.MaxResolution:2048]]
[2026.06.08-07.09.22:410][  0]LogConfig: Setting CVar [[r.Shadow.MaxCSMResolution:2048]]
[2026.06.08-07.09.22:410][  0]LogConfig: Setting CVar [[r.Shadow.RadiusThreshold:0.01]]
[2026.06.08-07.09.22:410][  0]LogConfig: Setting CVar [[r.Shadow.DistanceScale:1.0]]
[2026.06.08-07.09.22:410][  0]LogConfig: Setting CVar [[r.Shadow.CSM.TransitionScale:1.0]]
[2026.06.08-07.09.22:410][  0]LogConfig: Setting CVar [[r.Shadow.PreShadowResolutionFactor:1.0]]
[2026.06.08-07.09.22:410][  0]LogConfig: Setting CVar [[r.DistanceFieldShadowing:1]]
[2026.06.08-07.09.22:410][  0]LogConfig: Setting CVar [[r.DistanceFieldAO:1]]
[2026.06.08-07.09.22:410][  0]LogConfig: Setting CVar [[r.AOQuality:2]]
[2026.06.08-07.09.22:410][  0]LogConfig: Setting CVar [[r.VolumetricFog:1]]
[2026.06.08-07.09.22:410][  0]LogConfig: Setting CVar [[r.VolumetricFog.GridPixelSize:8]]
[2026.06.08-07.09.22:410][  0]LogConfig: Setting CVar [[r.VolumetricFog.GridSizeZ:128]]
[2026.06.08-07.09.22:410][  0]LogConfig: Setting CVar [[r.VolumetricFog.HistoryMissSupersampleCount:4]]
[2026.06.08-07.09.22:410][  0]LogConfig: Setting CVar [[r.LightMaxDrawDistanceScale:1]]
[2026.06.08-07.09.22:410][  0]LogConfig: Setting CVar [[r.CapsuleShadows:1]]
[2026.06.08-07.09.22:410][  0]LogConfig: Applying CVar settings from Section [PostProcessQuality@3] File [C:/Users/Administrator/Downloads/process/ZJJD-Vol1/Saved/Config/Windows/Scalability.ini]
[2026.06.08-07.09.22:410][  0]LogConfig: Setting CVar [[r.MotionBlurQuality:4]]
[2026.06.08-07.09.22:410][  0]LogConfig: Setting CVar [[r.AmbientOcclusionMipLevelFactor:0.4]]
[2026.06.08-07.09.22:410][  0]LogConfig: Setting CVar [[r.AmbientOcclusionMaxQuality:100]]
[2026.06.08-07.09.22:410][  0]LogConfig: Setting CVar [[r.AmbientOcclusionLevels:-1]]
[2026.06.08-07.09.22:410][  0]LogConfig: Setting CVar [[r.AmbientOcclusionRadiusScale:1.0]]
[2026.06.08-07.09.22:411][  0]LogConfig: Setting CVar [[r.DepthOfFieldQuality:2]]
[2026.06.08-07.09.22:411][  0]LogConfig: Setting CVar [[r.RenderTargetPoolMin:400]]
[2026.06.08-07.09.22:411][  0]LogConfig: Setting CVar [[r.LensFlareQuality:2]]
[2026.06.08-07.09.22:411][  0]LogConfig: Setting CVar [[r.SceneColorFringeQuality:1]]
[2026.06.08-07.09.22:411][  0]LogConfig: Setting CVar [[r.EyeAdaptationQuality:2]]
[2026.06.08-07.09.22:411][  0]LogConfig: Setting CVar [[r.BloomQuality:5]]
[2026.06.08-07.09.22:411][  0]LogConfig: Setting CVar [[r.FastBlurThreshold:100]]
[2026.06.08-07.09.22:411][  0]LogConfig: Setting CVar [[r.Upscale.Quality:3]]
[2026.06.08-07.09.22:411][  0]LogConfig: Setting CVar [[r.Tonemapper.GrainQuantization:1]]
[2026.06.08-07.09.22:411][  0]LogConfig: Setting CVar [[r.LightShaftQuality:1]]
[2026.06.08-07.09.22:411][  0]LogConfig: Setting CVar [[r.Filter.SizeScale:1]]
[2026.06.08-07.09.22:411][  0]LogConfig: Setting CVar [[r.Tonemapper.Quality:5]]
[2026.06.08-07.09.22:411][  0]LogConfig: Setting CVar [[r.DOF.Gather.AccumulatorQuality:1        ; higher gathering accumulator quality]]
[2026.06.08-07.09.22:411][  0]LogConfig: Setting CVar [[r.DOF.Gather.PostfilterMethod:1          ; Median3x3 postfilering method]]
[2026.06.08-07.09.22:411][  0]LogConfig: Setting CVar [[r.DOF.Gather.EnableBokehSettings:0       ; no bokeh simulation when gathering]]
[2026.06.08-07.09.22:411][  0]LogConfig: Setting CVar [[r.DOF.Gather.RingCount:4                 ; medium number of samples when gathering]]
[2026.06.08-07.09.22:411][  0]LogConfig: Setting CVar [[r.DOF.Scatter.ForegroundCompositing:1    ; additive foreground scattering]]
[2026.06.08-07.09.22:411][  0]LogConfig: Setting CVar [[r.DOF.Scatter.BackgroundCompositing:2    ; additive background scattering]]
[2026.06.08-07.09.22:411][  0]LogConfig: Setting CVar [[r.DOF.Scatter.EnableBokehSettings:1      ; bokeh simulation when scattering]]
[2026.06.08-07.09.22:411][  0]LogConfig: Setting CVar [[r.DOF.Scatter.MaxSpriteRatio:0.1         ; only a maximum of 10% of scattered bokeh]]
[2026.06.08-07.09.22:411][  0]LogConfig: Setting CVar [[r.DOF.Recombine.Quality:1                ; cheap slight out of focus]]
[2026.06.08-07.09.22:411][  0]LogConfig: Setting CVar [[r.DOF.Recombine.EnableBokehSettings:0    ; no bokeh simulation on slight out of focus]]
[2026.06.08-07.09.22:411][  0]LogConfig: Setting CVar [[r.DOF.TemporalAAQuality:1                ; more stable temporal accumulation]]
[2026.06.08-07.09.22:411][  0]LogConfig: Setting CVar [[r.DOF.Kernel.MaxForegroundRadius:0.025]]
[2026.06.08-07.09.22:411][  0]LogConfig: Setting CVar [[r.DOF.Kernel.MaxBackgroundRadius:0.025]]
[2026.06.08-07.09.22:411][  0]LogConfig: Applying CVar settings from Section [TextureQuality@3] File [C:/Users/Administrator/Downloads/process/ZJJD-Vol1/Saved/Config/Windows/Scalability.ini]
[2026.06.08-07.09.22:411][  0]LogConfig: Setting CVar [[r.Streaming.MipBias:0]]
[2026.06.08-07.09.22:411][  0]LogConfig: Setting CVar [[r.Streaming.AmortizeCPUToGPUCopy:0]]
[2026.06.08-07.09.22:411][  0]LogConfig: Setting CVar [[r.Streaming.MaxNumTexturesToStreamPerFrame:0]]
[2026.06.08-07.09.22:411][  0]LogConfig: Setting CVar [[r.Streaming.Boost:1]]
[2026.06.08-07.09.22:411][  0]LogConfig: Setting CVar [[r.MaxAnisotropy:8]]
[2026.06.08-07.09.22:411][  0]LogConfig: Setting CVar [[r.VT.MaxAnisotropy:8]]
[2026.06.08-07.09.22:411][  0]LogConfig: Setting CVar [[r.Streaming.LimitPoolSizeToVRAM:0]]
[2026.06.08-07.09.22:411][  0]LogConfig: Setting CVar [[r.Streaming.PoolSize:1000]]
[2026.06.08-07.09.22:411][  0]LogConfig: Setting CVar [[r.Streaming.MaxEffectiveScreenSize:0]]
[2026.06.08-07.09.22:411][  0]LogConfig: Applying CVar settings from Section [EffectsQuality@3] File [C:/Users/Administrator/Downloads/process/ZJJD-Vol1/Saved/Config/Windows/Scalability.ini]
[2026.06.08-07.09.22:411][  0]LogConfig: Setting CVar [[r.TranslucencyLightingVolumeDim:64]]
[2026.06.08-07.09.22:411][  0]LogConfig: Setting CVar [[r.RefractionQuality:2]]
[2026.06.08-07.09.22:411][  0]LogConfig: Setting CVar [[r.SSR.Quality:3]]
[2026.06.08-07.09.22:411][  0]LogConfig: Setting CVar [[r.SSR.HalfResSceneColor:0]]
[2026.06.08-07.09.22:411][  0]LogConfig: Setting CVar [[r.SceneColorFormat:4]]
[2026.06.08-07.09.22:411][  0]LogConfig: Setting CVar [[r.DetailMode:2]]
[2026.06.08-07.09.22:411][  0]LogConfig: Setting CVar [[r.TranslucencyVolumeBlur:1]]
[2026.06.08-07.09.22:411][  0]LogConfig: Setting CVar [[r.MaterialQualityLevel:1 ; High quality]]
[2026.06.08-07.09.22:411][  0]LogConfig: Setting CVar [[r.AnisotropicMaterials:1]]
[2026.06.08-07.09.22:411][  0]LogConfig: Setting CVar [[r.SSS.Scale:1]]
[2026.06.08-07.09.22:411][  0]LogConfig: Setting CVar [[r.SSS.SampleSet:2]]
[2026.06.08-07.09.22:411][  0]LogConfig: Setting CVar [[r.SSS.Quality:1]]
[2026.06.08-07.09.22:411][  0]LogConfig: Setting CVar [[r.SSS.HalfRes:0]]
[2026.06.08-07.09.22:411][  0]LogConfig: Setting CVar [[r.SSGI.Quality:3]]
[2026.06.08-07.09.22:411][  0]LogConfig: Setting CVar [[r.EmitterSpawnRateScale:1.0]]
[2026.06.08-07.09.22:411][  0]LogConfig: Setting CVar [[r.ParticleLightQuality:2]]
[2026.06.08-07.09.22:411][  0]LogConfig: Setting CVar [[r.SkyAtmosphere.AerialPerspectiveLUT.FastApplyOnOpaque:1 ; Always have FastSkyLUT 1 in this case to avoid wrong sky]]
[2026.06.08-07.09.22:411][  0]LogConfig: Setting CVar [[r.SkyAtmosphere.AerialPerspectiveLUT.SampleCountMaxPerSlice:4]]
[2026.06.08-07.09.22:411][  0]LogConfig: Setting CVar [[r.SkyAtmosphere.AerialPerspectiveLUT.DepthResolution:16.0]]
[2026.06.08-07.09.22:411][  0]LogConfig: Setting CVar [[r.SkyAtmosphere.FastSkyLUT:1]]
[2026.06.08-07.09.22:411][  0]LogConfig: Setting CVar [[r.SkyAtmosphere.FastSkyLUT.SampleCountMin:4.0]]
[2026.06.08-07.09.22:411][  0]LogConfig: Setting CVar [[r.SkyAtmosphere.FastSkyLUT.SampleCountMax:128.0]]
[2026.06.08-07.09.22:411][  0]LogConfig: Setting CVar [[r.SkyAtmosphere.SampleCountMin:4.0]]
[2026.06.08-07.09.22:411][  0]LogConfig: Setting CVar [[r.SkyAtmosphere.SampleCountMax:128.0]]
[2026.06.08-07.09.22:411][  0]LogConfig: Setting CVar [[r.SkyAtmosphere.TransmittanceLUT.UseSmallFormat:0]]
[2026.06.08-07.09.22:411][  0]LogConfig: Setting CVar [[r.SkyAtmosphere.TransmittanceLUT.SampleCount:10.0]]
[2026.06.08-07.09.22:411][  0]LogConfig: Setting CVar [[r.SkyAtmosphere.MultiScatteringLUT.SampleCount:15.0]]
[2026.06.08-07.09.22:411][  0]LogConfig: Setting CVar [[r.SkyLight.RealTimeReflectionCapture:1]]
[2026.06.08-07.09.22:411][  0]LogConfig: Setting CVar [[fx.Niagara.QualityLevel:3]]
[2026.06.08-07.09.22:411][  0]LogConfig: Applying CVar settings from Section [FoliageQuality@3] File [C:/Users/Administrator/Downloads/process/ZJJD-Vol1/Saved/Config/Windows/Scalability.ini]
[2026.06.08-07.09.22:411][  0]LogConfig: Setting CVar [[foliage.DensityScale:1.0]]
[2026.06.08-07.09.22:411][  0]LogConfig: Setting CVar [[grass.DensityScale:1.0]]
[2026.06.08-07.09.22:411][  0]LogConfig: Applying CVar settings from Section [ShadingQuality@3] File [C:/Users/Administrator/Downloads/process/ZJJD-Vol1/Saved/Config/Windows/Scalability.ini]
[2026.06.08-07.09.22:411][  0]LogConfig: Setting CVar [[r.HairStrands.SkyLighting.IntegrationType:2]]
[2026.06.08-07.09.22:411][  0]LogConfig: Setting CVar [[r.HairStrands.SkyAO.SampleCount:4]]
[2026.06.08-07.09.22:411][  0]LogConfig: Setting CVar [[r.HairStrands.Visibility.MSAA.SamplePerPixel:4]]
[2026.06.08-07.09.22:411][  0]LogConfig: Setting CVar [[r.HairStrands.Interpolation.UseSingleGuide:0]]
[2026.06.08-07.09.22:411][  0]LogConfig: Applying CVar settings from Section [Startup] File [../../../Engine/Config/ConsoleVariables.ini]
[2026.06.08-07.09.22:412][  0]LogConfig: Setting CVar [[net.UseAdaptiveNetUpdateFrequency:0]]
[2026.06.08-07.09.22:412][  0]LogConfig: Setting CVar [[p.chaos.AllowCreatePhysxBodies:1]]
[2026.06.08-07.09.22:413][  0]LogConfig: Setting CVar [[fx.SkipVectorVMBackendOptimizations:1]]
[2026.06.08-07.09.22:413][  0]LogConfig: Applying CVar settings from Section [ConsoleVariables] File [C:/Users/Administrator/Downloads/process/ZJJD-Vol1/Saved/Config/Windows/Engine.ini]
[2026.06.08-07.09.22:413][  0]LogConfig: Applying CVar settings from Section [ConsoleVariables] File [C:/Users/Administrator/Downloads/process/ZJJD-Vol1/Saved/Config/Windows/Editor.ini]
[2026.06.08-07.09.22:413][  0]LogInit: Computer: 备用机
[2026.06.08-07.09.22:413][  0]LogInit: User: Administrator
[2026.06.08-07.09.22:413][  0]LogInit: CPU Page size=4096, Cores=4
[2026.06.08-07.09.22:413][  0]LogInit: High frequency timer resolution =10.000000 MHz
[2026.06.08-07.09.22:413][  0]LogMemory: Memory total: Physical=15.9GB (16GB approx)
[2026.06.08-07.09.22:413][  0]LogMemory: Platform Memory Stats for Windows
[2026.06.08-07.09.22:413][  0]LogMemory: Process Physical Memory: 147.00 MB used, 147.01 MB peak
[2026.06.08-07.09.22:413][  0]LogMemory: Process Virtual Memory: 126.71 MB used, 126.71 MB peak
[2026.06.08-07.09.22:413][  0]LogMemory: Physical Memory: 9384.50 MB used,  6940.67 MB free, 16325.16 MB total
[2026.06.08-07.09.22:413][  0]LogMemory: Virtual Memory: 134200360.00 MB used,  17368.81 MB free, 134217728.00 MB total
[2026.06.08-07.09.22:415][  0]LogWindows: WindowsPlatformFeatures enabled
[2026.06.08-07.09.22:608][  0]LogInit: Physics initialised using underlying interface: PhysX
[2026.06.08-07.09.22:611][  0]LogInit: Using OS detected language (zh-CN).
[2026.06.08-07.09.22:611][  0]LogInit: Using OS detected locale (zh-CN).
[2026.06.08-07.09.22:629][  0]LogTextLocalizationManager: No specific localization for 'zh-CN' exists, so the 'zh-Hans' localization will be used.
[2026.06.08-07.09.22:865][  0]LogTextLocalizationResource: LocRes '../../../Engine/Content/Localization/Editor/zh/Editor.locres' could not be opened for reading!
[2026.06.08-07.09.22:865][  0]LogTextLocalizationResource: LocRes '../../../Engine/Content/Localization/EditorTutorials/zh/EditorTutorials.locres' could not be opened for reading!
[2026.06.08-07.09.22:865][  0]LogTextLocalizationResource: LocRes '../../../Engine/Content/Localization/Keywords/zh/Keywords.locres' could not be opened for reading!
[2026.06.08-07.09.22:866][  0]LogTextLocalizationResource: LocRes '../../../Engine/Content/Localization/Category/zh/Category.locres' could not be opened for reading!
[2026.06.08-07.09.22:866][  0]LogTextLocalizationResource: LocRes '../../../Engine/Content/Localization/ToolTips/zh/ToolTips.locres' could not be opened for reading!
[2026.06.08-07.09.22:866][  0]LogTextLocalizationResource: LocRes '../../../Engine/Content/Localization/PropertyNames/zh/PropertyNames.locres' could not be opened for reading!
[2026.06.08-07.09.22:866][  0]LogTextLocalizationResource: LocRes '../../../Engine/Content/Localization/Engine/zh/Engine.locres' could not be opened for reading!
[2026.06.08-07.09.22:867][  0]LogTextLocalizationResource: LocRes '../../../Engine/Plugins/Online/OnlineSubsystem/Content/Localization/OnlineSubsystem/zh/OnlineSubsystem.locres' could not be opened for reading!
[2026.06.08-07.09.22:867][  0]LogTextLocalizationResource: LocRes '../../../Engine/Plugins/Online/OnlineSubsystemUtils/Content/Localization/OnlineSubsystemUtils/zh/OnlineSubsystemUtils.locres' could not be opened for reading!
[2026.06.08-07.09.22:867][  0]LogTextLocalizationResource: LocRes '../../../Engine/Plugins/Online/Android/OnlineSubsystemGooglePlay/Content/Localization/OnlineSubsystemGooglePlay/zh/OnlineSubsystemGooglePlay.locres' could not be opened for reading!
[2026.06.08-07.09.22:867][  0]LogTextLocalizationResource: LocRes '../../../Engine/Plugins/Online/IOS/OnlineSubsystemIOS/Content/Localization/OnlineSubsystemIOS/zh/OnlineSubsystemIOS.locres' could not be opened for reading!
[2026.06.08-07.09.22:935][  0]LogInit: Setting process to per monitor DPI aware
[2026.06.08-07.09.22:962][  0]LogWindowsTextInputMethodSystem: Display: IME system deactivated.
[2026.06.08-07.09.22:998][  0]LogSlate: New Slate User Created.  User Index 0, Is Virtual User: 0
[2026.06.08-07.09.22:998][  0]LogSlate: Slate User Registered.  User Index 0, Is Virtual User: 0
[2026.06.08-07.09.23:423][  0]LogD3D11RHI: Loaded GFSDK_Aftermath_Lib.x64.dll
[2026.06.08-07.09.23:429][  0]LogHMD: Failed to initialize OpenVR with code 110
[2026.06.08-07.09.23:430][  0]LogD3D11RHI: D3D11 min allowed feature level: 11_0
[2026.06.08-07.09.23:430][  0]LogD3D11RHI: D3D11 max allowed feature level: 11_0
[2026.06.08-07.09.23:430][  0]LogD3D11RHI: D3D11 adapters:
[2026.06.08-07.09.23:689][  0]LogD3D11RHI:    0. 'NVIDIA GeForce GTX 1660' (Feature Level 11_0)
[2026.06.08-07.09.23:689][  0]LogD3D11RHI:       5966/0/8162 MB DedicatedVideo/DedicatedSystem/SharedSystem, Outputs:1, VendorId:0x10de
[2026.06.08-07.09.23:701][  0]LogD3D11RHI:    1. 'Microsoft Basic Render Driver' (Feature Level 11_0)
[2026.06.08-07.09.23:701][  0]LogD3D11RHI:       0/0/8162 MB DedicatedVideo/DedicatedSystem/SharedSystem, Outputs:0, VendorId:0x1414
[2026.06.08-07.09.23:885][  0]LogD3D11RHI:    2. 'NVIDIA GeForce GTX 1660' (Feature Level 11_0)
[2026.06.08-07.09.23:885][  0]LogD3D11RHI:       5966/0/8162 MB DedicatedVideo/DedicatedSystem/SharedSystem, Outputs:0, VendorId:0x10de
[2026.06.08-07.09.24:072][  0]LogD3D11RHI:    3. 'NVIDIA GeForce GTX 1660' (Feature Level 11_0)
[2026.06.08-07.09.24:072][  0]LogD3D11RHI:       5966/0/8162 MB DedicatedVideo/DedicatedSystem/SharedSystem, Outputs:0, VendorId:0x10de
[2026.06.08-07.09.24:072][  0]LogD3D11RHI: Chosen D3D11 Adapter:
[2026.06.08-07.09.24:072][  0]LogD3D11RHI:     Description : NVIDIA GeForce GTX 1660
[2026.06.08-07.09.24:072][  0]LogD3D11RHI:     VendorId    : 10de
[2026.06.08-07.09.24:072][  0]LogD3D11RHI:     DeviceId    : 2184
[2026.06.08-07.09.24:072][  0]LogD3D11RHI:     SubSysId    : 155119da
[2026.06.08-07.09.24:072][  0]LogD3D11RHI:     Revision    : 00a1
[2026.06.08-07.09.24:072][  0]LogD3D11RHI:     DedicatedVideoMemory : 6255804416 bytes
[2026.06.08-07.09.24:072][  0]LogD3D11RHI:     DedicatedSystemMemory : 0 bytes
[2026.06.08-07.09.24:072][  0]LogD3D11RHI:     SharedSystemMemory : 8559087616 bytes
[2026.06.08-07.09.24:072][  0]LogD3D11RHI:     AdapterLuid : 0 38844
[2026.06.08-07.09.24:078][  0]LogD3D11RHI: Creating new Direct3DDevice
[2026.06.08-07.09.24:078][  0]LogD3D11RHI:     GPU DeviceId: 0x2184 (for the marketing name, search the web for "GPU Device Id")
[2026.06.08-07.09.24:078][  0]LogWindows: EnumDisplayDevices:
[2026.06.08-07.09.24:078][  0]LogWindows:    0. 'NVIDIA GeForce GTX 1660' (P:1 D:1)
[2026.06.08-07.09.24:079][  0]LogWindows:    1. 'NVIDIA GeForce GTX 1660' (P:0 D:0)
[2026.06.08-07.09.24:080][  0]LogWindows:    2. 'NVIDIA GeForce GTX 1660' (P:0 D:0)
[2026.06.08-07.09.24:080][  0]LogWindows:    3. 'NVIDIA GeForce GTX 1660' (P:0 D:0)
[2026.06.08-07.09.24:081][  0]LogWindows:    4. 'OrayIddDriver Device' (P:0 D:0)
[2026.06.08-07.09.24:082][  0]LogWindows:    5. 'OrayIddDriver Device' (P:0 D:0)
[2026.06.08-07.09.24:082][  0]LogWindows:    6. 'OrayIddDriver Device' (P:0 D:0)
[2026.06.08-07.09.24:083][  0]LogWindows:    7. 'OrayIddDriver Device' (P:0 D:0)
[2026.06.08-07.09.24:083][  0]LogWindows:    8. 'OrayIddDriver Device' (P:0 D:0)
[2026.06.08-07.09.24:084][  0]LogWindows:    9. 'OrayIddDriver Device' (P:0 D:0)
[2026.06.08-07.09.24:085][  0]LogWindows:    10. 'OrayIddDriver Device' (P:0 D:0)
[2026.06.08-07.09.24:085][  0]LogWindows:    11. 'OrayIddDriver Device' (P:0 D:0)
[2026.06.08-07.09.24:086][  0]LogWindows:    12. 'OrayIddDriver Device' (P:0 D:0)
[2026.06.08-07.09.24:087][  0]LogWindows:    13. 'OrayIddDriver Device' (P:0 D:0)
[2026.06.08-07.09.24:087][  0]LogWindows:    14. 'Todesk Virtual Display Adapter' (P:0 D:0)
[2026.06.08-07.09.24:088][  0]LogWindows:    15. 'Todesk Virtual Display Adapter' (P:0 D:0)
[2026.06.08-07.09.24:088][  0]LogWindows:    16. 'Todesk Virtual Display Adapter' (P:0 D:0)
[2026.06.08-07.09.24:089][  0]LogWindows: DebugString: GetVideoDriverDetailsInvalid PrimaryIsNotTheChoosenAdapter GetVideoDriverDetailsInvalid PrimaryIsNotTheChoosenAdapter GetVideoDriverDetailsInvalid PrimaryIsNotTheChoosenAdapter GetVideoDriverDetailsInvalid PrimaryIsNotTheChoosenAdapter GetVideoDriverDetailsInvalid PrimaryIsNotTheChoosenAdapter GetVideoDriverDetailsInvalid PrimaryIsNotTheChoosenAdapter GetVideoDriverDetailsInvalid PrimaryIsNotTheChoosenAdapter GetVideoDriverDetailsInvalid PrimaryIsNotTheChoosenAdapter GetVideoDriverDetailsInvalid PrimaryIsNotTheChoosenAdapter GetVideoDriverDetailsInvalid PrimaryIsNotTheChoosenAdapter GetVideoDriverDetailsInvalid PrimaryIsNotTheChoosenAdapter GetVideoDriverDetailsInvalid PrimaryIsNotTheChoosenAdapter GetVideoDriverDetailsInvalid PrimaryIsNotTheChoosenAdapter FoundDriverCount:4 
[2026.06.08-07.09.24:089][  0]LogD3D11RHI:     Adapter Name: NVIDIA GeForce GTX 1660
[2026.06.08-07.09.24:089][  0]LogD3D11RHI:   Driver Version: 595.79 (internal:32.0.15.9579, unified:595.79)
[2026.06.08-07.09.24:089][  0]LogD3D11RHI:      Driver Date: 3-4-2026
[2026.06.08-07.09.24:089][  0]LogRHI: Texture pool is 4176 MB (70% of 5966 MB)
[2026.06.08-07.09.24:089][  0]LogD3D11RHI: Creating D3DDevice using adapter:
[2026.06.08-07.09.24:090][  0]LogD3D11RHI:     Description : NVIDIA GeForce GTX 1660
[2026.06.08-07.09.24:090][  0]LogD3D11RHI:     VendorId    : 10de
[2026.06.08-07.09.24:090][  0]LogD3D11RHI:     DeviceId    : 2184
[2026.06.08-07.09.24:090][  0]LogD3D11RHI:     SubSysId    : 155119da
[2026.06.08-07.09.24:090][  0]LogD3D11RHI:     Revision    : 00a1
[2026.06.08-07.09.24:090][  0]LogD3D11RHI:     DedicatedVideoMemory : 6255804416 bytes
[2026.06.08-07.09.24:090][  0]LogD3D11RHI:     DedicatedSystemMemory : 0 bytes
[2026.06.08-07.09.24:090][  0]LogD3D11RHI:     SharedSystemMemory : 8559087616 bytes
[2026.06.08-07.09.24:090][  0]LogD3D11RHI:     AdapterLuid : 0 38844
[2026.06.08-07.09.24:330][  0]LogD3D11RHI: RHI has support for 64 bit atomics
[2026.06.08-07.09.24:332][  0]LogD3D11RHI: Async texture creation enabled
[2026.06.08-07.09.24:332][  0]LogD3D11RHI: Array index from any shader is supported
[2026.06.08-07.09.24:376][  0]LogD3D11RHI: GPU Timing Frequency: 1000.000000 (Debug: 2 1)
[2026.06.08-07.09.24:472][  0]LogRHI: GeForceNow SDK initialized: 1
[2026.06.08-07.09.25:114][  0]LogTargetPlatformManager: Display: Loaded TargetPlatform 'AllDesktop'
[2026.06.08-07.09.25:145][  0]LogTargetPlatformManager: Display: Loaded TargetPlatform 'Android'
[2026.06.08-07.09.25:145][  0]LogTargetPlatformManager: Display: Loaded TargetPlatform 'Android_ASTC'
[2026.06.08-07.09.25:145][  0]LogTargetPlatformManager: Display: Loaded TargetPlatform 'Android_DXT'
[2026.06.08-07.09.25:145][  0]LogTargetPlatformManager: Display: Loaded TargetPlatform 'Android_ETC2'
[2026.06.08-07.09.25:145][  0]LogTargetPlatformManager: Display: Loaded TargetPlatform 'AndroidClient'
[2026.06.08-07.09.25:145][  0]LogTargetPlatformManager: Display: Loaded TargetPlatform 'Android_ASTCClient'
[2026.06.08-07.09.25:145][  0]LogTargetPlatformManager: Display: Loaded TargetPlatform 'Android_DXTClient'
[2026.06.08-07.09.25:145][  0]LogTargetPlatformManager: Display: Loaded TargetPlatform 'Android_ETC2Client'
[2026.06.08-07.09.25:145][  0]LogTargetPlatformManager: Display: Loaded TargetPlatform 'Android_Multi'
[2026.06.08-07.09.25:145][  0]LogTargetPlatformManager: Display: Loaded TargetPlatform 'Android_MultiClient'
[2026.06.08-07.09.25:190][  0]LogTargetPlatformManager: Display: Loaded TargetPlatform 'IOSClient'
[2026.06.08-07.09.25:190][  0]LogTargetPlatformManager: Display: Loaded TargetPlatform 'IOS'
[2026.06.08-07.09.25:207][  0]LogTargetPlatformManager: Display: Loaded TargetPlatform 'Linux'
[2026.06.08-07.09.25:216][  0]LogTargetPlatformManager: Display: Loaded TargetPlatform 'LinuxNoEditor'
[2026.06.08-07.09.25:224][  0]LogTargetPlatformManager: Display: Loaded TargetPlatform 'LinuxClient'
[2026.06.08-07.09.25:232][  0]LogTargetPlatformManager: Display: Loaded TargetPlatform 'LinuxServer'
[2026.06.08-07.09.25:251][  0]LogTargetPlatformManager: Display: Loaded TargetPlatform 'LinuxAArch64NoEditor'
[2026.06.08-07.09.25:260][  0]LogTargetPlatformManager: Display: Loaded TargetPlatform 'LinuxAArch64Client'
[2026.06.08-07.09.25:268][  0]LogTargetPlatformManager: Display: Loaded TargetPlatform 'LinuxAArch64Server'
[2026.06.08-07.09.25:306][  0]LogTargetPlatformManager: Display: Loaded TargetPlatform 'Lumin'
[2026.06.08-07.09.25:307][  0]LogTargetPlatformManager: Display: Loaded TargetPlatform 'LuminClient'
[2026.06.08-07.09.25:322][  0]LogTargetPlatformManager: Display: Loaded TargetPlatform 'MacNoEditor'
[2026.06.08-07.09.25:330][  0]LogTargetPlatformManager: Display: Loaded TargetPlatform 'Mac'
[2026.06.08-07.09.25:338][  0]LogTargetPlatformManager: Display: Loaded TargetPlatform 'MacClient'
[2026.06.08-07.09.25:346][  0]LogTargetPlatformManager: Display: Loaded TargetPlatform 'MacServer'
[2026.06.08-07.09.25:363][  0]LogTargetPlatformManager: Display: Loaded TargetPlatform 'TVOSClient'
[2026.06.08-07.09.25:364][  0]LogTargetPlatformManager: Display: Loaded TargetPlatform 'TVOS'
[2026.06.08-07.09.25:379][  0]LogTargetPlatformManager: Display: Loaded TargetPlatform 'WindowsNoEditor'
[2026.06.08-07.09.25:388][  0]LogTargetPlatformManager: Display: Loaded TargetPlatform 'Windows'
[2026.06.08-07.09.25:396][  0]LogTargetPlatformManager: Display: Loaded TargetPlatform 'WindowsClient'
[2026.06.08-07.09.25:405][  0]LogTargetPlatformManager: Display: Loaded TargetPlatform 'WindowsServer'
[2026.06.08-07.09.25:405][  0]LogTargetPlatformManager: Display: Building Assets For Windows
[2026.06.08-07.09.25:426][  0]LogAudioDebug: Display: Lib vorbis DLL was dynamically loaded.
[2026.06.08-07.09.25:531][  0]LogTextureFormatOodle: Display: Oodle Texture 2.9.0 init RDO Off
[2026.06.08-07.09.25:674][  0]LogRendererCore: Ray tracing is disabled. Reason: r.RayTracing=0.
[2026.06.08-07.09.25:675][  0]LogShaderCompilers: Guid format shader working directory is -11 characters bigger than the processId version (../../../../../../Users/Administrator/Downloads/process/ZJJD-Vol1/Intermediate/Shaders/WorkingDirectory/1908/).
[2026.06.08-07.09.25:676][  0]LogShaderCompilers: Cleaned the shader compiler working directory 'C:/Users/Administrator/AppData/Local/Temp/UnrealShaderWorkingDir/64ABAD3840FE7413EC6549B956CBB5B5/'.
[2026.06.08-07.09.25:677][  0]LogXGEController: Cannot use XGE Controller as Incredibuild is not installed on this machine.
[2026.06.08-07.09.25:677][  0]LogShaderCompilers: Cannot use XGE Shader Compiler as Incredibuild is not installed on this machine.
[2026.06.08-07.09.25:677][  0]LogShaderCompilers: Display: Using Local Shader Compiler.
[2026.06.08-07.09.26:825][  0]LogDerivedDataCache: Display: Max Cache Size: 512 MB
[2026.06.08-07.09.27:148][  0]LogDerivedDataCache: Loaded boot cache 0.32s 94MB C:/Users/Administrator/AppData/Local/UnrealEngine/4.27/DerivedDataCache/Boot.ddc.
[2026.06.08-07.09.27:148][  0]LogDerivedDataCache: Display: Loaded Boot cache: C:/Users/Administrator/AppData/Local/UnrealEngine/4.27/DerivedDataCache/Boot.ddc
[2026.06.08-07.09.27:149][  0]LogDerivedDataCache: FDerivedDataBackendGraph:  Pak pak cache file ../../../../../../Users/Administrator/Downloads/process/ZJJD-Vol1/DerivedDataCache/DDC.ddp not found, will not use a pak cache.
[2026.06.08-07.09.27:149][  0]LogDerivedDataCache: Unable to find inner node Pak for hierarchical cache Hierarchy.
[2026.06.08-07.09.27:149][  0]LogDerivedDataCache: FDerivedDataBackendGraph:  CompressedPak pak cache file ../../../../../../Users/Administrator/Downloads/process/ZJJD-Vol1/DerivedDataCache/Compressed.ddp not found, will not use a pak cache.
[2026.06.08-07.09.27:149][  0]LogDerivedDataCache: Unable to find inner node CompressedPak for hierarchical cache Hierarchy.
[2026.06.08-07.09.27:169][  0]LogDerivedDataCache: Display: Pak cache opened for reading ../../../Engine/DerivedDataCache/Compressed.ddp.
[2026.06.08-07.09.27:169][  0]LogDerivedDataCache: FDerivedDataBackendGraph:  EnterprisePak pak cache file ../../../Enterprise/DerivedDataCache/Compressed.ddp not found, will not use a pak cache.
[2026.06.08-07.09.27:169][  0]LogDerivedDataCache: Unable to find inner node EnterprisePak for hierarchical cache Hierarchy.
[2026.06.08-07.09.27:194][  0]LogDerivedDataCache: Speed tests for C:/Users/Administrator/AppData/Local/UnrealEngine/Common/DerivedDataCache took 0.02 seconds
[2026.06.08-07.09.27:194][  0]LogDerivedDataCache: Display: Performance to C:/Users/Administrator/AppData/Local/UnrealEngine/Common/DerivedDataCache: Latency=0.13ms. RandomReadSpeed=59.44MBs, RandomWriteSpeed=133.22MBs. Assigned SpeedClass 'Local'
[2026.06.08-07.09.27:194][  0]LogDerivedDataCache: Using Local data cache path C:/Users/Administrator/AppData/Local/UnrealEngine/Common/DerivedDataCache: Writable
[2026.06.08-07.09.27:195][  0]LogDerivedDataCache: Shared data cache path not found in *engine.ini, will not use an Shared cache.
[2026.06.08-07.09.27:195][  0]LogDerivedDataCache: Unable to find inner node Shared for hierarchical cache Hierarchy.
[2026.06.08-07.09.27:267][  0]LogSlate: Using FreeType 2.10.0
[2026.06.08-07.09.27:269][  0]LogSlate: SlateFontServices - WITH_FREETYPE: 1, WITH_HARFBUZZ: 1
[2026.06.08-07.09.27:324][  0]LogAssetRegistry: FAssetRegistry took 0.0051 seconds to start up
[2026.06.08-07.09.27:825][  0]LogInit: Selected Device Profile: [Windows]
[2026.06.08-07.09.27:825][  0]LogInit: Active device profile: [00000259B5ACAE00][00000259B3FC0A80 49] Windows
[2026.06.08-07.09.27:825][  0]LogInit: Profiles: [00000259B5ACAE00][00000259B3FC0A80 49] Windows, [00000259B5A77100][00000259B3FC8C00 49] WindowsNoEditor, [00000259B5ACB900][00000259B3FCCD80 49] WindowsServer, [00000259B5A74700][00000259B3FD0F00 49] WindowsClient, [00000259B5AC8600][00000259B3FD5080 49] IOS, [00000259B5A75500][00000259B3FD9200 49] iPadAir, [00000259B5AC9500][00000259B3FDD380 49] iPadAir2, [00000259B5A26500][00000259B62CF640 49] IPadPro, [00000259B5A26600][00000259B62CB680 49] iPadAir3, [00000259B5ACA400][00000259B62D3800 49] iPadAir4, [00000259B5A27600][00000259B62D7980 49] iPadMini2, [00000259B5AC9800][00000259B62DBB00 49] iPadMini3, [00000259B5A26F00][00000259B62DE100 49] iPadMini4, [00000259B5ACBE00][00000259B62E2280 49] iPadMini5, [00000259B5A69E00][00000259B62E64C0 49] iPhone6, [00000259B5A69F00][00000259B3FC4500 49] iPodTouch6, [00000259B5A24C00][00000259B62EE740 49] iPhone7, [00000259B5A25000][00000259B62EA780 49] iPodTouch7, [00000259B5A6AE00][00000259B62F6900 49] iPhone5S, [00000259B5A24500][00000259B62FAA80 49] iPhone6Plus, [00000259B5A68F00][00000259B62FEC00 49] iPhone6S, [00000259B5A26200][00000259B6302D80 49] iPhone6SPlus, [00000259B5A68B00][00000259B6306F00 49] iPhone7Plus, [00000259B5A27300][00000259B630B080 49] iPhoneSE, [00000259B5A69100][00000259B630F200 49] iPhone8, [00000259B5A25300][00000259B6313380 49] iPhone8Plus, [00000259B5A6B200][00000259B6317500 49] iPhoneX, [00000259B5A25500][00000259B631B680 49] iPhoneXS, [00000259B5A68E00][00000259B631F800 49] iPhoneXSMax, [00000259B5A24700][00000259B6323980 49] iPhoneXR, [00000259B5A6A100][00000259B6327B00 49] iPhone11, [00000259B5A26D00][00000259B632A100 49] iPhone11Pro, [00000259B5A69D00][00000259B632E280 49] iPhone11ProMax, [00000259B5A24B00][00000259B6332400 49] iPhoneSE2, [00000259B5A69B00][00000259B6336580 49] iPhone12Mini, [00000259B5A26900][00000259B62F26C0 49] iPhone12, [00000259B5A68C00][00000259B633A800 49] iPhone12Pro, [00000259B5A26A00][00000259B633E940 49] iPhone12ProMax, [00000259B5A6B800][00000259B6346AC0 49] iPadPro105, [00000259B5A25100][00000259B634AC40 49] iPadPro129, [00000259B5A69A00][00000259B634EDC0 49] iPadPro97, [00000259B5A24A00][00000259B6352F40 49] iPadPro2_129, [00000259B5A6AD00][00000259B63570C0 49] iPad5, [00000259B5A26400][00000259B635B240 49] iPad6, [00000259B5A6B600][00000259B635F3C0 49] iPad7, [00000259B5A27B00][00000259B6363540 49] iPad8, [00000259B5A6B000][00000259B63676C0 49] iPadPro11, [00000259B5A25400][00000259B636B840 49] iPadPro2_11, [00000259B5A74200][00000259B636F9C0 49] iPadPro3_129, [00000259B5B04D00][00000259B6373B40 49] iPadPro4_129, [00000259B5A76800][00000259B6376140 49] AppleTV, [00000259B5B04700][00000259B637A2C0 49] AppleTV4K, [00000259B5A77400][00000259B637E440 49] TVOS, [00000259B5B05800][00000259B63825C0 49] Mac, [00000259B5A75300][00000259B6386740 49] MacClient, [00000259B5B05500][00000259B6342880 49] MacNoEditor, [00000259B5A76C00][00000259B638A9C0 49] MacServer, [00000259B5B04E00][00000259B638EB00 49] Linux, [00000259B5A77B00][00000259B6392C40 49] LinuxAArch64, [00000259B5B04100][00000259B639ADC0 49] LinuxNoEditor, [00000259B5A75200][00000259B639EF40 49] LinuxAArch64NoEditor, [00000259B5B04F00][00000259B63A30C0 49] LinuxClient, [00000259B5A75F00][00000259B63A7240 49] LinuxAArch64Client, [00000259B5B04900][00000259B63AB3C0 49] LinuxServer, [00000259B5A76600][00000259B63AF540 49] LinuxAArch64Server, [00000259B5B05A00][00000259B63B36C0 49] Android, [00000259B5A27C00][00000259B63B7840 49] Android_Low, [00000259B5A6AA00][00000259B63BB9C0 49] Android_Mid, [00000259B5A26300][00000259B63BFB40 49] Android_High, [00000259B5A6B500][00000259B63C2140 49] Android_Default, [00000259B5A27F00][00000259B63C62C0 49] Android_Adreno4xx, [00000259B5A6A700][00000259B63CA440 49] Android_Adreno5xx_Low, [00000259B5A25A00][00000259B63CE5C0 49] Android_Adreno5xx, [00000259B5B06300][00000259B63D2740 49] Android_Adreno6xx, [00000259B5A26C00][00000259B63D68C0 49] Android_Adreno6xx_Vulkan, [00000259B5B06500][00000259B6396A00 49] Android_Mali_T6xx, [00000259B5A24100][00000259B63DAB40 49] Android_Mali_T7xx, [00000259B5B06400][00000259B63DEC80 49] Android_Mali_T8xx, [00000259B5A25700][00000259B63E2DC0 49] Android_Mali_G71, [00000259B5B06900][00000259B63EAF40 49] Android_Mali_G72, [00000259B5A24400][00000259A60010C0 49] Android_Mali_G72_Vulkan, [00000259B5B04300][00000259A6005240 49] Android_Mali_G76, [00000259B5A25E00][00000259A60093C0 49] Android_Mali_G76_Vulkan, [00000259B5B04800][00000259A600D540 49] Android_Mali_G77, [00000259B5A24F00][00000259A60116C0 49] Android_Mali_G77_Vulkan, [00000259B5B05600][00000259A6015840 49] Android_Mali_G78, [00000259B5A24600][00000259A60199C0 49] Android_Mali_G78_Vulkan, [00000259B5A6AF00][00000259A601DB40 49] Android_Mali_G710, [00000259B5A26B00][00000259A6020140 49] Android_Mali_G710_Vulkan, [00000259B5A6BE00][00000259A60242C0 49] Android_Vulkan_SM5, [00000259B5A27E00][00000259A6028440 49] Android_PowerVR_G6xxx, [00000259B5A6A800][00000259A602C5C0 49] Android_PowerVR_GT7xxx, [00000259B5A27D00][00000259A6030740 49] Android_PowerVR_GE8xxx, [00000259B5A6B300][00000259A60348C0 49] Android_PowerVR_GM9xxx, [00000259B5A26100][00000259A6038A40 49] Android_PowerVR_GM9xxx_Vulkan, [00000259B5A69000][00000259A603CBC0 49] Android_TegraK1, [00000259B5A27500][00000259B63E6D00 49] Android_Unknown_Vulkan, [00000259B5A6AB00][00000259A6040E40 49] Lumin, [00000259B5A25800][00000259A6044F80 49] Lumin_Desktop, [00000259B5A6B400][00000259A604D100 49] HoloLens, 
[2026.06.08-07.09.28:097][  0]LogMeshReduction: Using QuadricMeshReduction for automatic static mesh reduction
[2026.06.08-07.09.28:097][  0]LogMeshReduction: Using SimplygonMeshReduction for automatic skeletal mesh reduction
[2026.06.08-07.09.28:097][  0]LogMeshReduction: Using ProxyLODMeshReduction for automatic mesh merging
[2026.06.08-07.09.28:097][  0]LogMeshReduction: No distributed automatic mesh merging module available
[2026.06.08-07.09.28:097][  0]LogMeshMerging: No distributed automatic mesh merging module available
[2026.06.08-07.09.28:138][  0]LogNetVersion: HotelRoom 1.0.0, NetCL: 17155196, EngineNetVer: 17, GameNetVer: 0 (Checksum: 1033397592)
[2026.06.08-07.09.29:075][  0]LogTexture: Default maximum texture size for cubemaps generated from long-lat sources has been changed from 512 to unlimited. In order to preserve old behaiour for '/Engine/MapTemplates/Sky/DaylightAmbientCubemap.DaylightAmbientCubemap', its maximum texture size has been explicitly set to 512.
[2026.06.08-07.09.29:255][  0]LogHMD: PokeAHoleMaterial loaded successfully
[2026.06.08-07.09.29:263][  0]LogUObjectArray: 18050 objects as part of root set at end of initial load.
[2026.06.08-07.09.29:263][  0]LogUObjectAllocator: 4611168 out of 0 bytes used by permanent object pool.
[2026.06.08-07.09.29:263][  0]LogUObjectArray: CloseDisregardForGC: 0/0 objects in disregard for GC pool
[2026.06.08-07.09.30:036][  0]LogPython: Using Python 3.7.7
[2026.06.08-07.09.30:708][  0]LogNiagaraDebuggerClient: Niagara Debugger Client Initialized | Session: C333AC884871622320A6DD97AF261868 | Instance: EA7DAB54414F02488D5E00B4C552663D (备用机-1908).
[2026.06.08-07.09.31:091][  0]LogUdpMessaging: Initializing bridge on interface 0.0.0.0:0 to multicast group 230.0.0.1:6666.
[2026.06.08-07.09.31:103][  0]LogTcpMessaging: Initializing TcpMessaging bridge
[2026.06.08-07.09.31:682][  0]LogTexture: Default maximum texture size for cubemaps generated from long-lat sources has been changed from 512 to unlimited. In order to preserve old behaiour for '/Engine/EditorMaterials/AssetViewer/EpicQuadPanorama_CC+EV1.EpicQuadPanorama_CC+EV1', its maximum texture size has been explicitly set to 512.
[2026.06.08-07.09.32:613][  0]SourceControl: 源码管理已禁用
[2026.06.08-07.09.32:618][  0]SourceControl: 源码管理已禁用
[2026.06.08-07.09.32:638][  0]SourceControl: 源码管理已禁用
[2026.06.08-07.09.32:644][  0]SourceControl: 源码管理已禁用
[2026.06.08-07.09.32:660][  0]SourceControl: 源码管理已禁用
[2026.06.08-07.09.32:757][  0]LogUProjectInfo: Found projects:
[2026.06.08-07.09.32:759][  0]LogVSAccessor: Display: Unable to create Visual Studio setup instance: 80040154
[2026.06.08-07.09.32:760][  0]LogVSAccessor: Display: Unable to create Visual Studio setup instance: 80040154
[2026.06.08-07.09.32:760][  0]LogVSAccessor: Display: Unable to create Visual Studio setup instance: 80040154
[2026.06.08-07.09.33:077][  0]LogOpenImageDenoise: OIDN starting up
[2026.06.08-07.09.33:226][  0]LogAndroidPermission: UAndroidPermissionCallbackProxy::GetInstance
[2026.06.08-07.09.33:279][  0]LogAudioCaptureCore: Display: No Audio Capture implementations found. Audio input will be silent.
[2026.06.08-07.09.33:279][  0]LogAudioCaptureCore: Display: No Audio Capture implementations found. Audio input will be silent.
[2026.06.08-07.09.33:552][  0]LogCollectionManager: Loaded 0 collections in 0.000942 seconds
[2026.06.08-07.09.33:610][  0]LogFileCache: Scanning file cache for directory 'C:/Users/Administrator/Downloads/process/ZJJD-Vol1/Saved/Collections/' took 0.00s
[2026.06.08-07.09.33:610][  0]LogFileCache: Scanning file cache for directory 'C:/Users/Administrator/Downloads/process/ZJJD-Vol1/Content/Developers/Administrator/Collections/' took 0.00s
[2026.06.08-07.09.33:610][  0]LogFileCache: Scanning file cache for directory 'C:/Users/Administrator/Downloads/process/ZJJD-Vol1/Content/Collections/' took 0.00s
[2026.06.08-07.09.33:610][  0]LogOcInput: OculusInput pre-init called
[2026.06.08-07.09.34:026][  0]LogClass: Display: IntProperty FPhysicsConvexData::NumVertices is not initialized properly. Module:MeshModelingTools File:Public/Physics/CollisionPropertySets.h
[2026.06.08-07.09.34:026][  0]LogClass: Display: IntProperty FPhysicsConvexData::NumFaces is not initialized properly. Module:MeshModelingTools File:Public/Physics/CollisionPropertySets.h
[2026.06.08-07.09.34:026][  0]LogClass: Display: FloatProperty FPhysicsCapsuleData::Radius is not initialized properly. Module:MeshModelingTools File:Public/Physics/CollisionPropertySets.h
[2026.06.08-07.09.34:026][  0]LogClass: Display: FloatProperty FPhysicsCapsuleData::Length is not initialized properly. Module:MeshModelingTools File:Public/Physics/CollisionPropertySets.h
[2026.06.08-07.09.34:026][  0]LogClass: Display: StructProperty FPhysicsBoxData::Dimensions is not initialized properly. Module:MeshModelingTools File:Public/Physics/CollisionPropertySets.h
[2026.06.08-07.09.34:026][  0]LogClass: Display: FloatProperty FPhysicsSphereData::Radius is not initialized properly. Module:MeshModelingTools File:Public/Physics/CollisionPropertySets.h
[2026.06.08-07.09.34:026][  0]LogClass: Display: EnumProperty FLODLevelGenerateSettings::TargetMode is not initialized properly. Module:MeshModelingToolsEditorOnly File:Public/GenerateLODMeshesTool.h
[2026.06.08-07.09.34:026][  0]LogClass: Display: IntProperty FLODLevelGenerateSettings::TargetPercentage is not initialized properly. Module:MeshModelingToolsEditorOnly File:Public/GenerateLODMeshesTool.h
[2026.06.08-07.09.34:026][  0]LogClass: Display: IntProperty FLODLevelGenerateSettings::TargetCount is not initialized properly. Module:MeshModelingToolsEditorOnly File:Public/GenerateLODMeshesTool.h
[2026.06.08-07.09.34:027][  0]LogClass: Display: 9 Uninitialized script struct members found including 0 object properties
[2026.06.08-07.09.34:029][  0]LogEngine: Initializing Engine...
[2026.06.08-07.09.34:038][  0]LogHMD: Failed to enumerate extensions. Please check that you have a valid OpenXR runtime installed.
[2026.06.08-07.09.34:039][  0]LogHMD: Failed to initialize OpenVR with code 110
[2026.06.08-07.09.34:039][  0]LogMagicLeap: Warning: VR disabled because ZI is not enabled.  To enable, in the editor, Edit -> Project Settings -> Plugins -> Magic Leap Plugin -> Enable Zero Iteration
[2026.06.08-07.09.34:040][  0]LogStylusInput: Initializing StylusInput subsystem.
[2026.06.08-07.09.34:048][  0]LogStats: UGameplayTagsManager::InitializeManager -  0.002 s
[2026.06.08-07.09.34:328][  0]LogInit: Initializing FReadOnlyCVARCache
[2026.06.08-07.09.34:351][  0]LogAIModule: Creating AISystem for world Untitled
[2026.06.08-07.09.34:352][  0]LogAudio: Display: Initializing Audio Device Manager...
[2026.06.08-07.09.34:360][  0]LogAudio: Display: Loading Default Audio Settings Objects...
[2026.06.08-07.09.34:362][  0]LogAudio: Display: No default SoundConcurrencyObject specified (or failed to load).
[2026.06.08-07.09.34:364][  0]LogAudio: Display: Audio Device Manager Initialized
[2026.06.08-07.09.34:364][  0]LogAudio: Display: Creating Audio Device:                 Id: 1, Scope: Shared, Realtime: True
[2026.06.08-07.09.34:364][  0]LogAudioMixer: Display: Audio Mixer Platform Settings:
[2026.06.08-07.09.34:364][  0]LogAudioMixer: Display: 	Sample Rate:						  48000
[2026.06.08-07.09.34:364][  0]LogAudioMixer: Display: 	Callback Buffer Frame Size Requested: 1024
[2026.06.08-07.09.34:364][  0]LogAudioMixer: Display: 	Callback Buffer Frame Size To Use:	  1024
[2026.06.08-07.09.34:364][  0]LogAudioMixer: Display: 	Number of buffers to queue:			  2
[2026.06.08-07.09.34:364][  0]LogAudioMixer: Display: 	Max Channels (voices):				  32
[2026.06.08-07.09.34:364][  0]LogAudioMixer: Display: 	Number of Async Source Workers:		  0
[2026.06.08-07.09.34:364][  0]LogAudio: Display: AudioDevice MaxSources: 32
[2026.06.08-07.09.34:365][  0]LogAudio: Display: Audio Spatialization Plugin: None (built-in).
[2026.06.08-07.09.34:365][  0]LogAudio: Display: Audio Reverb Plugin: None (built-in).
[2026.06.08-07.09.34:365][  0]LogAudio: Display: Audio Occlusion Plugin: None (built-in).
[2026.06.08-07.09.34:365][  0]LogAudioMixer: Display: Initializing audio mixer.
[2026.06.08-07.09.34:402][  0]LogAudioMixer: Display: 0: FrontLeft
[2026.06.08-07.09.34:402][  0]LogAudioMixer: Display: 1: FrontRight
[2026.06.08-07.09.34:432][  0]LogAudioMixer: Display: Using Audio Device 2270W (NVIDIA High Definition Audio)
[2026.06.08-07.09.34:436][  0]LogAudioMixer: Display: Initializing Sound Submixes...
[2026.06.08-07.09.34:440][  0]LogAudioMixer: Display: Creating Master Submix 'MasterSubmixDefault'
[2026.06.08-07.09.34:441][  0]LogAudioMixer: Display: Creating Master Submix 'MasterReverbSubmixDefault'
[2026.06.08-07.09.34:442][  0]LogAudioMixer: Display: Creating Master Submix 'MasterEQSubmixDefault'
[2026.06.08-07.09.34:443][  0]LogAudioMixer: FMixerPlatformXAudio2::StartAudioStream() called
[2026.06.08-07.09.34:443][  0]LogAudioMixer: Display: Output buffers initialized: Frames=1024, Channels=2, Samples=2048
[2026.06.08-07.09.34:444][  0]LogAudioMixer: Display: Starting AudioMixerPlatformInterface::RunInternal()
[2026.06.08-07.09.34:444][  0]LogAudioMixer: Display: FMixerPlatformXAudio2::SubmitBuffer() called for the first time
[2026.06.08-07.09.34:444][  0]LogInit: FAudioDevice initialized.
[2026.06.08-07.09.34:444][  0]LogAudio: Display: Audio Device (ID: 1) registered with world 'Untitled'.
[2026.06.08-07.09.34:444][  0]LogNetVersion: Set ProjectVersion to 1.0.0.0. Version Checksum will be recalculated on next use.
[2026.06.08-07.09.34:632][  0]LogDerivedDataCache: Saved boot cache 0.19s 130MB C:/Users/Administrator/AppData/Local/UnrealEngine/4.27/DerivedDataCache/Boot.ddc.
[2026.06.08-07.09.34:635][  0]LogInit: Texture streaming: Enabled
[2026.06.08-07.09.34:665][  0]LogAnalytics: Display: [UEEditor.Rocket.Release] APIServer = https://datarouter.ol.epicgames.com/. AppVersion = 4.27.2-18319896+++UE4+Release-4.27
[2026.06.08-07.09.34:673][  0]LogEngineSessionManager: EngineSessionManager initialized
[2026.06.08-07.09.34:673][  0]LogEditorSessionSummary: Verbose: Initializing EditorSessionSummaryWriter for editor session tracking
[2026.06.08-07.09.34:677][  0]LogEditorSessionSummary: EditorSessionSummaryWriter initialized
[2026.06.08-07.09.34:711][  0]LogInit: Transaction tracking system initialized
[2026.06.08-07.09.34:773][  0]BlueprintLog: New page: 编辑器加载
[2026.06.08-07.09.34:938][  0]LocalizationService: 本地化服务已禁用
[2026.06.08-07.09.35:008][  0]TimingProfiler: Initialize
[2026.06.08-07.09.35:009][  0]TimingProfiler: OnSessionChanged
[2026.06.08-07.09.35:009][  0]LoadingProfiler: Initialize
[2026.06.08-07.09.35:009][  0]LoadingProfiler: OnSessionChanged
[2026.06.08-07.09.35:009][  0]NetworkingProfiler: Initialize
[2026.06.08-07.09.35:009][  0]NetworkingProfiler: OnSessionChanged
[2026.06.08-07.09.35:009][  0]MemoryProfiler: Initialize
[2026.06.08-07.09.35:009][  0]MemoryProfiler: OnSessionChanged
[2026.06.08-07.09.35:150][  0]LogVSAccessor: Display: Unable to create Visual Studio setup instance: 80040154
[2026.06.08-07.09.35:150][  0]LogVSAccessor: Display: Unable to create Visual Studio setup instance: 80040154
[2026.06.08-07.09.35:151][  0]LogVSAccessor: Display: Unable to create Visual Studio setup instance: 80040154
[2026.06.08-07.09.35:351][  0]LogFileCache: Scanning file cache for directory 'C:/Users/Administrator/Downloads/process/ZJJD-Vol1/Content/' took 0.00s
[2026.06.08-07.09.35:351][  0]LogCook: Display: CookSettings for Memory: MemoryMaxUsedVirtual 0MiB, MemoryMaxUsedPhysical 16384MiB, MemoryMinFreeVirtual 0MiB, MemoryMinFreePhysical 1024MiB
[2026.06.08-07.09.35:351][  0]LogCook: Display: Mobile HDR setting 1
[2026.06.08-07.09.36:102][  0]LogInit: Display: Engine is initialized. Leaving FEngineLoop::Init()
[2026.06.08-07.09.36:110][  0]SourceControl: 源码管理已禁用
[2026.06.08-07.09.36:110][  0]LogUnrealEdMisc: Loading editor; pre map load, took 17.313
[2026.06.08-07.09.36:111][  0]Cmd: MAP LOAD FILE="../../../../../../Users/Administrator/Downloads/process/ZJJD-Vol1/Content/HotelRoom/Map/model.umap" TEMPLATE=0 SHOWPROGRESS=1 FEATURELEVEL=3
[2026.06.08-07.09.36:112][  0]LightingResults: New page: 光照构建
[2026.06.08-07.09.36:115][  0]LogWorld: UWorld::CleanupWorld for Untitled, bSessionEnded=true, bCleanupResources=true
[2026.06.08-07.09.36:115][  0]LogSlate: InvalidateAllWidgets triggered.  All widgets were invalidated
[2026.06.08-07.09.36:115][  0]MapCheck: New page: 地图检测
[2026.06.08-07.09.36:115][  0]LightingResults: New page: 光照构建
[2026.06.08-07.09.36:123][  0]LogAudio: Display: Audio Device unregistered from world 'None'.
[2026.06.08-07.09.36:126][  0]LogUObjectHash: Compacting FUObjectHashTables data took   1.06ms
[2026.06.08-07.09.41:269][  0]LogMaterial: Display: Missing cached shadermap for M_Mode in PCD3D_SM5, Default, SM5 (DDC key hash: 4E34C026CB1F98CE88C1C2B7734D94A34C7D69D2), compiling. 
[2026.06.08-07.09.41:352][  0]LogShaderCompilers: Display: Submitted 25 shader compile jobs with 'Low' priority
[2026.06.08-07.09.41:354][  0]LogMaterial: Display: Missing cached shadermap for MI_PaintingPacks_02 in PCD3D_SM5, Default, SM5 (DDC key hash: 00C9D64B4E7103E00455C72AC5F3FA9DB765496F), compiling. 
[2026.06.08-07.09.41:380][  0]LogShaderCompilers: Display: Worker (1/5): shaders left to compile 25
[2026.06.08-07.09.41:380][  0]LogShaderCompilers: Display: Worker (2/5): shaders left to compile 19
[2026.06.08-07.09.41:380][  0]LogShaderCompilers: Display: Worker (3/5): shaders left to compile 13
[2026.06.08-07.09.41:380][  0]LogShaderCompilers: Display: Worker (4/5): shaders left to compile 7
[2026.06.08-07.09.41:380][  0]LogShaderCompilers: Display: Worker (5/5): shaders left to compile 1
[2026.06.08-07.09.41:380][  0]LogShaderCompilers: Display: Started 25 'Local' shader compile jobs with 'Low' priority
[2026.06.08-07.09.41:380][  0]LogShaderCompilers: Display: Submitted 25 shader compile jobs with 'Low' priority
[2026.06.08-07.09.41:382][  0]LogMaterial: Display: Missing cached shadermap for MI_PaintingPack in PCD3D_SM5, Default, SM5 (DDC key hash: 743E43FA26A90B2B9D1FD5743DFC2F0B3221DF0F), compiling. 
[2026.06.08-07.09.41:410][  0]LogShaderCompilers: Display: Submitted 25 shader compile jobs with 'Low' priority
[2026.06.08-07.09.41:847][  0]LogMaterial: Display: Missing cached shadermap for MI_Deco_01 in PCD3D_SM5, Default, SM5 (DDC key hash: FE9D49818246189DDFD9041F78107C0A6A6143B8), compiling. 
[2026.06.08-07.09.41:877][  0]LogShaderCompilers: Display: Submitted 25 shader compile jobs with 'Low' priority
[2026.06.08-07.09.50:893][  0]LogShaderCompilers: Display: Worker (5/5): shaders left to compile 75
[2026.06.08-07.09.50:893][  0]LogShaderCompilers: Display: Started 10 'Local' shader compile jobs with 'Low' priority
[2026.06.08-07.09.50:893][  0]LogShaderCompilers: Display: Worker (1/5): shaders left to compile 65
[2026.06.08-07.09.50:893][  0]LogShaderCompilers: Display: Started 10 'Local' shader compile jobs with 'Low' priority
[2026.06.08-07.09.50:893][  0]LogShaderCompilers: Display: Worker (4/5): shaders left to compile 55
[2026.06.08-07.09.50:893][  0]LogShaderCompilers: Display: Started 10 'Local' shader compile jobs with 'Low' priority
[2026.06.08-07.09.50:893][  0]LogShaderCompilers: Display: Worker (2/5): shaders left to compile 45
[2026.06.08-07.09.50:893][  0]LogShaderCompilers: Display: Started 10 'Local' shader compile jobs with 'Low' priority
[2026.06.08-07.09.50:893][  0]LogMaterial: Display: Missing cached shadermap for MI_BathWare_17 in PCD3D_SM5, Default, SM5 (DDC key hash: E7BF40D7B4CDA397DD1E18AF22AE1162567382A8), compiling. 
[2026.06.08-07.09.51:033][  0]LogShaderCompilers: Display: Worker (3/5): shaders left to compile 35
[2026.06.08-07.09.51:033][  0]LogShaderCompilers: Display: Started 8 'Local' shader compile jobs with 'Low' priority
[2026.06.08-07.09.51:033][  0]LogShaderCompilers: Display: Submitted 46 shader compile jobs with 'Low' priority
[2026.06.08-07.09.51:037][  0]LogMaterial: Display: Missing cached shadermap for MI_Rec_08 in PCD3D_SM5, Default, SM5 (DDC key hash: A1FCB4B8D6A11ADCB0B75C00AE62E2AABA475058), compiling. 
[2026.06.08-07.09.51:072][  0]LogShaderCompilers: Display: Submitted 25 shader compile jobs with 'Low' priority
[2026.06.08-07.09.51:358][  0]LogMaterial: Display: Missing cached shadermap for MI_BathWare_31 in PCD3D_SM5, Default, SM5 (DDC key hash: 0DBABF5EDD1B53925E6E6B1EC6B957F94B474568), compiling. 
[2026.06.08-07.09.51:433][  0]LogShaderCompilers: Display: Submitted 46 shader compile jobs with 'Low' priority
[2026.06.08-07.09.51:437][  0]LogMaterial: Display: Missing cached shadermap for MI_BathWare_34 in PCD3D_SM5, Default, SM5 (DDC key hash: E6D7128C8B69FFA729E783C044D586EC046C117F), compiling. 
[2026.06.08-07.09.51:511][  0]LogShaderCompilers: Display: Submitted 46 shader compile jobs with 'Low' priority
[2026.06.08-07.09.51:716][  0]LogAudio: Display: Audio Device (ID: 1) registered with world 'model'.
[2026.06.08-07.09.51:718][  0]LogAIModule: Creating AISystem for world model
[2026.06.08-07.09.51:777][  0]LogEditorServer: Finished looking for orphan Actors (0.000 secs)
[2026.06.08-07.09.51:793][  0]LogUObjectHash: Compacting FUObjectHashTables data took   3.21ms
[2026.06.08-07.09.51:797][  0]Cmd: MAP CHECKDEP NOCLEARLOG
[2026.06.08-07.09.51:798][  0]MapCheck: 地图检测完成：0个错误、0个警告、完成用时1.104毫秒。
[2026.06.08-07.09.51:799][  0]LogFileHelpers: Loading map 'model' took 15.688
[2026.06.08-07.09.51:814][  0]LogUnrealEdMisc: Total Editor Startup Time, took 33.016
[2026.06.08-07.09.51:924][  0]LogWindowsTextInputMethodSystem: Display: IME system activated using TSF (微软拼音).
[2026.06.08-07.09.52:019][  0]LogSlate: Updating window title bar state: overlay mode, drag disabled, window buttons hidden, title bar hidden
[2026.06.08-07.09.52:033][  0]LogSlate: Updating window title bar state: overlay mode, drag disabled, window buttons hidden, title bar hidden
[2026.06.08-07.09.52:047][  0]LogSlate: Updating window title bar state: overlay mode, drag disabled, window buttons hidden, title bar hidden
[2026.06.08-07.09.52:063][  0]LogSlate: Updating window title bar state: overlay mode, drag disabled, window buttons hidden, title bar hidden
[2026.06.08-07.09.52:098][  0]LogNativeClassHierarchy: Verbose: Native class hierarchy populated in 0.0213 seconds. Added 4410 classes and 1014 folders.
[2026.06.08-07.09.52:106][  0]LogNativeClassHierarchy: Verbose: Native class hierarchy updated for 'WidgetCarousel' in 0.0007 seconds. Added 0 classes and 0 folders.
[2026.06.08-07.09.52:112][  0]LogPakFile: PakFile PrimaryIndexSize=187
[2026.06.08-07.09.52:112][  0]LogPakFile: PakFile PathHashIndexSize=101
[2026.06.08-07.09.52:112][  0]LogPakFile: PakFile FullDirectoryIndexSize=148
[2026.06.08-07.09.52:112][  0]LogShaderLibrary: Display: ShaderCodeLibraryPakFileMountedCallback: PakFile 'C:/Program Files/Epic Games/UE_4.27/FeaturePacks/FP_FirstPerson.upack' (chunk index -1, root 'root:/') mounted
[2026.06.08-07.09.52:112][  0]LogShaderLibrary: Display: ShaderCodeLibraryPakFileMountedCallback: pending pak file info (ChunkID:-1 Root:root:/ File:C:/Program Files/Epic Games/UE_4.27/FeaturePacks/FP_FirstPerson.upack)
[2026.06.08-07.09.52:112][  0]LogPakFile: OnPakFileMounted2Time == 0.000148
[2026.06.08-07.09.52:117][  0]LogPakFile: PakFile PrimaryIndexSize=189
[2026.06.08-07.09.52:117][  0]LogPakFile: PakFile PathHashIndexSize=101
[2026.06.08-07.09.52:117][  0]LogPakFile: PakFile FullDirectoryIndexSize=152
[2026.06.08-07.09.52:117][  0]LogShaderLibrary: Display: ShaderCodeLibraryPakFileMountedCallback: PakFile 'C:/Program Files/Epic Games/UE_4.27/FeaturePacks/FP_FirstPersonBP.upack' (chunk index -1, root 'root:/') mounted
[2026.06.08-07.09.52:117][  0]LogShaderLibrary: Display: ShaderCodeLibraryPakFileMountedCallback: pending pak file info (ChunkID:-1 Root:root:/ File:C:/Program Files/Epic Games/UE_4.27/FeaturePacks/FP_FirstPersonBP.upack)
[2026.06.08-07.09.52:117][  0]LogPakFile: OnPakFileMounted2Time == 0.000073
[2026.06.08-07.09.52:120][  0]LogPakFile: PakFile PrimaryIndexSize=191
[2026.06.08-07.09.52:120][  0]LogPakFile: PakFile PathHashIndexSize=101
[2026.06.08-07.09.52:120][  0]LogPakFile: PakFile FullDirectoryIndexSize=160
[2026.06.08-07.09.52:120][  0]LogShaderLibrary: Display: ShaderCodeLibraryPakFileMountedCallback: PakFile 'C:/Program Files/Epic Games/UE_4.27/FeaturePacks/MobileStarterContent.upack' (chunk index -1, root 'root:/') mounted
[2026.06.08-07.09.52:120][  0]LogShaderLibrary: Display: ShaderCodeLibraryPakFileMountedCallback: pending pak file info (ChunkID:-1 Root:root:/ File:C:/Program Files/Epic Games/UE_4.27/FeaturePacks/MobileStarterContent.upack)
[2026.06.08-07.09.52:120][  0]LogPakFile: OnPakFileMounted2Time == 0.000096
[2026.06.08-07.09.52:124][  0]LogPakFile: PakFile PrimaryIndexSize=185
[2026.06.08-07.09.52:124][  0]LogPakFile: PakFile PathHashIndexSize=101
[2026.06.08-07.09.52:124][  0]LogPakFile: PakFile FullDirectoryIndexSize=148
[2026.06.08-07.09.52:124][  0]LogShaderLibrary: Display: ShaderCodeLibraryPakFileMountedCallback: PakFile 'C:/Program Files/Epic Games/UE_4.27/FeaturePacks/StarterContent.upack' (chunk index -1, root 'root:/') mounted
[2026.06.08-07.09.52:124][  0]LogShaderLibrary: Display: ShaderCodeLibraryPakFileMountedCallback: pending pak file info (ChunkID:-1 Root:root:/ File:C:/Program Files/Epic Games/UE_4.27/FeaturePacks/StarterContent.upack)
[2026.06.08-07.09.52:124][  0]LogPakFile: OnPakFileMounted2Time == 0.000119
[2026.06.08-07.09.52:128][  0]LogPakFile: PakFile PrimaryIndexSize=190
[2026.06.08-07.09.52:128][  0]LogPakFile: PakFile PathHashIndexSize=101
[2026.06.08-07.09.52:128][  0]LogPakFile: PakFile FullDirectoryIndexSize=154
[2026.06.08-07.09.52:128][  0]LogShaderLibrary: Display: ShaderCodeLibraryPakFileMountedCallback: PakFile 'C:/Program Files/Epic Games/UE_4.27/FeaturePacks/TP_2DSideScroller.upack' (chunk index -1, root 'root:/') mounted
[2026.06.08-07.09.52:128][  0]LogShaderLibrary: Display: ShaderCodeLibraryPakFileMountedCallback: pending pak file info (ChunkID:-1 Root:root:/ File:C:/Program Files/Epic Games/UE_4.27/FeaturePacks/TP_2DSideScroller.upack)
[2026.06.08-07.09.52:128][  0]LogPakFile: OnPakFileMounted2Time == 0.000087
[2026.06.08-07.09.52:131][  0]LogPakFile: PakFile PrimaryIndexSize=192
[2026.06.08-07.09.52:131][  0]LogPakFile: PakFile PathHashIndexSize=101
[2026.06.08-07.09.52:131][  0]LogPakFile: PakFile FullDirectoryIndexSize=158
[2026.06.08-07.09.52:131][  0]LogShaderLibrary: Display: ShaderCodeLibraryPakFileMountedCallback: PakFile 'C:/Program Files/Epic Games/UE_4.27/FeaturePacks/TP_2DSideScrollerBP.upack' (chunk index -1, root 'root:/') mounted
[2026.06.08-07.09.52:131][  0]LogShaderLibrary: Display: ShaderCodeLibraryPakFileMountedCallback: pending pak file info (ChunkID:-1 Root:root:/ File:C:/Program Files/Epic Games/UE_4.27/FeaturePacks/TP_2DSideScrollerBP.upack)
[2026.06.08-07.09.52:131][  0]LogPakFile: OnPakFileMounted2Time == 0.000088
[2026.06.08-07.09.52:134][  0]LogPakFile: PakFile PrimaryIndexSize=182
[2026.06.08-07.09.52:134][  0]LogPakFile: PakFile PathHashIndexSize=101
[2026.06.08-07.09.52:134][  0]LogPakFile: PakFile FullDirectoryIndexSize=138
[2026.06.08-07.09.52:134][  0]LogShaderLibrary: Display: ShaderCodeLibraryPakFileMountedCallback: PakFile 'C:/Program Files/Epic Games/UE_4.27/FeaturePacks/TP_Flying.upack' (chunk index -1, root 'root:/') mounted
[2026.06.08-07.09.52:135][  0]LogShaderLibrary: Display: ShaderCodeLibraryPakFileMountedCallback: pending pak file info (ChunkID:-1 Root:root:/ File:C:/Program Files/Epic Games/UE_4.27/FeaturePacks/TP_Flying.upack)
[2026.06.08-07.09.52:135][  0]LogPakFile: OnPakFileMounted2Time == 0.000136
[2026.06.08-07.09.52:138][  0]LogPakFile: PakFile PrimaryIndexSize=184
[2026.06.08-07.09.52:138][  0]LogPakFile: PakFile PathHashIndexSize=101
[2026.06.08-07.09.52:138][  0]LogPakFile: PakFile FullDirectoryIndexSize=142
[2026.06.08-07.09.52:138][  0]LogShaderLibrary: Display: ShaderCodeLibraryPakFileMountedCallback: PakFile 'C:/Program Files/Epic Games/UE_4.27/FeaturePacks/TP_FlyingBP.upack' (chunk index -1, root 'root:/') mounted
[2026.06.08-07.09.52:138][  0]LogShaderLibrary: Display: ShaderCodeLibraryPakFileMountedCallback: pending pak file info (ChunkID:-1 Root:root:/ File:C:/Program Files/Epic Games/UE_4.27/FeaturePacks/TP_FlyingBP.upack)
[2026.06.08-07.09.52:138][  0]LogPakFile: OnPakFileMounted2Time == 0.000095
[2026.06.08-07.09.52:142][  0]LogPakFile: PakFile PrimaryIndexSize=188
[2026.06.08-07.09.52:142][  0]LogPakFile: PakFile PathHashIndexSize=101
[2026.06.08-07.09.52:142][  0]LogPakFile: PakFile FullDirectoryIndexSize=150
[2026.06.08-07.09.52:142][  0]LogShaderLibrary: Display: ShaderCodeLibraryPakFileMountedCallback: PakFile 'C:/Program Files/Epic Games/UE_4.27/FeaturePacks/TP_HandheldARBP.upack' (chunk index -1, root 'root:/') mounted
[2026.06.08-07.09.52:142][  0]LogShaderLibrary: Display: ShaderCodeLibraryPakFileMountedCallback: pending pak file info (ChunkID:-1 Root:root:/ File:C:/Program Files/Epic Games/UE_4.27/FeaturePacks/TP_HandheldARBP.upack)
[2026.06.08-07.09.52:142][  0]LogPakFile: OnPakFileMounted2Time == 0.000119
[2026.06.08-07.09.52:148][  0]LogPakFile: PakFile PrimaryIndexSize=182
[2026.06.08-07.09.52:148][  0]LogPakFile: PakFile PathHashIndexSize=101
[2026.06.08-07.09.52:148][  0]LogPakFile: PakFile FullDirectoryIndexSize=138
[2026.06.08-07.09.52:148][  0]LogShaderLibrary: Display: ShaderCodeLibraryPakFileMountedCallback: PakFile 'C:/Program Files/Epic Games/UE_4.27/FeaturePacks/TP_Puzzle.upack' (chunk index -1, root 'root:/') mounted
[2026.06.08-07.09.52:148][  0]LogShaderLibrary: Display: ShaderCodeLibraryPakFileMountedCallback: pending pak file info (ChunkID:-1 Root:root:/ File:C:/Program Files/Epic Games/UE_4.27/FeaturePacks/TP_Puzzle.upack)
[2026.06.08-07.09.52:148][  0]LogPakFile: OnPakFileMounted2Time == 0.000102
[2026.06.08-07.09.52:152][  0]LogPakFile: PakFile PrimaryIndexSize=184
[2026.06.08-07.09.52:152][  0]LogPakFile: PakFile PathHashIndexSize=101
[2026.06.08-07.09.52:152][  0]LogPakFile: PakFile FullDirectoryIndexSize=142
[2026.06.08-07.09.52:152][  0]LogShaderLibrary: Display: ShaderCodeLibraryPakFileMountedCallback: PakFile 'C:/Program Files/Epic Games/UE_4.27/FeaturePacks/TP_PuzzleBP.upack' (chunk index -1, root 'root:/') mounted
[2026.06.08-07.09.52:152][  0]LogShaderLibrary: Display: ShaderCodeLibraryPakFileMountedCallback: pending pak file info (ChunkID:-1 Root:root:/ File:C:/Program Files/Epic Games/UE_4.27/FeaturePacks/TP_PuzzleBP.upack)
[2026.06.08-07.09.52:152][  0]LogPakFile: OnPakFileMounted2Time == 0.000113
[2026.06.08-07.09.52:155][  0]LogPakFile: PakFile PrimaryIndexSize=183
[2026.06.08-07.09.52:155][  0]LogPakFile: PakFile PathHashIndexSize=101
[2026.06.08-07.09.52:155][  0]LogPakFile: PakFile FullDirectoryIndexSize=140
[2026.06.08-07.09.52:156][  0]LogShaderLibrary: Display: ShaderCodeLibraryPakFileMountedCallback: PakFile 'C:/Program Files/Epic Games/UE_4.27/FeaturePacks/TP_Rolling.upack' (chunk index -1, root 'root:/') mounted
[2026.06.08-07.09.52:156][  0]LogShaderLibrary: Display: ShaderCodeLibraryPakFileMountedCallback: pending pak file info (ChunkID:-1 Root:root:/ File:C:/Program Files/Epic Games/UE_4.27/FeaturePacks/TP_Rolling.upack)
[2026.06.08-07.09.52:156][  0]LogPakFile: OnPakFileMounted2Time == 0.000091
[2026.06.08-07.09.52:158][  0]LogPakFile: PakFile PrimaryIndexSize=185
[2026.06.08-07.09.52:158][  0]LogPakFile: PakFile PathHashIndexSize=101
[2026.06.08-07.09.52:159][  0]LogPakFile: PakFile FullDirectoryIndexSize=144
[2026.06.08-07.09.52:159][  0]LogShaderLibrary: Display: ShaderCodeLibraryPakFileMountedCallback: PakFile 'C:/Program Files/Epic Games/UE_4.27/FeaturePacks/TP_RollingBP.upack' (chunk index -1, root 'root:/') mounted
[2026.06.08-07.09.52:159][  0]LogShaderLibrary: Display: ShaderCodeLibraryPakFileMountedCallback: pending pak file info (ChunkID:-1 Root:root:/ File:C:/Program Files/Epic Games/UE_4.27/FeaturePacks/TP_RollingBP.upack)
[2026.06.08-07.09.52:159][  0]LogPakFile: OnPakFileMounted2Time == 0.000078
[2026.06.08-07.09.52:162][  0]LogPakFile: PakFile PrimaryIndexSize=188
[2026.06.08-07.09.52:163][  0]LogPakFile: PakFile PathHashIndexSize=101
[2026.06.08-07.09.52:163][  0]LogPakFile: PakFile FullDirectoryIndexSize=150
[2026.06.08-07.09.52:163][  0]LogShaderLibrary: Display: ShaderCodeLibraryPakFileMountedCallback: PakFile 'C:/Program Files/Epic Games/UE_4.27/FeaturePacks/TP_SideScroller.upack' (chunk index -1, root 'root:/') mounted
[2026.06.08-07.09.52:163][  0]LogShaderLibrary: Display: ShaderCodeLibraryPakFileMountedCallback: pending pak file info (ChunkID:-1 Root:root:/ File:C:/Program Files/Epic Games/UE_4.27/FeaturePacks/TP_SideScroller.upack)
[2026.06.08-07.09.52:163][  0]LogPakFile: OnPakFileMounted2Time == 0.000092
[2026.06.08-07.09.52:167][  0]LogPakFile: PakFile PrimaryIndexSize=190
[2026.06.08-07.09.52:167][  0]LogPakFile: PakFile PathHashIndexSize=101
[2026.06.08-07.09.52:167][  0]LogPakFile: PakFile FullDirectoryIndexSize=154
[2026.06.08-07.09.52:167][  0]LogShaderLibrary: Display: ShaderCodeLibraryPakFileMountedCallback: PakFile 'C:/Program Files/Epic Games/UE_4.27/FeaturePacks/TP_SideScrollerBP.upack' (chunk index -1, root 'root:/') mounted
[2026.06.08-07.09.52:167][  0]LogShaderLibrary: Display: ShaderCodeLibraryPakFileMountedCallback: pending pak file info (ChunkID:-1 Root:root:/ File:C:/Program Files/Epic Games/UE_4.27/FeaturePacks/TP_SideScrollerBP.upack)
[2026.06.08-07.09.52:167][  0]LogPakFile: OnPakFileMounted2Time == 0.000082
[2026.06.08-07.09.52:170][  0]LogPakFile: PakFile PrimaryIndexSize=187
[2026.06.08-07.09.52:170][  0]LogPakFile: PakFile PathHashIndexSize=101
[2026.06.08-07.09.52:170][  0]LogPakFile: PakFile FullDirectoryIndexSize=148
[2026.06.08-07.09.52:170][  0]LogShaderLibrary: Display: ShaderCodeLibraryPakFileMountedCallback: PakFile 'C:/Program Files/Epic Games/UE_4.27/FeaturePacks/TP_ThirdPerson.upack' (chunk index -1, root 'root:/') mounted
[2026.06.08-07.09.52:170][  0]LogShaderLibrary: Display: ShaderCodeLibraryPakFileMountedCallback: pending pak file info (ChunkID:-1 Root:root:/ File:C:/Program Files/Epic Games/UE_4.27/FeaturePacks/TP_ThirdPerson.upack)
[2026.06.08-07.09.52:170][  0]LogPakFile: OnPakFileMounted2Time == 0.000085
[2026.06.08-07.09.52:173][  0]LogPakFile: PakFile PrimaryIndexSize=189
[2026.06.08-07.09.52:173][  0]LogPakFile: PakFile PathHashIndexSize=101
[2026.06.08-07.09.52:173][  0]LogPakFile: PakFile FullDirectoryIndexSize=152
[2026.06.08-07.09.52:173][  0]LogShaderLibrary: Display: ShaderCodeLibraryPakFileMountedCallback: PakFile 'C:/Program Files/Epic Games/UE_4.27/FeaturePacks/TP_ThirdPersonBP.upack' (chunk index -1, root 'root:/') mounted
[2026.06.08-07.09.52:174][  0]LogShaderLibrary: Display: ShaderCodeLibraryPakFileMountedCallback: pending pak file info (ChunkID:-1 Root:root:/ File:C:/Program Files/Epic Games/UE_4.27/FeaturePacks/TP_ThirdPersonBP.upack)
[2026.06.08-07.09.52:174][  0]LogPakFile: OnPakFileMounted2Time == 0.000127
[2026.06.08-07.09.52:177][  0]LogPakFile: PakFile PrimaryIndexSize=183
[2026.06.08-07.09.52:177][  0]LogPakFile: PakFile PathHashIndexSize=101
[2026.06.08-07.09.52:177][  0]LogPakFile: PakFile FullDirectoryIndexSize=140
[2026.06.08-07.09.52:177][  0]LogShaderLibrary: Display: ShaderCodeLibraryPakFileMountedCallback: PakFile 'C:/Program Files/Epic Games/UE_4.27/FeaturePacks/TP_TopDown.upack' (chunk index -1, root 'root:/') mounted
[2026.06.08-07.09.52:177][  0]LogShaderLibrary: Display: ShaderCodeLibraryPakFileMountedCallback: pending pak file info (ChunkID:-1 Root:root:/ File:C:/Program Files/Epic Games/UE_4.27/FeaturePacks/TP_TopDown.upack)
[2026.06.08-07.09.52:177][  0]LogPakFile: OnPakFileMounted2Time == 0.000095
[2026.06.08-07.09.52:181][  0]LogPakFile: PakFile PrimaryIndexSize=185
[2026.06.08-07.09.52:181][  0]LogPakFile: PakFile PathHashIndexSize=101
[2026.06.08-07.09.52:181][  0]LogPakFile: PakFile FullDirectoryIndexSize=144
[2026.06.08-07.09.52:182][  0]LogShaderLibrary: Display: ShaderCodeLibraryPakFileMountedCallback: PakFile 'C:/Program Files/Epic Games/UE_4.27/FeaturePacks/TP_TopDownBP.upack' (chunk index -1, root 'root:/') mounted
[2026.06.08-07.09.52:182][  0]LogShaderLibrary: Display: ShaderCodeLibraryPakFileMountedCallback: pending pak file info (ChunkID:-1 Root:root:/ File:C:/Program Files/Epic Games/UE_4.27/FeaturePacks/TP_TopDownBP.upack)
[2026.06.08-07.09.52:182][  0]LogPakFile: OnPakFileMounted2Time == 0.000130
[2026.06.08-07.09.52:185][  0]LogPakFile: PakFile PrimaryIndexSize=185
[2026.06.08-07.09.52:185][  0]LogPakFile: PakFile PathHashIndexSize=101
[2026.06.08-07.09.52:185][  0]LogPakFile: PakFile FullDirectoryIndexSize=144
[2026.06.08-07.09.52:185][  0]LogShaderLibrary: Display: ShaderCodeLibraryPakFileMountedCallback: PakFile 'C:/Program Files/Epic Games/UE_4.27/FeaturePacks/TP_TwinStick.upack' (chunk index -1, root 'root:/') mounted
[2026.06.08-07.09.52:185][  0]LogShaderLibrary: Display: ShaderCodeLibraryPakFileMountedCallback: pending pak file info (ChunkID:-1 Root:root:/ File:C:/Program Files/Epic Games/UE_4.27/FeaturePacks/TP_TwinStick.upack)
[2026.06.08-07.09.52:185][  0]LogPakFile: OnPakFileMounted2Time == 0.000081
[2026.06.08-07.09.52:189][  0]LogPakFile: PakFile PrimaryIndexSize=187
[2026.06.08-07.09.52:189][  0]LogPakFile: PakFile PathHashIndexSize=101
[2026.06.08-07.09.52:189][  0]LogPakFile: PakFile FullDirectoryIndexSize=148
[2026.06.08-07.09.52:189][  0]LogShaderLibrary: Display: ShaderCodeLibraryPakFileMountedCallback: PakFile 'C:/Program Files/Epic Games/UE_4.27/FeaturePacks/TP_TwinStickBP.upack' (chunk index -1, root 'root:/') mounted
[2026.06.08-07.09.52:189][  0]LogShaderLibrary: Display: ShaderCodeLibraryPakFileMountedCallback: pending pak file info (ChunkID:-1 Root:root:/ File:C:/Program Files/Epic Games/UE_4.27/FeaturePacks/TP_TwinStickBP.upack)
[2026.06.08-07.09.52:189][  0]LogPakFile: OnPakFileMounted2Time == 0.000110
[2026.06.08-07.09.52:193][  0]LogPakFile: PakFile PrimaryIndexSize=183
[2026.06.08-07.09.52:193][  0]LogPakFile: PakFile PathHashIndexSize=101
[2026.06.08-07.09.52:193][  0]LogPakFile: PakFile FullDirectoryIndexSize=140
[2026.06.08-07.09.52:194][  0]LogShaderLibrary: Display: ShaderCodeLibraryPakFileMountedCallback: PakFile 'C:/Program Files/Epic Games/UE_4.27/FeaturePacks/TP_Vehicle.upack' (chunk index -1, root 'root:/') mounted
[2026.06.08-07.09.52:194][  0]LogShaderLibrary: Display: ShaderCodeLibraryPakFileMountedCallback: pending pak file info (ChunkID:-1 Root:root:/ File:C:/Program Files/Epic Games/UE_4.27/FeaturePacks/TP_Vehicle.upack)
[2026.06.08-07.09.52:194][  0]LogPakFile: OnPakFileMounted2Time == 0.000118
[2026.06.08-07.09.52:198][  0]LogPakFile: PakFile PrimaryIndexSize=186
[2026.06.08-07.09.52:198][  0]LogPakFile: PakFile PathHashIndexSize=101
[2026.06.08-07.09.52:198][  0]LogPakFile: PakFile FullDirectoryIndexSize=146
[2026.06.08-07.09.52:198][  0]LogShaderLibrary: Display: ShaderCodeLibraryPakFileMountedCallback: PakFile 'C:/Program Files/Epic Games/UE_4.27/FeaturePacks/TP_VehicleAdv.upack' (chunk index -1, root 'root:/') mounted
[2026.06.08-07.09.52:198][  0]LogShaderLibrary: Display: ShaderCodeLibraryPakFileMountedCallback: pending pak file info (ChunkID:-1 Root:root:/ File:C:/Program Files/Epic Games/UE_4.27/FeaturePacks/TP_VehicleAdv.upack)
[2026.06.08-07.09.52:198][  0]LogPakFile: OnPakFileMounted2Time == 0.000157
[2026.06.08-07.09.52:203][  0]LogPakFile: PakFile PrimaryIndexSize=188
[2026.06.08-07.09.52:203][  0]LogPakFile: PakFile PathHashIndexSize=101
[2026.06.08-07.09.52:203][  0]LogPakFile: PakFile FullDirectoryIndexSize=150
[2026.06.08-07.09.52:203][  0]LogShaderLibrary: Display: ShaderCodeLibraryPakFileMountedCallback: PakFile 'C:/Program Files/Epic Games/UE_4.27/FeaturePacks/TP_VehicleAdvBP.upack' (chunk index -1, root 'root:/') mounted
[2026.06.08-07.09.52:203][  0]LogShaderLibrary: Display: ShaderCodeLibraryPakFileMountedCallback: pending pak file info (ChunkID:-1 Root:root:/ File:C:/Program Files/Epic Games/UE_4.27/FeaturePacks/TP_VehicleAdvBP.upack)
[2026.06.08-07.09.52:203][  0]LogPakFile: OnPakFileMounted2Time == 0.000083
[2026.06.08-07.09.52:207][  0]LogPakFile: PakFile PrimaryIndexSize=185
[2026.06.08-07.09.52:207][  0]LogPakFile: PakFile PathHashIndexSize=101
[2026.06.08-07.09.52:207][  0]LogPakFile: PakFile FullDirectoryIndexSize=144
[2026.06.08-07.09.52:207][  0]LogShaderLibrary: Display: ShaderCodeLibraryPakFileMountedCallback: PakFile 'C:/Program Files/Epic Games/UE_4.27/FeaturePacks/TP_VehicleBP.upack' (chunk index -1, root 'root:/') mounted
[2026.06.08-07.09.52:207][  0]LogShaderLibrary: Display: ShaderCodeLibraryPakFileMountedCallback: pending pak file info (ChunkID:-1 Root:root:/ File:C:/Program Files/Epic Games/UE_4.27/FeaturePacks/TP_VehicleBP.upack)
[2026.06.08-07.09.52:207][  0]LogPakFile: OnPakFileMounted2Time == 0.000083
[2026.06.08-07.09.52:211][  0]LogPakFile: PakFile PrimaryIndexSize=192
[2026.06.08-07.09.52:211][  0]LogPakFile: PakFile PathHashIndexSize=101
[2026.06.08-07.09.52:211][  0]LogPakFile: PakFile FullDirectoryIndexSize=158
[2026.06.08-07.09.52:211][  0]LogShaderLibrary: Display: ShaderCodeLibraryPakFileMountedCallback: PakFile 'C:/Program Files/Epic Games/UE_4.27/FeaturePacks/TP_VirtualRealityBP.upack' (chunk index -1, root 'root:/') mounted
[2026.06.08-07.09.52:211][  0]LogShaderLibrary: Display: ShaderCodeLibraryPakFileMountedCallback: pending pak file info (ChunkID:-1 Root:root:/ File:C:/Program Files/Epic Games/UE_4.27/FeaturePacks/TP_VirtualRealityBP.upack)
[2026.06.08-07.09.52:211][  0]LogPakFile: OnPakFileMounted2Time == 0.000174
[2026.06.08-07.09.52:518][  0]LogNativeClassHierarchy: Verbose: Native class hierarchy updated for 'AddContentDialog' in 0.0008 seconds. Added 0 classes and 0 folders.
[2026.06.08-07.09.52:522][  0]LogNativeClassHierarchy: Verbose: Native class hierarchy updated for 'SceneOutliner' in 0.0011 seconds. Added 2 classes and 0 folders.
[2026.06.08-07.09.52:582][  0]LogSlate: Took 0.001815 seconds to synchronously load lazily loaded font '../../../Engine/Content/Slate/Fonts/Roboto-Regular.ttf' (155K)
[2026.06.08-07.09.52:585][  0]LogSlate: Took 0.001807 seconds to synchronously load lazily loaded font '../../../Engine/Content/Editor/Slate/Fonts/FontAwesome.ttf' (139K)
[2026.06.08-07.09.52:601][  0]LogSlate: Took 0.015820 seconds to synchronously load lazily loaded font '../../../Engine/Content/Slate/Fonts/DroidSansFallback.ttf' (3848K)
[2026.06.08-07.09.52:605][  0]LogSlate: Took 0.002249 seconds to synchronously load lazily loaded font '../../../Engine/Content/Slate/Fonts/Roboto-Bold.ttf' (160K)
[2026.06.08-07.09.52:813][  0]LogRenderer: Reallocating scene render targets to support 916x324 Format 10 NumSamples 1 (Frame:1).
[2026.06.08-07.09.53:010][  0]LogNativeClassHierarchy: Verbose: Native class hierarchy updated for 'HierarchicalLODOutliner' in 0.0007 seconds. Added 0 classes and 0 folders.
[2026.06.08-07.09.53:010][  0]LogLoad: (Engine Initialization) Total time: 34.21 seconds
[2026.06.08-07.09.53:010][  0]LogLoad: (Engine Initialization) Total Blueprint compile time: 0.00 seconds
[2026.06.08-07.09.53:205][  0]LogContentStreaming: Texture pool size now 1000 MB
[2026.06.08-07.09.53:327][  1]LogAssetRegistry: Asset discovery search completed in 26.0040 seconds
[2026.06.08-07.09.53:352][  1]LogCollectionManager: Fixed up redirectors for 0 collections in 0.000018 seconds (updated 0 objects)
[2026.06.08-07.09.53:457][  2]LogSlate: Took 0.001972 seconds to synchronously load lazily loaded font '../../../Engine/Content/Slate/Fonts/Roboto-Light.ttf' (167K)
[2026.06.08-07.10.00:142][335]LogShaderCompilers: Display: Worker (2/5): shaders left to compile 12
[2026.06.08-07.10.00:142][335]LogShaderCompilers: Display: Started 4 'Local' shader compile jobs with 'ForceLocal' priority
[2026.06.08-07.10.01:690][426]LogShaderCompilers: Display: Worker (3/5): shaders left to compile 8
[2026.06.08-07.10.01:690][426]LogShaderCompilers: Display: Started 3 'Local' shader compile jobs with 'ForceLocal' priority
[2026.06.08-07.10.01:690][426]LogShaderCompilers: Display: Worker (4/5): shaders left to compile 5
[2026.06.08-07.10.01:690][426]LogShaderCompilers: Display: Started 2 'Local' shader compile jobs with 'ForceLocal' priority
[2026.06.08-07.10.01:987][444]LogShaderCompilers: Display: Worker (1/5): shaders left to compile 3
[2026.06.08-07.10.01:987][444]LogShaderCompilers: Display: Started 1 'Local' shader compile jobs with 'ForceLocal' priority
[2026.06.08-07.10.02:956][497]LogShaderCompilers: Display: Worker (1/5): shaders left to compile 2
[2026.06.08-07.10.02:956][497]LogShaderCompilers: Display: Started 1 'Local' shader compile jobs with 'ForceLocal' priority
[2026.06.08-07.10.04:244][573]LogShaderCompilers: Display: Worker (1/5): shaders left to compile 1
[2026.06.08-07.10.04:244][573]LogShaderCompilers: Display: Started 1 'Local' shader compile jobs with 'ForceLocal' priority
[2026.06.08-07.10.04:309][577]LogShaderCompilers: Display: Worker (4/5): shaders left to compile 132
[2026.06.08-07.10.04:309][577]LogShaderCompilers: Display: Started 10 'Local' shader compile jobs with 'Normal' priority
[2026.06.08-07.10.05:096][619]LogShaderCompilers: Display: Worker (1/5): shaders left to compile 122
[2026.06.08-07.10.05:096][619]LogShaderCompilers: Display: Started 10 'Local' shader compile jobs with 'Normal' priority
[2026.06.08-07.10.05:136][622]LogShaderCompilers: Display: Worker (3/5): shaders left to compile 112
[2026.06.08-07.10.05:136][622]LogShaderCompilers: Display: Started 10 'Local' shader compile jobs with 'Normal' priority
[2026.06.08-07.10.15:471][231]LogShaderCompilers: Display: Worker (1/5): shaders left to compile 102
[2026.06.08-07.10.15:471][231]LogShaderCompilers: Display: Started 10 'Local' shader compile jobs with 'Normal' priority
[2026.06.08-07.10.15:852][251]LogShaderCompilers: Display: Worker (4/5): shaders left to compile 92
[2026.06.08-07.10.15:852][251]LogShaderCompilers: Display: Started 10 'Local' shader compile jobs with 'Normal' priority
[2026.06.08-07.10.16:309][278]LogShaderCompilers: Display: Worker (2/5): shaders left to compile 82
[2026.06.08-07.10.16:309][278]LogShaderCompilers: Display: Started 10 'Local' shader compile jobs with 'Normal' priority
[2026.06.08-07.10.16:368][282]LogShaderCompilers: Display: Worker (3/5): shaders left to compile 72
[2026.06.08-07.10.16:368][282]LogShaderCompilers: Display: Started 10 'Local' shader compile jobs with 'Normal' priority
[2026.06.08-07.10.27:527][924]LogShaderCompilers: Display: Worker (1/5): shaders left to compile 62
[2026.06.08-07.10.27:527][924]LogShaderCompilers: Display: Started 10 'Local' shader compile jobs with 'Normal' priority
[2026.06.08-07.10.29:998][ 49]LogEditorViewport: Clicking on Actor (LMB): StaticMeshActor (SM_landline_phone001)
[2026.06.08-07.10.44:617][268]LogShaderCompilers: Display: Worker (4/5): shaders left to compile 52
[2026.06.08-07.10.44:617][268]LogShaderCompilers: Display: Started 10 'Local' shader compile jobs with 'Normal' priority
[2026.06.08-07.10.44:617][268]LogShaderCompilers: Display: Worker (3/5): shaders left to compile 42
[2026.06.08-07.10.44:617][268]LogShaderCompilers: Display: Started 10 'Local' shader compile jobs with 'Normal' priority
[2026.06.08-07.10.44:617][268]LogShaderCompilers: Display: Worker (2/5): shaders left to compile 32
[2026.06.08-07.10.44:617][268]LogShaderCompilers: Display: Started 9 'Local' shader compile jobs with 'Normal' priority
[2026.06.08-07.10.46:843][268]LogSlate: Window '选择Datasmith内容的导入位置' being destroyed
[2026.06.08-07.10.46:885][268]LogFactory: FactoryCreateFile: DatasmithScene with DatasmithImportFactory (0 0 E:/需要修改的模型/1.udatasmith)
[2026.06.08-07.10.49:274][268]LogSlate: Window 'Datasmith导入选项' being destroyed
[2026.06.08-07.10.49:414][268]LogSlate: Took 0.000454 seconds to synchronously load lazily loaded font '../../../Engine/Content/Slate/Fonts/Roboto-Light.ttf' (167K)
[2026.06.08-07.10.50:338][268]LogStaticMesh: 正在构建静态网格体SM_landline_phone001……
[2026.06.08-07.10.51:803][268]LogStaticMesh: Built static mesh [1.46s] /Game/1/Geometries/SM_landline_phone001.SM_landline_phone001
[2026.06.08-07.10.52:077][268]LogLayoutUV: FindBestPacking (Total Time: 137 ms, Avg Efficiency: 94.927000)
[2026.06.08-07.10.52:087][268]LogUObjectHash: Compacting FUObjectHashTables data took   2.04ms
[2026.06.08-07.10.52:099][268]LogDatasmithImport: Imported 1 in [0 min 2.752 s] [Private Bytes: 6.02 GB, Working Set 3.68 GB, Peak Working Set 3.96 GB]
[2026.06.08-07.10.54:710][422]LogEditorViewport: Clicking on Actor (LMB): StaticMeshActor (SM_landline_phone001_2)
[2026.06.08-07.11.02:553][832]LogShaderCompilers: Display: Worker (1/5): shaders left to compile 23
[2026.06.08-07.11.02:553][832]LogShaderCompilers: Display: Started 6 'Local' shader compile jobs with 'Normal' priority
[2026.06.08-07.11.10:399][284]LogShaderCompilers: Display: Worker (2/5): shaders left to compile 17
[2026.06.08-07.11.10:399][284]LogShaderCompilers: Display: Started 5 'Local' shader compile jobs with 'Normal' priority
[2026.06.08-07.11.10:476][288]LogShaderCompilers: Display: Worker (4/5): shaders left to compile 12
[2026.06.08-07.11.10:476][288]LogShaderCompilers: Display: Started 4 'Local' shader compile jobs with 'Normal' priority
[2026.06.08-07.11.11:973][362]LogShaderCompilers: Display: Worker (3/5): shaders left to compile 8
[2026.06.08-07.11.11:974][362]LogShaderCompilers: Display: Started 3 'Local' shader compile jobs with 'Normal' priority
[2026.06.08-07.11.19:781][808]LogShaderCompilers: Display: Worker (1/5): shaders left to compile 5
[2026.06.08-07.11.19:781][808]LogShaderCompilers: Display: Started 2 'Local' shader compile jobs with 'Normal' priority
[2026.06.08-07.11.21:285][890]LogEditorViewport: Clicking on Actor (LMB): StaticMeshActor (SM_landline_phone001_2)
[2026.06.08-07.11.22:126][935]LogShaderCompilers: Display: Worker (4/5): shaders left to compile 3
[2026.06.08-07.11.22:126][935]LogShaderCompilers: Display: Started 1 'Local' shader compile jobs with 'Normal' priority
[2026.06.08-07.11.23:098][996]LogShaderCompilers: Display: Worker (4/5): shaders left to compile 2
[2026.06.08-07.11.23:098][996]LogShaderCompilers: Display: Started 1 'Local' shader compile jobs with 'Normal' priority
[2026.06.08-07.11.23:603][ 29]LogShaderCompilers: Display: Worker (4/5): shaders left to compile 1
[2026.06.08-07.11.23:603][ 29]LogShaderCompilers: Display: Started 1 'Local' shader compile jobs with 'Normal' priority
[2026.06.08-07.11.23:694][ 34]LogShaderCompilers: Display: Worker (3/5): shaders left to compile 46
[2026.06.08-07.11.23:694][ 34]LogShaderCompilers: Display: Started 10 'Local' shader compile jobs with 'Low' priority
[2026.06.08-07.11.31:150][479]LogShaderCompilers: Display: Worker (4/5): shaders left to compile 36
[2026.06.08-07.11.31:150][479]LogShaderCompilers: Display: Started 10 'Local' shader compile jobs with 'Low' priority
[2026.06.08-07.11.33:882][650]LogShaderCompilers: Display: Worker (2/5): shaders left to compile 26
[2026.06.08-07.11.33:883][650]LogShaderCompilers: Display: Started 7 'Local' shader compile jobs with 'Low' priority
[2026.06.08-07.11.34:677][700]LogShaderCompilers: Display: Worker (1/5): shaders left to compile 19
[2026.06.08-07.11.34:677][700]LogShaderCompilers: Display: Started 5 'Local' shader compile jobs with 'Low' priority
[2026.06.08-07.11.50:883][711]LogShaderCompilers: Display: Worker (2/5): shaders left to compile 14
[2026.06.08-07.11.50:883][711]LogShaderCompilers: Display: Started 4 'Local' shader compile jobs with 'Low' priority
[2026.06.08-07.11.56:383][ 55]LogShaderCompilers: Display: Worker (4/5): shaders left to compile 10
[2026.06.08-07.11.56:383][ 55]LogShaderCompilers: Display: Started 3 'Local' shader compile jobs with 'Low' priority
[2026.06.08-07.11.58:998][209]LogShaderCompilers: Display: Worker (3/5): shaders left to compile 7
[2026.06.08-07.11.58:998][209]LogShaderCompilers: Display: Started 2 'Local' shader compile jobs with 'Low' priority
[2026.06.08-07.12.02:852][452]LogShaderCompilers: Display: Worker (1/5): shaders left to compile 5
[2026.06.08-07.12.02:852][452]LogShaderCompilers: Display: Started 2 'Local' shader compile jobs with 'Low' priority
[2026.06.08-07.12.03:251][479]LogShaderCompilers: Display: Worker (2/5): shaders left to compile 3
[2026.06.08-07.12.03:251][479]LogShaderCompilers: Display: Started 1 'Local' shader compile jobs with 'Low' priority
[2026.06.08-07.12.04:527][561]LogShaderCompilers: Display: Worker (2/5): shaders left to compile 2
[2026.06.08-07.12.04:527][561]LogShaderCompilers: Display: Started 1 'Local' shader compile jobs with 'Low' priority
[2026.06.08-07.12.05:221][604]LogShaderCompilers: Display: Worker (2/5): shaders left to compile 1
[2026.06.08-07.12.05:221][604]LogShaderCompilers: Display: Started 1 'Local' shader compile jobs with 'Low' priority
[2026.06.08-07.12.46:260][486]LogBlueprintUserMessages: [MeshTool_C_0] 材质填充 不支持填充的材质类型 
[2026.06.08-07.12.46:260][486]LogBlueprintUserMessages: [MeshTool_C_0] 材质填充 不支持填充的材质类型 
[2026.06.08-07.12.46:260][486]LogBlueprintUserMessages: [MeshTool_C_0] 材质填充 不支持填充的材质类型 
[2026.06.08-07.12.46:260][486]LogBlueprintUserMessages: [MeshTool_C_0] 材质填充 不支持填充的材质类型 
[2026.06.08-07.13.15:412][473]LogAssetEditorSubsystem: Opening Asset editor for StaticMesh /Game/HotelRoom/Mesh/SM_landline_phone001.SM_landline_phone001
[2026.06.08-07.13.15:488][473]LogTexture: Default maximum texture size for cubemaps generated from long-lat sources has been changed from 512 to unlimited. In order to preserve old behaiour for '/Engine/MapTemplates/Sky/SunsetAmbientCubemap.SunsetAmbientCubemap', its maximum texture size has been explicitly set to 512.
[2026.06.08-07.13.16:126][474]LogRenderer: Reallocating scene render targets to support 916x524 Format 10 NumSamples 1 (Frame:1).
[2026.06.08-07.13.19:011][676]LogSlate: Took 0.003599 seconds to synchronously load lazily loaded font '../../../Engine/Content/Slate/Fonts/Roboto-Italic.ttf' (157K)
[2026.06.08-07.13.42:395][665]LogSlate: Window 'SM_landline_phone001' being destroyed
[2026.06.08-07.13.42:404][665]LogSlate: Window 'SM_landline_phone001' being destroyed
[2026.06.08-07.13.42:409][665]LogWorld: UWorld::CleanupWorld for World_2, bSessionEnded=true, bCleanupResources=true
[2026.06.08-07.13.42:409][665]LogSlate: InvalidateAllWidgets triggered.  All widgets were invalidated
[2026.06.08-07.13.57:909][ 84]LogAssetEditorSubsystem: Opening Asset editor for StaticMesh /Game/1/Geometries/SM_landline_phone001.SM_landline_phone001
[2026.06.08-07.14.06:613][739]LogSlate: Window 'SM_landline_phone001' being destroyed
[2026.06.08-07.14.06:622][739]LogSlate: Window 'SM_landline_phone001' being destroyed
[2026.06.08-07.14.06:625][739]LogWorld: UWorld::CleanupWorld for World_3, bSessionEnded=true, bCleanupResources=true
[2026.06.08-07.14.06:625][739]LogSlate: InvalidateAllWidgets triggered.  All widgets were invalidated
[2026.06.08-07.14.21:267][ 54]LogUObjectHash: Compacting FUObjectHashTables data took   1.48ms
[2026.06.08-07.14.25:634][ 54]LogSlate: Window 'Delete Assets' being destroyed
[2026.06.08-07.14.25:711][ 54]LogUObjectGlobals: Force Deleting 1 Package(s):
	Asset Name: /Game/HotelRoom/Mesh/SM_landline_phone001.SM_landline_phone001
[2026.06.08-07.14.32:421][ 54]LogUObjectHash: Compacting FUObjectHashTables data took   1.08ms
[2026.06.08-07.14.32:433][ 54]LogUObjectHash: Compacting FUObjectHashTables data took   1.13ms
[2026.06.08-07.14.32:440][ 54]LogUObjectHash: Compacting FUObjectHashTables data took   0.33ms
[2026.06.08-07.14.37:259][534]Cmd: DELETE
[2026.06.08-07.14.37:262][534]Cmd: ACTOR DELETE
[2026.06.08-07.14.37:597][534]LogLinker: Warning: [AssetLog] C:\Users\Administrator\Downloads\process\ZJJD-Vol1\Content\HotelRoom\Map\Overview.umap: 未能加载“{FileName}”：无法找到文件。
[2026.06.08-07.14.37:598][534]LogLinker: Warning: [AssetLog] C:\Users\Administrator\Downloads\process\ZJJD-Vol1\Content\HotelRoom\Map\Overview.umap: 未能加载“{FileName}”：无法找到文件。
[2026.06.08-07.14.37:703][534]LogLinker: Warning: [AssetLog] C:\Users\Administrator\Downloads\process\ZJJD-Vol1\Content\HotelRoom\Map\Overview.umap: 未能加载“{FileName}”：无法找到文件。
[2026.06.08-07.14.37:728][534]LogTexture: Display: 正在编译纹理：HQ_Lightmap0_6（OODLE_AutoDXT、64X64）
[2026.06.08-07.14.37:728][534]LogLinker: Warning: [AssetLog] C:\Users\Administrator\Downloads\process\ZJJD-Vol1\Content\HotelRoom\Map\Overview.umap: 未能加载“{FileName}”：无法找到文件。
[2026.06.08-07.14.37:732][534]LoadErrors: 加载失败 /Game/HotelRoom/Mesh/SM_landline_phone001.SM_landline_phone001 引用者 DatasmithStaticMeshComponentTemplate_342
[2026.06.08-07.14.37:745][534]LogLinker: Warning: [AssetLog] C:\Users\Administrator\Downloads\process\ZJJD-Vol1\Content\HotelRoom\Map\Overview.umap: 未能加载“{FileName}”：无法找到文件。
[2026.06.08-07.14.37:746][534]LoadErrors: 加载失败 /Game/HotelRoom/Mesh/SM_landline_phone001.SM_landline_phone001 引用者 SM_landline_phone001
[2026.06.08-07.14.37:746][534]LogTexture: Display: 正在编译纹理：HQ_Lightmap0_5（OODLE_AutoDXT、1024X1024）
[2026.06.08-07.14.38:891][534]LogTexture: Display: 正在编译纹理：HQ_Lightmap0_3（OODLE_AutoDXT、1024X1024）
[2026.06.08-07.14.38:891][534]LogTextureFormatOodle: Display: non-RDO encode 1024 x 1024 x 1 to format OODLE_AutoDXT (Oodle OodleTex_BC3) lambda=0 effort=20 
[2026.06.08-07.14.38:891][534]LogTextureFormatOodle: Display: non-RDO encode 1024 x 1024 x 1 to format OODLE_AutoDXT (Oodle OodleTex_BC3) lambda=0 effort=20 
[2026.06.08-07.14.38:891][534]LogTexture: Display: 正在编译纹理：HQ_Lightmap0_4（OODLE_AutoDXT、1024X1024）
[2026.06.08-07.14.38:891][534]LogTexture: Display: 正在编译纹理：HQ_Lightmap0_1（OODLE_AutoDXT、2048X2048）
[2026.06.08-07.14.38:891][534]LogTexture: Display: 正在编译纹理：LQ_Lightmap_0_1（OODLE_DXT1、2048X2048）
[2026.06.08-07.14.38:891][534]LogTexture: Display: 正在编译纹理：HQ_Lightmap0_2（OODLE_AutoDXT、2048X2048）
[2026.06.08-07.14.38:891][534]LogTextureFormatOodle: Display: non-RDO encode 1024 x 1024 x 1 to format OODLE_AutoDXT (Oodle OodleTex_BC3) lambda=0 effort=20 
[2026.06.08-07.14.38:891][534]LogTextureFormatOodle: Display: non-RDO encode 2048 x 2048 x 1 to format OODLE_AutoDXT (Oodle OodleTex_BC3) lambda=0 effort=20 
[2026.06.08-07.14.38:891][534]LogTextureFormatOodle: Display: non-RDO encode 2048 x 2048 x 1 to format OODLE_AutoDXT (Oodle OodleTex_BC3) lambda=0 effort=20 
[2026.06.08-07.14.38:891][534]LogTextureFormatOodle: Display: non-RDO encode 2048 x 2048 x 1 to format OODLE_DXT1 (Oodle OodleTex_BC1_WithTransparency) lambda=0 effort=20 
[2026.06.08-07.14.38:891][534]LogTextureFormatOodle: Display: non-RDO encode 1024 x 1024 x 1 to format OODLE_AutoDXT (Oodle OodleTex_BC3) lambda=0 effort=20 
[2026.06.08-07.14.38:891][534]LogTextureFormatOodle: Display: non-RDO encode 1024 x 1024 x 1 to format OODLE_AutoDXT (Oodle OodleTex_BC3) lambda=0 effort=20 
[2026.06.08-07.14.38:891][534]LogTextureFormatOodle: Display: non-RDO encode 1024 x 1024 x 1 to format OODLE_DXT1 (Oodle OodleTex_BC1_WithTransparency) lambda=0 effort=20 
[2026.06.08-07.14.38:891][534]LogTexture: Display: 正在编译纹理：LQ_Lightmap_0_3（OODLE_DXT1、1024X1024）
[2026.06.08-07.14.38:891][534]LogTexture: Display: 正在编译纹理：LQ_Lightmap_0_2（OODLE_DXT1、2048X2048）
[2026.06.08-07.14.38:891][534]LogTextureFormatOodle: Display: non-RDO encode 1024 x 1024 x 1 to format OODLE_DXT1 (Oodle OodleTex_BC1_WithTransparency) lambda=0 effort=20 
[2026.06.08-07.14.38:891][534]LogTexture: Display: 正在编译纹理：LQ_Lightmap_0_4（OODLE_DXT1、1024X1024）
[2026.06.08-07.14.38:891][534]LogTextureFormatOodle: Display: non-RDO encode 2048 x 2048 x 1 to format OODLE_DXT1 (Oodle OodleTex_BC1_WithTransparency) lambda=0 effort=20 
[2026.06.08-07.14.38:891][534]LogTexture: Display: 正在编译纹理：LQ_Lightmap_0_5（OODLE_DXT1、1024X1024）
[2026.06.08-07.14.38:891][534]LogTextureFormatOodle: Display: non-RDO encode 1024 x 1024 x 1 to format OODLE_DXT1 (Oodle OodleTex_BC1_WithTransparency) lambda=0 effort=20 
[2026.06.08-07.14.38:891][534]LogTexture: Display: 正在编译纹理：LQ_Lightmap_0_6（OODLE_DXT1、64X64）
[2026.06.08-07.14.38:891][534]LogTexture: Display: 正在编译纹理：ShadowMapTexture2D_0（G8、1024X1024）
[2026.06.08-07.14.38:891][534]LogTexture: Display: 正在编译纹理：ShadowMapTexture2D_1（G8、1024X1024）
[2026.06.08-07.14.38:891][534]LogTexture: Display: 正在编译纹理：ShadowMapTexture2D_4（G8、1024X1024）
[2026.06.08-07.14.38:891][534]LogTexture: Display: 正在编译纹理：ShadowMapTexture2D_5（G8、1024X1024）
[2026.06.08-07.14.38:891][534]LogTexture: Display: 正在编译纹理：ShadowMapTexture2D_6（G8、1024X1024）
[2026.06.08-07.14.38:891][534]LogTexture: Display: 正在编译纹理：ShadowMapTexture2D_7（G8、1024X256）
[2026.06.08-07.14.38:891][534]LogTexture: Display: 正在编译纹理：ShadowMapTexture2D_8（G8、32X32）
[2026.06.08-07.14.38:891][534]LogTexture: Display: 正在编译纹理：NewReflectionComponentTextureEB9CBE3C423008B5E8E130901E171C89（BGRA8、128X128）
[2026.06.08-07.14.38:891][534]LogTextureFormatOodle: Display: non-RDO encode 1024 x 1024 x 1 to format OODLE_DXT1 (Oodle OodleTex_BC1_WithTransparency) lambda=0 effort=20 
[2026.06.08-07.14.38:891][534]LogTextureFormatOodle: Display: non-RDO encode 1024 x 1024 x 1 to format OODLE_DXT1 (Oodle OodleTex_BC1_WithTransparency) lambda=0 effort=20 
[2026.06.08-07.14.38:969][534]LogEditorActor: Deleted Actor: StaticMeshActor
[2026.06.08-07.14.38:981][534]LogUObjectHash: Compacting FUObjectHashTables data took   1.19ms
[2026.06.08-07.14.38:999][534]LogEditorActor: Deleted 1 Actors (1.722 secs)
[2026.06.08-07.14.47:222][435]LogUObjectHash: Compacting FUObjectHashTables data took   0.36ms
[2026.06.08-07.14.47:276][435]LogSavePackage: Moving '../../../../../../Users/Administrator/Downloads/process/ZJJD-Vol1/Saved/model1839EE2B4A21C3D803C2D6B65CDA3573.tmp' to '../../../../../../Users/Administrator/Downloads/process/ZJJD-Vol1/Content/HotelRoom/Map/model.umap'
[2026.06.08-07.14.47:289][435]Cmd: OBJ SAVEPACKAGE PACKAGE="/Game/HotelRoom/Map/model_BuiltData" FILE="../../../../../../Users/Administrator/Downloads/process/ZJJD-Vol1/Content/HotelRoom/Map/model_BuiltData.uasset" SILENT=true
[2026.06.08-07.14.48:733][435]LogSavePackage: Moving '../../../../../../Users/Administrator/Downloads/process/ZJJD-Vol1/Saved/model_BuiltDataABA892614B1EFFAFAA304CB1E427A9B0.tmp' to '../../../../../../Users/Administrator/Downloads/process/ZJJD-Vol1/Content/HotelRoom/Map/model_BuiltData.uasset'
[2026.06.08-07.14.48:774][435]AssetCheck: New page: 资产保存：多个资产
[2026.06.08-07.14.48:775][435]LogContentValidation: Display: 正在验证MapBuildDataRegistry /Game/HotelRoom/Map/model_BuiltData.model_BuiltData
[2026.06.08-07.14.48:775][435]LogContentValidation: Display: 正在验证World /Game/HotelRoom/Map/model.model
[2026.06.08-07.14.49:104][461]LogUObjectHash: Compacting FUObjectHashTables data took   1.08ms
[2026.06.08-07.14.51:074][461]LogSlate: Window '保存内容' being destroyed
[2026.06.08-07.14.51:175][461]Cmd: OBJ SAVEPACKAGE PACKAGE="/Game/1/1" FILE="../../../../../../Users/Administrator/Downloads/process/ZJJD-Vol1/Content/1/1.uasset" SILENT=true
[2026.06.08-07.14.51:184][461]LogSavePackage: Moving '../../../../../../Users/Administrator/Downloads/process/ZJJD-Vol1/Saved/18B64A3B842E01CD04F250FBAC888FE12.tmp' to '../../../../../../Users/Administrator/Downloads/process/ZJJD-Vol1/Content/1/1.uasset'
[2026.06.08-07.14.51:199][461]Cmd: OBJ SAVEPACKAGE PACKAGE="/Game/1/Geometries/SM_landline_phone001" FILE="../../../../../../Users/Administrator/Downloads/process/ZJJD-Vol1/Content/1/Geometries/SM_landline_phone001.uasset" SILENT=true
[2026.06.08-07.14.51:294][461]LogSavePackage: Moving '../../../../../../Users/Administrator/Downloads/process/ZJJD-Vol1/Saved/SM_landline_phone001492868784B53D804287246B005B29E67.tmp' to '../../../../../../Users/Administrator/Downloads/process/ZJJD-Vol1/Content/1/Geometries/SM_landline_phone001.uasset'
[2026.06.08-07.14.51:308][461]AssetCheck: New page: 资产保存：多个资产
[2026.06.08-07.14.51:308][461]LogContentValidation: Display: 正在验证DatasmithScene /Game/1/1.1
[2026.06.08-07.14.51:308][461]LogContentValidation: Display: 正在验证StaticMesh /Game/1/Geometries/SM_landline_phone001.SM_landline_phone001
[2026.06.08-07.15.03:434][411]LogSavePackage: Moving '../../../../../../Users/Administrator/Downloads/process/ZJJD-Vol1/Saved/SM_landline_phone001D41DE7374A4976FE5F4873A56312DF0E.tmp' to '../../../../../../Users/Administrator/Downloads/process/ZJJD-Vol1/Content/HotelRoom/Mesh/SM_landline_phone001.uasset'
[2026.06.08-07.15.03:436][411]Cmd: OBJ SAVEPACKAGE PACKAGE="/Game/1/Geometries/SM_landline_phone001" FILE="../../../../../../Users/Administrator/Downloads/process/ZJJD-Vol1/Content/1/Geometries/SM_landline_phone001.uasset" SILENT=true
[2026.06.08-07.15.03:437][411]LogSavePackage: Moving '../../../../../../Users/Administrator/Downloads/process/ZJJD-Vol1/Saved/SM_landline_phone00176C4C85C4079F86FC8386CBA0AD925BF.tmp' to '../../../../../../Users/Administrator/Downloads/process/ZJJD-Vol1/Content/1/Geometries/SM_landline_phone001.uasset'
[2026.06.08-07.15.03:488][411]AssetCheck: New page: 资产保存：多个资产
[2026.06.08-07.15.03:488][411]LogContentValidation: Display: 正在验证StaticMesh /Game/HotelRoom/Mesh/SM_landline_phone001.SM_landline_phone001
[2026.06.08-07.15.03:488][411]LogContentValidation: Display: 正在验证ObjectRedirector /Game/1/Geometries/SM_landline_phone001.SM_landline_phone001
[2026.06.08-07.15.07:099][756]Cmd: OBJ SAVEPACKAGE PACKAGE="/Game/1/1" FILE="../../../../../../Users/Administrator/Downloads/process/ZJJD-Vol1/Content/1/1.uasset" SILENT=true
[2026.06.08-07.15.07:101][756]LogSavePackage: Moving '../../../../../../Users/Administrator/Downloads/process/ZJJD-Vol1/Saved/11B50B50647968221B87C6EB03392FDBD.tmp' to '../../../../../../Users/Administrator/Downloads/process/ZJJD-Vol1/Content/1/1.uasset'
[2026.06.08-07.15.07:114][756]LogUObjectHash: Compacting FUObjectHashTables data took   0.98ms
[2026.06.08-07.15.07:157][756]LogSavePackage: Moving '../../../../../../Users/Administrator/Downloads/process/ZJJD-Vol1/Saved/model4292CEBC454216E58E5C4A94E03E9EC1.tmp' to '../../../../../../Users/Administrator/Downloads/process/ZJJD-Vol1/Content/HotelRoom/Map/model.umap'
[2026.06.08-07.15.07:162][756]LogFileHelpers: Saving map 'model' took 0.059
[2026.06.08-07.15.07:188][756]LogUObjectHash: Compacting FUObjectHashTables data took   0.52ms
[2026.06.08-07.15.07:338][756]LogUObjectHash: Compacting FUObjectHashTables data took   1.27ms
[2026.06.08-07.15.07:358][756]LogUObjectHash: Compacting FUObjectHashTables data took   1.34ms
[2026.06.08-07.15.07:365][756]LogUObjectHash: Compacting FUObjectHashTables data took   0.38ms
[2026.06.08-07.15.07:373][756]AssetCheck: New page: 资产保存：多个资产
[2026.06.08-07.15.07:373][756]LogContentValidation: Display: 正在验证World /Game/HotelRoom/Map/model.model
[2026.06.08-07.15.07:373][756]LogContentValidation: Display: 正在验证DatasmithScene /Game/1/1.1
[2026.06.08-07.15.20:631][207]LogUObjectHash: Compacting FUObjectHashTables data took   0.91ms
[2026.06.08-07.15.22:055][207]LogSlate: Window 'Delete Assets' being destroyed
[2026.06.08-07.15.22:133][207]LogUObjectGlobals: Force Deleting 1 Package(s):
	Asset Name: /Game/1/1.1
[2026.06.08-07.15.22:900][207]LogUObjectHash: Compacting FUObjectHashTables data took   1.04ms
[2026.06.08-07.15.22:912][207]LogUObjectHash: Compacting FUObjectHashTables data took   1.04ms
[2026.06.08-07.15.22:919][207]LogUObjectHash: Compacting FUObjectHashTables data took   0.36ms
[2026.06.08-07.15.34:534][582]LogEditorViewport: Clicking on Actor (LMB): StaticMeshActor (SM_Side_table001)
[2026.06.08-07.15.46:980][ 52]LogEditorViewport: Clicking on Actor (LMB): StaticMeshActor (SM_THComputerFS_01)
[2026.06.08-07.15.48:269][189]LogEditorViewport: Clicking on Actor (LMB): StaticMeshActor (SM_Desk001)
[2026.06.08-07.15.53:194][751]LogEditorViewport: Clicking on Actor (LMB): StaticMeshActor (SM_Decoration001)
[2026.06.08-07.15.56:019][ 84]LogAssetEditorSubsystem: Opening Asset editor for StaticMesh /Game/HotelRoom/Mesh/SM_Decoration001.SM_Decoration001
[2026.06.08-07.16.11:898][271]Cmd: OBJ SAVEPACKAGE PACKAGE="/Game/HotelRoom/Mesh/SM_Decoration001" FILE="../../../../../../Users/Administrator/Downloads/process/ZJJD-Vol1/Content/HotelRoom/Mesh/SM_Decoration001.uasset" SILENT=true
[2026.06.08-07.16.11:928][271]LogSavePackage: Moving '../../../../../../Users/Administrator/Downloads/process/ZJJD-Vol1/Saved/SM_Decoration001AE5E7D784B43E1DEAA2E96B5914A58EE.tmp' to '../../../../../../Users/Administrator/Downloads/process/ZJJD-Vol1/Content/HotelRoom/Mesh/SM_Decoration001.uasset'
[2026.06.08-07.16.11:949][271]AssetCheck: New page: 资产保存：SM_Decoration001
[2026.06.08-07.16.11:949][271]LogContentValidation: Display: 正在验证StaticMesh /Game/HotelRoom/Mesh/SM_Decoration001.SM_Decoration001
[2026.06.08-07.16.17:321][445]LogAssetEditorSubsystem: Opening Asset editor for MaterialInstanceConstant /Game/HotelRoom/Material/MI_Black_SmoothMetal.MI_Black_SmoothMetal
[2026.06.08-07.16.17:601][445]LogRenderer: Reallocating scene render targets to support 916x548 Format 10 NumSamples 1 (Frame:1).
[2026.06.08-07.16.22:908][876]LogUObjectHash: Compacting FUObjectHashTables data took   1.06ms
[2026.06.08-07.16.22:926][876]LogUObjectHash: Compacting FUObjectHashTables data took   0.38ms
[2026.06.08-07.16.22:933][876]LogSavePackage: Moving '../../../../../../Users/Administrator/Downloads/process/ZJJD-Vol1/Saved/MI_Black_SmoothMetalC1056348406F63984C4B6ABB28511E75.tmp' to '../../../../../../Users/Administrator/Downloads/process/ZJJD-Vol1/Content/HotelRoom/Material/MI_Black_SmoothMetal.uasset'
[2026.06.08-07.16.22:953][876]AssetCheck: New page: 资产保存：MI_Black_SmoothMetal
[2026.06.08-07.16.22:953][876]LogContentValidation: Display: 正在验证MaterialInstanceConstant /Game/HotelRoom/Material/MI_Black_SmoothMetal.MI_Black_SmoothMetal
[2026.06.08-07.16.27:364][ 44]LogSlate: Window 'MI_Black_SmoothMetal' being destroyed
[2026.06.08-07.16.27:371][ 44]LogSlate: Window 'MI_Black_SmoothMetal' being destroyed
[2026.06.08-07.16.27:377][ 44]LogWorld: UWorld::CleanupWorld for World_4, bSessionEnded=true, bCleanupResources=true
[2026.06.08-07.16.27:377][ 44]LogSlate: InvalidateAllWidgets triggered.  All widgets were invalidated
[2026.06.08-07.16.27:425][ 44]LogWorld: UWorld::CleanupWorld for World_5, bSessionEnded=true, bCleanupResources=true
[2026.06.08-07.16.27:425][ 44]LogSlate: InvalidateAllWidgets triggered.  All widgets were invalidated
[2026.06.08-07.16.49:742][686]LogEditorViewport: Clicking on Actor (LMB): StaticMeshActor (SM_Washstand001)
[2026.06.08-07.16.51:806][924]LogEditorViewport: Clicking on Actor (LMB): StaticMeshActor (SM_Washstand001)
[2026.06.08-07.16.52:526][  9]LogEditorViewport: Clicking on Actor (LMB): StaticMeshActor (SM_Washstand001)
[2026.06.08-07.16.53:037][ 69]LogEditorViewport: Clicking on Actor (LMB): StaticMeshActor (SM_Shower001)
[2026.06.08-07.17.05:373][514]LogUObjectHash: Compacting FUObjectHashTables data took   1.29ms
[2026.06.08-07.17.05:420][514]LogSavePackage: Moving '../../../../../../Users/Administrator/Downloads/process/ZJJD-Vol1/Saved/model26872B2A44A63F1B9E451B815E2FC29D.tmp' to '../../../../../../Users/Administrator/Downloads/process/ZJJD-Vol1/Content/HotelRoom/Map/model.umap'
[2026.06.08-07.17.05:427][514]Cmd: OBJ SAVEPACKAGE PACKAGE="/Game/HotelRoom/Map/model_BuiltData" FILE="../../../../../../Users/Administrator/Downloads/process/ZJJD-Vol1/Content/HotelRoom/Map/model_BuiltData.uasset" SILENT=true
[2026.06.08-07.17.06:769][514]LogSavePackage: Moving '../../../../../../Users/Administrator/Downloads/process/ZJJD-Vol1/Saved/model_BuiltDataE1AC41D042D4578BFD0661B72D27C70B.tmp' to '../../../../../../Users/Administrator/Downloads/process/ZJJD-Vol1/Content/HotelRoom/Map/model_BuiltData.uasset'
[2026.06.08-07.17.06:796][514]AssetCheck: New page: 资产保存：多个资产
[2026.06.08-07.17.06:796][514]LogContentValidation: Display: 正在验证MapBuildDataRegistry /Game/HotelRoom/Map/model_BuiltData.model_BuiltData
[2026.06.08-07.17.06:796][514]LogContentValidation: Display: 正在验证World /Game/HotelRoom/Map/model.model
[2026.06.08-07.17.07:254][557]LogUObjectHash: Compacting FUObjectHashTables data took   1.00ms
[2026.06.08-08.54.26:993][946]LogUObjectHash: Compacting FUObjectHashTables data took  34.43ms
[2026.06.08-08.54.27:178][946]LogSlate: Window 'MeshTool' being destroyed
[2026.06.08-08.54.27:227][946]LogSlate: Window 'HotelRoom - 虚幻编辑器' being destroyed
[2026.06.08-08.54.27:951][947]Cmd: QUIT_EDITOR
[2026.06.08-08.54.27:951][947]LogCore: Engine exit requested (reason: UUnrealEdEngine::CloseEditor())
[2026.06.08-08.54.27:960][947]LogCore: Engine exit requested (reason: EngineExit() was called; note: exit was already requested)
[2026.06.08-08.54.27:969][947]LogAudio: Display: Beginning Audio Device Manager Shutdown (Module: AudioMixerXAudio2)...
[2026.06.08-08.54.27:969][947]LogAudio: Display: Destroying 1 Remaining Audio Device(s)...
[2026.06.08-08.54.27:969][947]LogAudio: Display: Audio Device unregistered from world 'model'.
[2026.06.08-08.54.27:972][947]LogAudioMixer: FMixerPlatformXAudio2::StopAudioStream() called
[2026.06.08-08.54.27:982][947]LogAudioMixer: FMixerPlatformXAudio2::StopAudioStream() called
[2026.06.08-08.54.28:038][947]LogAudio: Display: Audio Device Manager Shutdown
[2026.06.08-08.54.28:066][947]LogExit: Preparing to exit.
[2026.06.08-08.54.28:586][947]LogUObjectHash: Compacting FUObjectHashTables data took   2.93ms
[2026.06.08-08.54.29:300][947]LogWorld: UWorld::CleanupWorld for World_1, bSessionEnded=true, bCleanupResources=true
[2026.06.08-08.54.29:302][947]LogWorld: UWorld::CleanupWorld for World_0, bSessionEnded=true, bCleanupResources=true
[2026.06.08-08.54.29:607][947]LogDemo: Cleaned up 0 splitscreen connections with owner deletion
[2026.06.08-08.54.29:699][947]LogStylusInput: Shutting down StylusInput subsystem.
[2026.06.08-08.54.29:703][947]LogWorld: UWorld::CleanupWorld for None, bSessionEnded=true, bCleanupResources=true
[2026.06.08-08.54.29:717][947]LogExit: Editor shut down
[2026.06.08-08.54.29:758][947]LogExit: Transaction tracking system shut down
[2026.06.08-08.54.33:468][947]LogExit: Object subsystem successfully closed.
[2026.06.08-08.54.33:546][947]LogShaderCompilers: Display: === FShaderJobCache stats ===
[2026.06.08-08.54.33:547][947]LogShaderCompilers: Display: Total job queries 263, among them cache hits 0 (0.00%)
[2026.06.08-08.54.33:547][947]LogShaderCompilers: Display: Tracking 263 distinct input hashes that result in 193 distinct outputs (73.38%)
[2026.06.08-08.54.33:547][947]LogShaderCompilers: Display: RAM used: 1.72 MB (0.00 GB) of 819.20 MB (0.80 GB) budget. Usage: 0.21%
[2026.06.08-08.54.33:548][947]LogShaderCompilers: Display: ================================================
[2026.06.08-08.54.33:587][947]LogShaderCompilers: Display: Shaders left to compile 0
[2026.06.08-08.54.33:899][947]LogModuleManager: Shutting down and abandoning module HierarchicalLODUtilities (926)
[2026.06.08-08.54.33:899][947]LogModuleManager: Shutting down and abandoning module HierarchicalLODOutliner (924)
[2026.06.08-08.54.33:900][947]LogModuleManager: Shutting down and abandoning module SceneOutliner (922)
[2026.06.08-08.54.33:900][947]LogModuleManager: Shutting down and abandoning module AddContentDialog (920)
[2026.06.08-08.54.33:944][947]LogModuleManager: Shutting down and abandoning module WidgetCarousel (919)
[2026.06.08-08.54.33:944][947]LogModuleManager: Shutting down and abandoning module EditorWidgets (916)
[2026.06.08-08.54.33:944][947]LogModuleManager: Shutting down and abandoning module StatsViewer (914)
[2026.06.08-08.54.33:944][947]LogModuleManager: Shutting down and abandoning module PIEPreviewDeviceProfileSelector (912)
[2026.06.08-08.54.33:945][947]LogModuleManager: Shutting down and abandoning module SequenceRecorderSections (910)
[2026.06.08-08.54.33:945][947]LogModuleManager: Shutting down and abandoning module AutomationWorker (908)
[2026.06.08-08.54.33:945][947]LogModuleManager: Shutting down and abandoning module SteamVREditor (906)
[2026.06.08-08.54.33:945][947]LogModuleManager: Shutting down and abandoning module OculusMR (904)
[2026.06.08-08.54.33:945][947]LogModuleManager: Shutting down and abandoning module TakeRecorderSources (902)
[2026.06.08-08.54.33:946][947]LogModuleManager: Shutting down and abandoning module TakeRecorder (901)
[2026.06.08-08.54.33:949][947]LogModuleManager: Shutting down and abandoning module TakeTrackRecorders (898)
[2026.06.08-08.54.33:949][947]LogModuleManager: Shutting down and abandoning module TakesCore (896)
[2026.06.08-08.54.33:949][947]LogModuleManager: Shutting down and abandoning module OpenXRInput (894)
[2026.06.08-08.54.33:949][947]LogModuleManager: Shutting down and abandoning module GooglePADEditor (892)
[2026.06.08-08.54.33:949][947]LogModuleManager: Shutting down and abandoning module AudioCaptureEditor (890)
[2026.06.08-08.54.33:949][947]LogModuleManager: Shutting down and abandoning module TemplateSequenceEditor (888)
[2026.06.08-08.54.33:951][947]LogModuleManager: Shutting down and abandoning module MatineeToLevelSequence (886)
[2026.06.08-08.54.33:951][947]LogModuleManager: Shutting down and abandoning module LevelSequenceEditor (884)
[2026.06.08-08.54.33:951][947]LogModuleManager: Shutting down and abandoning module WmfMediaFactory (882)
[2026.06.08-08.54.33:952][947]LogModuleManager: Shutting down and abandoning module WmfMediaEditor (880)
[2026.06.08-08.54.33:952][947]LogModuleManager: Shutting down and abandoning module ActorSequenceEditor (878)
[2026.06.08-08.54.33:953][947]LogModuleManager: Shutting down and abandoning module WebMMediaFactory (876)
[2026.06.08-08.54.33:953][947]LogModuleManager: Shutting down and abandoning module WebMMediaEditor (874)
[2026.06.08-08.54.33:953][947]LogModuleManager: Shutting down and abandoning module WebMMedia (872)
[2026.06.08-08.54.33:953][947]LogModuleManager: Shutting down and abandoning module MediaPlayerEditor (870)
[2026.06.08-08.54.33:953][947]LogModuleManager: Shutting down and abandoning module MediaCompositingEditor (868)
[2026.06.08-08.54.33:953][947]LogModuleManager: Shutting down and abandoning module SequenceRecorder (867)
[2026.06.08-08.54.33:953][947]LogModuleManager: Shutting down and abandoning module OpenExrWrapper (864)
[2026.06.08-08.54.33:953][947]LogModuleManager: Shutting down and abandoning module ImgMediaFactory (862)
[2026.06.08-08.54.33:953][947]LogModuleManager: Shutting down and abandoning module ImgMediaEditor (860)
[2026.06.08-08.54.33:953][947]LogModuleManager: Shutting down and abandoning module AvfMediaFactory (858)
[2026.06.08-08.54.33:953][947]LogModuleManager: Shutting down and abandoning module AvfMediaEditor (856)
[2026.06.08-08.54.33:953][947]LogModuleManager: Shutting down and abandoning module AndroidMediaFactory (854)
[2026.06.08-08.54.33:953][947]LogModuleManager: Shutting down and abandoning module AndroidMediaEditor (852)
[2026.06.08-08.54.33:953][947]LogModuleManager: Shutting down and abandoning module MagicLeapMediaCodecFactory (850)
[2026.06.08-08.54.33:953][947]LogModuleManager: Shutting down and abandoning module MagicLeapMediaFactory (848)
[2026.06.08-08.54.33:953][947]LogModuleManager: Shutting down and abandoning module MagicLeapMediaEditor (846)
[2026.06.08-08.54.33:953][947]LogModuleManager: Shutting down and abandoning module PlanarCut (844)
[2026.06.08-08.54.33:953][947]LogModuleManager: Shutting down and abandoning module CharacterAI (842)
[2026.06.08-08.54.33:953][947]LogModuleManager: Shutting down and abandoning module CameraShakePreviewer (840)
[2026.06.08-08.54.33:955][947]LogModuleManager: Shutting down and abandoning module TextureAlignMode (838)
[2026.06.08-08.54.33:955][947]LogModuleManager: Shutting down and abandoning module BspMode (836)
[2026.06.08-08.54.33:955][947]LogModuleManager: Shutting down and abandoning module GeometryMode (834)
[2026.06.08-08.54.33:956][947]LogModuleManager: Shutting down and abandoning module SmartSnapping (832)
[2026.06.08-08.54.33:956][947]LogModuleManager: Shutting down and abandoning module SessionServices (830)
[2026.06.08-08.54.33:956][947]LogModuleManager: Shutting down and abandoning module MeshPaint (828)
[2026.06.08-08.54.33:957][947]LogModuleManager: Shutting down and abandoning module VirtualTexturingEditor (826)
[2026.06.08-08.54.33:957][947]LogModuleManager: Shutting down and abandoning module FoliageEdit (824)
[2026.06.08-08.54.33:959][947]LogModuleManager: Shutting down and abandoning module LandscapeEditor (822)
[2026.06.08-08.54.33:960][947]LogModuleManager: Shutting down and abandoning module MeshPaintMode (820)
[2026.06.08-08.54.33:960][947]LogModuleManager: Shutting down and abandoning module SceneDepthPickerMode (818)
[2026.06.08-08.54.33:960][947]LogModuleManager: Shutting down and abandoning module ActorPickerMode (816)
[2026.06.08-08.54.33:960][947]LogModuleManager: Shutting down and abandoning module PlacementMode (814)
[2026.06.08-08.54.33:960][947]LogModuleManager: Shutting down and abandoning module ViewportSnapping (812)
[2026.06.08-08.54.33:960][947]LogModuleManager: Shutting down and abandoning module ViewportInteraction (810)
[2026.06.08-08.54.33:960][947]LogModuleManager: Shutting down and abandoning module ClothPainter (808)
[2026.06.08-08.54.33:961][947]LogModuleManager: Shutting down and abandoning module SkeletalMeshEditor (807)
[2026.06.08-08.54.33:961][947]LogModuleManager: Shutting down and abandoning module LogVisualizer (804)
[2026.06.08-08.54.33:961][947]LogModuleManager: Shutting down and abandoning module IntroTutorials (802)
[2026.06.08-08.54.33:962][947]LogModuleManager: Shutting down and abandoning module GameProjectGeneration (801)
[2026.06.08-08.54.33:962][947]LogModuleManager: Shutting down and abandoning module LuminPlatformEditor (798)
[2026.06.08-08.54.33:963][947]LogModuleManager: Shutting down and abandoning module IOSPlatformEditor (796)
[2026.06.08-08.54.33:963][947]LogModuleManager: Shutting down and abandoning module AndroidPlatformEditor (794)
[2026.06.08-08.54.33:963][947]LogModuleManager: Shutting down and abandoning module AndroidDeviceDetection (793)
[2026.06.08-08.54.34:897][947]LogModuleManager: Shutting down and abandoning module WindowsPlatformEditor (790)
[2026.06.08-08.54.34:897][947]LogModuleManager: Shutting down and abandoning module LuminRuntimeSettings (788)
[2026.06.08-08.54.34:897][947]LogModuleManager: Shutting down and abandoning module IOSRuntimeSettings (786)
[2026.06.08-08.54.34:897][947]LogModuleManager: Shutting down and abandoning module AndroidRuntimeSettings (784)
[2026.06.08-08.54.34:897][947]LogModuleManager: Shutting down and abandoning module TraceInsights (782)
[2026.06.08-08.54.34:899][947]MemoryProfiler: Shutdown
[2026.06.08-08.54.34:899][947]NetworkingProfiler: Shutdown
[2026.06.08-08.54.34:899][947]LoadingProfiler: Shutdown
[2026.06.08-08.54.34:899][947]TimingProfiler: Shutdown
[2026.06.08-08.54.34:901][947]LogModuleManager: Shutting down and abandoning module TraceServices (781)
[2026.06.08-08.54.34:902][947]LogModuleManager: Shutting down and abandoning module EditorInteractiveToolsFramework (778)
[2026.06.08-08.54.34:902][947]LogModuleManager: Shutting down and abandoning module TimeManagementEditor (776)
[2026.06.08-08.54.34:902][947]LogModuleManager: Shutting down and abandoning module InputBindingEditor (774)
[2026.06.08-08.54.34:902][947]LogModuleManager: Shutting down and abandoning module MergeActors (772)
[2026.06.08-08.54.34:902][947]LogModuleManager: Shutting down and abandoning module LocalizationDashboard (770)
[2026.06.08-08.54.34:902][947]LogModuleManager: Shutting down and abandoning module LocalizationService (769)
[2026.06.08-08.54.34:903][947]LogModuleManager: Shutting down and abandoning module HardwareTargeting (766)
[2026.06.08-08.54.34:903][947]LogModuleManager: Shutting down and abandoning module DeviceProfileEditor (764)
[2026.06.08-08.54.34:903][947]LogModuleManager: Shutting down and abandoning module UndoHistory (762)
[2026.06.08-08.54.34:903][947]LogModuleManager: Shutting down and abandoning module XmlParser (760)
[2026.06.08-08.54.34:903][947]LogModuleManager: Shutting down and abandoning module Blutility (758)
[2026.06.08-08.54.34:903][947]LogModuleManager: Shutting down and abandoning module ProjectSettingsViewer (756)
[2026.06.08-08.54.34:904][947]LogModuleManager: Shutting down and abandoning module ProjectTargetPlatformEditor (755)
[2026.06.08-08.54.34:905][947]LogModuleManager: Shutting down and abandoning module EditorSettingsViewer (752)
[2026.06.08-08.54.34:907][947]LogModuleManager: Shutting down and abandoning module InternationalizationSettings (751)
[2026.06.08-08.54.34:907][947]LogModuleManager: Shutting down and abandoning module SettingsEditor (748)
[2026.06.08-08.54.34:907][947]LogModuleManager: Shutting down and abandoning module ProjectLauncher (746)
[2026.06.08-08.54.34:908][947]LogModuleManager: Shutting down and abandoning module SessionFrontend (744)
[2026.06.08-08.54.34:908][947]LogModuleManager: Shutting down and abandoning module ProfilerClient (742)
[2026.06.08-08.54.34:908][947]LogModuleManager: Shutting down and abandoning module DeviceManager (740)
[2026.06.08-08.54.34:908][947]LogModuleManager: Shutting down and abandoning module TargetDeviceServices (739)
[2026.06.08-08.54.34:945][947]LogModuleManager: Shutting down and abandoning module AutomationController (736)
[2026.06.08-08.54.34:945][947]LogModuleManager: Shutting down and abandoning module AutomationWindow (734)
[2026.06.08-08.54.34:945][947]LogModuleManager: Shutting down and abandoning module Layers (732)
[2026.06.08-08.54.34:946][947]LogModuleManager: Shutting down and abandoning module ComponentVisualizers (730)
[2026.06.08-08.54.34:946][947]LogModuleManager: Shutting down and abandoning module DetailCustomizations (728)
[2026.06.08-08.54.34:946][947]LogModuleManager: Shutting down and abandoning module PackagesDialog (726)
[2026.06.08-08.54.34:949][947]LogModuleManager: Shutting down and abandoning module AnimationBlueprintEditor (724)
[2026.06.08-08.54.34:949][947]LogModuleManager: Shutting down and abandoning module Persona (722)
[2026.06.08-08.54.34:950][947]LogModuleManager: Shutting down and abandoning module AnimGraph (721)
[2026.06.08-08.54.34:951][947]LogModuleManager: Shutting down and abandoning module Kismet (718)
[2026.06.08-08.54.34:954][947]LogModuleManager: Shutting down and abandoning module KismetWidgets (717)
[2026.06.08-08.54.34:954][947]LogModuleManager: Shutting down and abandoning module GraphEditor (714)
[2026.06.08-08.54.34:956][947]LogModuleManager: Shutting down and abandoning module StructViewer (712)
[2026.06.08-08.54.34:956][947]LogModuleManager: Shutting down and abandoning module ClassViewer (710)
[2026.06.08-08.54.34:956][947]LogModuleManager: Shutting down and abandoning module Toolbox (708)
[2026.06.08-08.54.34:956][947]LogModuleManager: Shutting down and abandoning module ModuleUI (706)
[2026.06.08-08.54.34:957][947]LogModuleManager: Shutting down and abandoning module OutputLog (704)
[2026.06.08-08.54.34:959][947]LogModuleManager: Shutting down and abandoning module GammaUI (702)
[2026.06.08-08.54.34:959][947]LogModuleManager: Shutting down and abandoning module Documentation (700)
[2026.06.08-08.54.34:961][947]LogModuleManager: Shutting down and abandoning module LiveCoding (698)
[2026.06.08-08.54.34:961][947]LogModuleManager: Shutting down and abandoning module LevelSequence (696)
[2026.06.08-08.54.34:961][947]LogModuleManager: Shutting down and abandoning module MovieSceneTracks (694)
[2026.06.08-08.54.34:961][947]LogModuleManager: Shutting down and abandoning module MovieScene (692)
[2026.06.08-08.54.34:961][947]LogModuleManager: Shutting down and abandoning module StreamingPauseRendering (690)
[2026.06.08-08.54.34:961][947]LogModuleManager: Shutting down and abandoning module LauncherPlatform (688)
[2026.06.08-08.54.34:961][947]LogModuleManager: Shutting down and abandoning module AnalyticsET (686)
[2026.06.08-08.54.34:961][947]LogModuleManager: Shutting down and abandoning module PortalServices (684)
[2026.06.08-08.54.34:961][947]LogModuleManager: Shutting down and abandoning module PortalRpc (682)
[2026.06.08-08.54.34:961][947]LogModuleManager: Shutting down and abandoning module MessagingRpc (680)
[2026.06.08-08.54.34:961][947]LogModuleManager: Shutting down and abandoning module AudioMixerXAudio2 (678)
[2026.06.08-08.54.34:961][947]LogModuleManager: Shutting down and abandoning module AudioMixerCore (677)
[2026.06.08-08.54.34:961][947]LogModuleManager: Shutting down and abandoning module AIModule (674)
[2026.06.08-08.54.34:962][947]LogModuleManager: Shutting down and abandoning module GameplayDebugger (673)
[2026.06.08-08.54.34:962][947]LogModuleManager: Shutting down and abandoning module AITestSuite (671)
[2026.06.08-08.54.34:962][947]LogModuleManager: Shutting down and abandoning module NavigationSystem (669)
[2026.06.08-08.54.34:962][947]LogModuleManager: Shutting down and abandoning module ImageWriteQueue (666)
[2026.06.08-08.54.34:962][947]LogModuleManager: Shutting down and abandoning module ProfilerService (664)
[2026.06.08-08.54.35:217][947]LogModuleManager: Shutting down and abandoning module TaskGraph (662)
[2026.06.08-08.54.35:217][947]LogModuleManager: Shutting down and abandoning module AudioSynesthesiaEditor (660)
[2026.06.08-08.54.35:217][947]LogModuleManager: Shutting down and abandoning module OculusEditor (658)
[2026.06.08-08.54.35:219][947]LogModuleManager: Shutting down and abandoning module OculusInput (656)
[2026.06.08-08.54.35:219][947]LogModuleManager: Shutting down and abandoning module ContentBrowserFileDataSource (654)
[2026.06.08-08.54.35:219][947]LogModuleManager: Shutting down and abandoning module ContentBrowserClassDataSource (652)
[2026.06.08-08.54.35:219][947]LogModuleManager: Shutting down and abandoning module ContentBrowserAssetDataSource (650)
[2026.06.08-08.54.35:219][947]LogModuleManager: Shutting down and abandoning module CollectionManager (649)
[2026.06.08-08.54.35:219][947]LogModuleManager: Shutting down and abandoning module OodleNetworkHandlerComponent (646)
[2026.06.08-08.54.35:219][947]LogModuleManager: Shutting down and abandoning module TakeSequencer (644)
[2026.06.08-08.54.35:220][947]LogModuleManager: Shutting down and abandoning module TakeMovieScene (642)
[2026.06.08-08.54.35:220][947]LogModuleManager: Shutting down and abandoning module SynthesisEditor (640)
[2026.06.08-08.54.35:220][947]LogModuleManager: Shutting down and abandoning module Synthesis (638)
[2026.06.08-08.54.35:221][947]LogModuleManager: Shutting down and abandoning module ProceduralMeshComponentEditor (636)
[2026.06.08-08.54.35:221][947]LogModuleManager: Shutting down and abandoning module ProceduralMeshComponent (634)
[2026.06.08-08.54.35:221][947]LogModuleManager: Shutting down and abandoning module ScreenshotTools (632)
[2026.06.08-08.54.35:221][947]LogModuleManager: Shutting down and abandoning module OpenXREditor (630)
[2026.06.08-08.54.35:222][947]LogModuleManager: Shutting down and abandoning module MobilePatchingUtils (628)
[2026.06.08-08.54.35:222][947]LogModuleManager: Shutting down and abandoning module HairStrandsEditor (626)
[2026.06.08-08.54.35:223][947]LogModuleManager: Shutting down and abandoning module GooglePAD (624)
[2026.06.08-08.54.35:223][947]LogModuleManager: Shutting down and abandoning module EditableMesh (622)
[2026.06.08-08.54.35:224][947]LogModuleManager: Shutting down and abandoning module CustomMeshComponent (620)
[2026.06.08-08.54.35:224][947]LogModuleManager: Shutting down and abandoning module CableComponent (618)
[2026.06.08-08.54.35:224][947]LogModuleManager: Shutting down and abandoning module AudioCapture (616)
[2026.06.08-08.54.35:224][947]LogModuleManager: Shutting down and abandoning module AudioCaptureRtAudio (615)
[2026.06.08-08.54.35:224][947]LogModuleManager: Shutting down and abandoning module ArchVisCharacter (612)
[2026.06.08-08.54.35:224][947]LogModuleManager: Shutting down and abandoning module AssetTags (610)
[2026.06.08-08.54.35:224][947]LogModuleManager: Shutting down and abandoning module AppleImageUtilsBlueprintSupport (608)
[2026.06.08-08.54.35:224][947]LogModuleManager: Shutting down and abandoning module AppleImageUtils (606)
[2026.06.08-08.54.35:224][947]LogModuleManager: Shutting down and abandoning module AndroidPermission (604)
[2026.06.08-08.54.35:224][947]LogModuleManager: Shutting down and abandoning module ActorLayerUtilitiesEditor (602)
[2026.06.08-08.54.35:224][947]LogModuleManager: Shutting down and abandoning module ActorLayerUtilities (600)
[2026.06.08-08.54.35:224][947]LogModuleManager: Shutting down and abandoning module TemplateSequence (598)
[2026.06.08-08.54.35:224][947]LogModuleManager: Shutting down and abandoning module MediaCompositing (596)
[2026.06.08-08.54.35:224][947]LogModuleManager: Shutting down and abandoning module ImgMedia (594)
[2026.06.08-08.54.35:224][947]LogModuleManager: Shutting down and abandoning module MagicLeapSharedWorld (592)
[2026.06.08-08.54.35:224][947]LogModuleManager: Shutting down and abandoning module MagicLeapLightEstimation (590)
[2026.06.08-08.54.35:225][947]LogModuleManager: Shutting down and abandoning module MagicLeapHelperVulkan (588)
[2026.06.08-08.54.35:225][947]LogModuleManager: Shutting down and abandoning module MagicLeapHelperOpenGL (586)
[2026.06.08-08.54.35:225][947]LogModuleManager: Shutting down and abandoning module MagicLeapAudio (584)
[2026.06.08-08.54.35:225][947]LogModuleManager: Shutting down and abandoning module NiagaraEditorWidgets (582)
[2026.06.08-08.54.35:227][947]LogModuleManager: Shutting down and abandoning module OpenImageDenoise (580)
[2026.06.08-08.54.35:227][947]LogOpenImageDenoise: OIDN shutting down
[2026.06.08-08.54.35:227][947]LogModuleManager: Shutting down and abandoning module MotoSynthEditor (578)
[2026.06.08-08.54.35:227][947]LogModuleManager: Shutting down and abandoning module MotoSynth (576)
[2026.06.08-08.54.35:227][947]LogModuleManager: Shutting down and abandoning module ModelingToolsEditorMode (574)
[2026.06.08-08.54.35:231][947]LogModuleManager: Shutting down and abandoning module MeshModelingToolsEditorOnly (572)
[2026.06.08-08.54.35:231][947]LogModuleManager: Shutting down and abandoning module MeshModelingTools (570)
[2026.06.08-08.54.35:232][947]LogModuleManager: Shutting down and abandoning module ModelingOperatorsEditorOnly (568)
[2026.06.08-08.54.35:232][947]LogModuleManager: Shutting down and abandoning module ModelingOperators (566)
[2026.06.08-08.54.35:233][947]LogModuleManager: Shutting down and abandoning module ModelingComponents (564)
[2026.06.08-08.54.35:233][947]LogModuleManager: Shutting down and abandoning module MeshConversion (562)
[2026.06.08-08.54.35:234][947]LogModuleManager: Shutting down and abandoning module DynamicMesh (560)
[2026.06.08-08.54.35:234][947]LogModuleManager: Shutting down and abandoning module GeometryAlgorithms (558)
[2026.06.08-08.54.35:234][947]LogModuleManager: Shutting down and abandoning module GeometricObjects (556)
[2026.06.08-08.54.35:234][947]LogModuleManager: Shutting down and abandoning module GeometryCollectionTracks (554)
[2026.06.08-08.54.35:234][947]LogModuleManager: Shutting down and abandoning module GeometryCollectionSequencer (553)
[2026.06.08-08.54.35:234][947]LogModuleManager: Shutting down and abandoning module GeometryCollectionEditor (550)
[2026.06.08-08.54.35:234][947]LogModuleManager: Shutting down and abandoning module GeometryCacheTracks (548)
[2026.06.08-08.54.35:234][947]LogModuleManager: Shutting down and abandoning module GeometryCacheStreamer (546)
[2026.06.08-08.54.35:234][947]LogModuleManager: Shutting down and abandoning module GeometryCacheSequencer (544)
[2026.06.08-08.54.35:234][947]LogModuleManager: Shutting down and abandoning module FractureEditor (542)
[2026.06.08-08.54.35:234][947]LogModuleManager: Shutting down and abandoning module ChaosSolverEditor (540)
[2026.06.08-08.54.35:235][947]LogModuleManager: Shutting down and abandoning module ChaosNiagara (538)
[2026.06.08-08.54.35:235][947]LogModuleManager: Shutting down and abandoning module VisualStudioCodeSourceCodeAccess (536)
[2026.06.08-08.54.35:235][947]LogModuleManager: Shutting down and abandoning module ChaosClothEditor (534)
[2026.06.08-08.54.35:235][947]LogModuleManager: Shutting down and abandoning module BlastCore (532)
[2026.06.08-08.54.35:236][947]LogModuleManager: Shutting down and abandoning module BlastAuthoring (530)
[2026.06.08-08.54.35:236][947]LogModuleManager: Shutting down and abandoning module VisualStudioSourceCodeAccess (528)
[2026.06.08-08.54.35:236][947]LogModuleManager: Shutting down and abandoning module BackChannel (526)
[2026.06.08-08.54.35:236][947]LogModuleManager: Shutting down and abandoning module AutomationUtilsEditor (524)
[2026.06.08-08.54.35:236][947]LogModuleManager: Shutting down and abandoning module AutomationUtils (522)
[2026.06.08-08.54.35:236][947]LogModuleManager: Shutting down and abandoning module AlembicImporter (520)
[2026.06.08-08.54.35:236][947]LogModuleManager: Shutting down and abandoning module AlembicLibrary (519)
[2026.06.08-08.54.35:236][947]LogModuleManager: Shutting down and abandoning module GeometryCache (518)
[2026.06.08-08.54.35:236][947]LogModuleManager: Shutting down and abandoning module GeometryCacheEd (517)
[2026.06.08-08.54.35:236][947]LogModuleManager: Shutting down and abandoning module UObjectPlugin (512)
[2026.06.08-08.54.35:236][947]LogModuleManager: Shutting down and abandoning module SubversionSourceControl (510)
[2026.06.08-08.54.35:236][947]LogModuleManager: Shutting down and abandoning module RiderSourceCodeAccess (508)
[2026.06.08-08.54.35:236][947]LogModuleManager: Shutting down and abandoning module PluginUtils (506)
[2026.06.08-08.54.35:236][947]LogModuleManager: Shutting down and abandoning module PlasticSourceControl (504)
[2026.06.08-08.54.35:236][947]LogModuleManager: Shutting down and abandoning module PerforceSourceControl (502)
[2026.06.08-08.54.35:237][947]LogModuleManager: Shutting down and abandoning module GitSourceControl (500)
[2026.06.08-08.54.35:237][947]LogModuleManager: Shutting down and abandoning module SourceControl (499)
[2026.06.08-08.54.35:237][947]LogModuleManager: Shutting down and abandoning module CLionSourceCodeAccess (496)
[2026.06.08-08.54.35:237][947]LogModuleManager: Shutting down and abandoning module AnimationSharingEd (494)
[2026.06.08-08.54.35:237][947]LogModuleManager: Shutting down and abandoning module LiveLinkSequencer (492)
[2026.06.08-08.54.35:238][947]LogModuleManager: Shutting down and abandoning module LiveLinkMovieScene (490)
[2026.06.08-08.54.35:238][947]LogModuleManager: Shutting down and abandoning module LiveLinkGraphNode (488)
[2026.06.08-08.54.35:238][947]LogModuleManager: Shutting down and abandoning module LiveLinkEditor (486)
[2026.06.08-08.54.35:238][947]LogModuleManager: Shutting down and abandoning module LiveLinkComponents (484)
[2026.06.08-08.54.35:238][947]LogModuleManager: Shutting down and abandoning module LiveLink (482)
[2026.06.08-08.54.36:176][947]LogModuleManager: Shutting down and abandoning module VariantManager (480)
[2026.06.08-08.54.36:181][947]LogModuleManager: Shutting down and abandoning module StaticMeshEditorExtension (478)
[2026.06.08-08.54.36:183][947]LogModuleManager: Shutting down and abandoning module StaticMeshEditor (477)
[2026.06.08-08.54.36:183][947]LogModuleManager: Shutting down and abandoning module AdvancedPreviewScene (476)
[2026.06.08-08.54.36:183][947]LogModuleManager: Shutting down and abandoning module MeshProcessingLibrary (473)
[2026.06.08-08.54.36:185][947]LogModuleManager: Shutting down and abandoning module VariantManagerContentEditor (470)
[2026.06.08-08.54.36:185][947]LogModuleManager: Shutting down and abandoning module DirectLinkTest (468)
[2026.06.08-08.54.36:185][947]LogModuleManager: Shutting down and abandoning module DatasmithNativeTranslator (466)
[2026.06.08-08.54.36:186][947]LogModuleManager: Shutting down and abandoning module DatasmithTranslator (464)
[2026.06.08-08.54.36:189][947]LogModuleManager: Shutting down and abandoning module DatasmithImporter (462)
[2026.06.08-08.54.36:189][947]LogModuleManager: Shutting down and abandoning module DatasmithContentEditor (460)
[2026.06.08-08.54.36:190][947]LogModuleManager: Shutting down and abandoning module DataprepEditorScriptingUtilities (458)
[2026.06.08-08.54.36:190][947]LogModuleManager: Shutting down and abandoning module DataprepLibraries (456)
[2026.06.08-08.54.36:190][947]LogModuleManager: Shutting down and abandoning module DataprepCore (454)
[2026.06.08-08.54.36:192][947]LogModuleManager: Shutting down and abandoning module DataprepEditor (452)
[2026.06.08-08.54.36:196][947]LogModuleManager: Shutting down and abandoning module StylusInput (450)
[2026.06.08-08.54.36:196][947]LogModuleManager: Shutting down and abandoning module SpeedTreeImporter (448)
[2026.06.08-08.54.36:196][947]LogModuleManager: Shutting down and abandoning module PolygonModeling (446)
[2026.06.08-08.54.36:196][947]LogModuleManager: Shutting down and abandoning module MeshEditor (444)
[2026.06.08-08.54.36:197][947]LogModuleManager: Shutting down and abandoning module FieldSystemEngine (443)
[2026.06.08-08.54.36:197][947]LogModuleManager: Shutting down and abandoning module PluginBrowser (440)
[2026.06.08-08.54.36:197][947]LogModuleManager: Shutting down and abandoning module MobileLauncherProfileWizard (438)
[2026.06.08-08.54.36:198][947]LogModuleManager: Shutting down and abandoning module MaterialAnalyzer (436)
[2026.06.08-08.54.36:198][947]LogModuleManager: Shutting down and abandoning module LightPropagationVolumeEditor (434)
[2026.06.08-08.54.36:198][947]LogModuleManager: Shutting down and abandoning module EditorScriptingUtilities (432)
[2026.06.08-08.54.36:199][947]LogModuleManager: Shutting down and abandoning module CurveEditorTools (430)
[2026.06.08-08.54.36:199][947]LogModuleManager: Shutting down and abandoning module CryptoKeysOpenSSL (428)
[2026.06.08-08.54.36:199][947]LogModuleManager: Shutting down and abandoning module CryptoKeys (426)
[2026.06.08-08.54.36:199][947]LogModuleManager: Shutting down and abandoning module PaperTiledImporter (424)
[2026.06.08-08.54.36:199][947]LogModuleManager: Shutting down and abandoning module PaperSpriteSheetImporter (422)
[2026.06.08-08.54.36:199][947]LogModuleManager: Shutting down and abandoning module Paper2DEditor (420)
[2026.06.08-08.54.36:200][947]LogModuleManager: Shutting down and abandoning module MeshPaintingToolset (418)
[2026.06.08-08.54.36:200][947]LogModuleManager: Shutting down and abandoning module MeshPaintEditorMode (416)
[2026.06.08-08.54.36:200][947]LogModuleManager: Shutting down and abandoning module BlueprintFileUtils (414)
[2026.06.08-08.54.36:200][947]LogModuleManager: Shutting down and abandoning module SoundFields (412)
[2026.06.08-08.54.36:200][947]LogModuleManager: Shutting down and abandoning module SignificanceManager (410)
[2026.06.08-08.54.36:200][947]LogModuleManager: Shutting down and abandoning module RuntimePhysXCooking (408)
[2026.06.08-08.54.36:200][947]LogModuleManager: Shutting down and abandoning module PropertyAccessEditor (406)
[2026.06.08-08.54.36:201][947]LogModuleManager: Shutting down and abandoning module PhysXVehiclesEditor (404)
[2026.06.08-08.54.36:201][947]LogModuleManager: Shutting down and abandoning module LocationServicesBPLibrary (400)
[2026.06.08-08.54.36:201][947]LogModuleManager: Shutting down and abandoning module AudioSynesthesia (398)
[2026.06.08-08.54.36:201][947]LogModuleManager: Shutting down and abandoning module AudioSynesthesiaCore (396)
[2026.06.08-08.54.36:201][947]LogModuleManager: Shutting down and abandoning module TcpMessaging (394)
[2026.06.08-08.54.36:301][947]LogModuleManager: Shutting down and abandoning module UdpMessaging (392)
[2026.06.08-08.54.36:402][947]LogModuleManager: Shutting down and abandoning module ActorSequence (390)
[2026.06.08-08.54.36:402][947]LogModuleManager: Shutting down and abandoning module ImgMediaEngine (388)
[2026.06.08-08.54.36:402][947]LogModuleManager: Shutting down and abandoning module MagicLeapARPin (386)
[2026.06.08-08.54.36:402][947]LogModuleManager: Shutting down and abandoning module MagicLeapHandMeshing (384)
[2026.06.08-08.54.36:402][947]LogModuleManager: Shutting down and abandoning module MagicLeapSecureStorage (382)
[2026.06.08-08.54.36:402][947]LogModuleManager: Shutting down and abandoning module MagicLeapPrivileges (380)
[2026.06.08-08.54.36:402][947]LogModuleManager: Shutting down and abandoning module MagicLeapPlanes (378)
[2026.06.08-08.54.36:402][947]LogMagicLeapPlanes: Planes tracker already destroyed.
[2026.06.08-08.54.36:402][947]LogModuleManager: Shutting down and abandoning module MagicLeapImageTracker (376)
[2026.06.08-08.54.36:402][947]LogModuleManager: Shutting down and abandoning module MagicLeapIdentity (374)
[2026.06.08-08.54.36:402][947]LogModuleManager: Shutting down and abandoning module MagicLeapHandTracking (372)
[2026.06.08-08.54.36:403][947]LogModuleManager: Shutting down and abandoning module MagicLeapEyeTracker (370)
[2026.06.08-08.54.36:403][947]LogModuleManager: Shutting down and abandoning module MagicLeapController (368)
[2026.06.08-08.54.36:403][947]LogModuleManager: Shutting down and abandoning module MagicLeapARPinImpl (366)
[2026.06.08-08.54.36:403][947]LogModuleManager: Shutting down and abandoning module MagicLeapAR (364)
[2026.06.08-08.54.36:403][947]LogModuleManager: Shutting down and abandoning module NiagaraAnimNotifies (362)
[2026.06.08-08.54.36:403][947]LogModuleManager: Shutting down and abandoning module Niagara (360)
[2026.06.08-08.54.36:403][947]LogModuleManager: Shutting down and abandoning module SignalProcessing (359)
[2026.06.08-08.54.36:403][947]LogModuleManager: Shutting down and abandoning module NiagaraEditor (357)
[2026.06.08-08.54.36:404][947]LogModuleManager: Shutting down and abandoning module NiagaraCore (354)
[2026.06.08-08.54.36:404][947]LogModuleManager: Shutting down and abandoning module PythonScriptPlugin (352)
[2026.06.08-08.54.36:404][947]LogModuleManager: Shutting down and abandoning module PropertyAccessNode (350)
[2026.06.08-08.54.36:404][947]LogModuleManager: Shutting down and abandoning module AnimationSharing (348)
[2026.06.08-08.54.36:404][947]LogModuleManager: Shutting down and abandoning module GameplayCameras (346)
[2026.06.08-08.54.36:404][947]LogModuleManager: Shutting down and abandoning module EnvironmentQueryEditor (344)
[2026.06.08-08.54.36:404][947]LogModuleManager: Shutting down and abandoning module LightPropagationVolumeRuntime (342)
[2026.06.08-08.54.36:404][947]LogModuleManager: Shutting down and abandoning module GameplayTagsEditor (340)
[2026.06.08-08.54.36:405][947]LogModuleManager: Shutting down and abandoning module FacialAnimationEditor (338)
[2026.06.08-08.54.36:406][947]LogModuleManager: Shutting down and abandoning module FacialAnimation (336)
[2026.06.08-08.54.36:406][947]LogModuleManager: Shutting down and abandoning module DataValidation (334)
[2026.06.08-08.54.36:406][947]LogModuleManager: Shutting down and abandoning module AssetManagerEditor (332)
[2026.06.08-08.54.36:406][947]LogModuleManager: Shutting down and abandoning module LevelEditor (331)
[2026.06.08-08.54.36:444][947]LogModuleManager: Shutting down and abandoning module PixelInspectorModule (330)
[2026.06.08-08.54.36:444][947]LogModuleManager: Shutting down and abandoning module CommonMenuExtensions (328)
[2026.06.08-08.54.36:447][947]LogModuleManager: Shutting down and abandoning module MainFrame (326)
[2026.06.08-08.54.36:447][947]LogModuleManager: Shutting down and abandoning module HotReload (325)
[2026.06.08-08.54.36:449][947]LogModuleManager: Shutting down and abandoning module ToolMenus (321)
[2026.06.08-08.54.36:449][947]LogModuleManager: Shutting down and abandoning module ContentBrowser (319)
[2026.06.08-08.54.36:449][947]LogModuleManager: Shutting down and abandoning module ContentBrowserData (318)
[2026.06.08-08.54.36:449][947]LogModuleManager: Shutting down and abandoning module TreeMap (315)
[2026.06.08-08.54.36:450][947]LogModuleManager: Shutting down and abandoning module Paper2D (312)
[2026.06.08-08.54.36:450][947]LogModuleManager: Shutting down and abandoning module WindowsMoviePlayer (310)
[2026.06.08-08.54.36:476][947]LogModuleManager: Shutting down and abandoning module WebMMoviePlayer (308)
[2026.06.08-08.54.36:477][947]LogModuleManager: Shutting down and abandoning module NetworkReplayStreaming (306)
[2026.06.08-08.54.36:477][947]LogModuleManager: Shutting down and abandoning module PacketHandler (304)
[2026.06.08-08.54.36:477][947]LogModuleManager: Shutting down and abandoning module ClothingSystemEditor (302)
[2026.06.08-08.54.36:478][947]LogModuleManager: Shutting down and abandoning module ClothingSystemRuntimeNv (300)
[2026.06.08-08.54.36:479][947]LogModuleManager: Shutting down and abandoning module MediaAssets (298)
[2026.06.08-08.54.36:479][947]LogModuleManager: Shutting down and abandoning module Overlay (296)
[2026.06.08-08.54.36:479][947]LogModuleManager: Shutting down and abandoning module OverlayEditor (295)
[2026.06.08-08.54.36:479][947]LogModuleManager: Shutting down and abandoning module VREditor (292)
[2026.06.08-08.54.36:479][947]LogModuleManager: Shutting down and abandoning module StringTableEditor (290)
[2026.06.08-08.54.36:479][947]LogModuleManager: Shutting down and abandoning module GameplayTasksEditor (288)
[2026.06.08-08.54.36:479][947]LogModuleManager: Shutting down and abandoning module BehaviorTreeEditor (286)
[2026.06.08-08.54.36:479][947]LogModuleManager: Shutting down and abandoning module FunctionalTesting (284)
[2026.06.08-08.54.36:479][947]LogModuleManager: Shutting down and abandoning module CollisionAnalyzer (282)
[2026.06.08-08.54.36:480][947]LogModuleManager: Shutting down and abandoning module WorkspaceMenuStructure (281)
[2026.06.08-08.54.36:480][947]LogModuleManager: Shutting down and abandoning module UMG (278)
[2026.06.08-08.54.36:480][947]LogModuleManager: Shutting down and abandoning module UMGEditor (277)
[2026.06.08-08.54.36:480][947]LogModuleManager: Shutting down and abandoning module MessageLog (275)
[2026.06.08-08.54.36:480][947]LogModuleManager: Shutting down and abandoning module SlateReflector (270)
[2026.06.08-08.54.36:481][947]LogModuleManager: Shutting down and abandoning module Slate (268)
[2026.06.08-08.54.36:481][947]LogModuleManager: Shutting down and abandoning module SlateCore (266)
[2026.06.08-08.54.36:485][947]LogModuleManager: Shutting down and abandoning module LandscapeEditorUtilities (264)
[2026.06.08-08.54.36:485][947]LogModuleManager: Shutting down and abandoning module UnrealEd (262)
[2026.06.08-08.54.36:485][947]LogModuleManager: Shutting down and abandoning module MRMesh (260)
[2026.06.08-08.54.36:485][947]LogModuleManager: Shutting down and abandoning module SourceCodeAccess (258)
[2026.06.08-08.54.36:485][947]LogModuleManager: Shutting down and abandoning module HeadMountedDisplay (256)
[2026.06.08-08.54.36:485][947]LogModuleManager: Shutting down and abandoning module XAudio2 (254)
[2026.06.08-08.54.36:485][947]LogModuleManager: Shutting down and abandoning module Networking (252)
[2026.06.08-08.54.36:485][947]LogModuleManager: Shutting down and abandoning module Core (250)
[2026.06.08-08.54.36:485][947]LogModuleManager: Shutting down and abandoning module MaterialEditor (248)
[2026.06.08-08.54.36:485][947]LogModuleManager: Shutting down and abandoning module MovieSceneTools (246)
[2026.06.08-08.54.36:486][947]LogModuleManager: Shutting down and abandoning module CurveEditor (245)
[2026.06.08-08.54.36:488][947]LogModuleManager: Shutting down and abandoning module Sequencer (243)
[2026.06.08-08.54.36:491][947]LogModuleManager: Shutting down and abandoning module EditorStyle (242)
[2026.06.08-08.54.36:512][947]LogModuleManager: Shutting down and abandoning module KismetCompiler (238)
[2026.06.08-08.54.36:512][947]LogModuleManager: Shutting down and abandoning module MeshBuilder (236)
[2026.06.08-08.54.36:512][947]LogModuleManager: Shutting down and abandoning module MeshUtilities (234)
[2026.06.08-08.54.36:513][947]LogModuleManager: Shutting down and abandoning module MeshMergeUtilities (233)
[2026.06.08-08.54.36:514][947]LogModuleManager: Shutting down and abandoning module MeshReductionInterface (232)
[2026.06.08-08.54.36:514][947]LogModuleManager: Shutting down and abandoning module MeshBoneReduction (231)
[2026.06.08-08.54.36:516][947]LogModuleManager: Shutting down and abandoning module SkeletalMeshReduction (229)
[2026.06.08-08.54.36:516][947]LogModuleManager: Shutting down and abandoning module ProxyLODMeshReduction (227)
[2026.06.08-08.54.36:517][947]LogModuleManager: Shutting down and abandoning module QuadricMeshReduction (225)
[2026.06.08-08.54.36:517][947]LogModuleManager: Shutting down and abandoning module MaterialBaking (221)
[2026.06.08-08.54.36:517][947]LogModuleManager: Shutting down and abandoning module NullInstallBundleManager (216)
[2026.06.08-08.54.36:517][947]LogModuleManager: Shutting down and abandoning module DerivedDataCache (214)
[2026.06.08-08.54.36:519][947]LogModuleManager: Shutting down and abandoning module TargetPlatform (212)
[2026.06.08-08.54.36:522][947]LogModuleManager: Shutting down and abandoning module VulkanShaderFormat (211)
[2026.06.08-08.54.36:525][947]LogModuleManager: Shutting down and abandoning module ShaderFormatVectorVM (209)
[2026.06.08-08.54.36:526][947]LogModuleManager: Shutting down and abandoning module ShaderFormatOpenGL (207)
[2026.06.08-08.54.36:526][947]LogModuleManager: Shutting down and abandoning module ShaderFormatD3D (205)
[2026.06.08-08.54.36:527][947]LogModuleManager: Shutting down and abandoning module MetalShaderFormat (203)
[2026.06.08-08.54.36:528][947]LogModuleManager: Shutting down and abandoning module TextureFormatOodle (201)
[2026.06.08-08.54.36:529][947]LogModuleManager: Shutting down and abandoning module TextureFormatUncompressed (199)
[2026.06.08-08.54.36:530][947]LogModuleManager: Shutting down and abandoning module TextureFormatPVR (197)
[2026.06.08-08.54.36:530][947]LogModuleManager: Shutting down and abandoning module TextureFormatETC2 (195)
[2026.06.08-08.54.36:531][947]LogModuleManager: Shutting down and abandoning module TextureFormatDXT (193)
[2026.06.08-08.54.36:532][947]LogModuleManager: Shutting down and abandoning module TextureFormatIntelISPCTexComp (191)
[2026.06.08-08.54.36:533][947]LogModuleManager: Shutting down and abandoning module TextureFormatASTC (189)
[2026.06.08-08.54.36:534][947]LogModuleManager: Shutting down and abandoning module ImageWrapper (188)
[2026.06.08-08.54.36:534][947]LogModuleManager: Shutting down and abandoning module AudioFormatOpus (185)
[2026.06.08-08.54.36:535][947]LogModuleManager: Shutting down and abandoning module AudioFormatOgg (183)
[2026.06.08-08.54.36:535][947]LogModuleManager: Shutting down and abandoning module AudioFormatADPCM (181)
[2026.06.08-08.54.36:536][947]LogModuleManager: Shutting down and abandoning module WindowsServerTargetPlatform (179)
[2026.06.08-08.54.36:536][947]LogModuleManager: Shutting down and abandoning module WindowsClientTargetPlatform (177)
[2026.06.08-08.54.36:537][947]LogModuleManager: Shutting down and abandoning module WindowsTargetPlatform (175)
[2026.06.08-08.54.36:537][947]LogModuleManager: Shutting down and abandoning module WindowsNoEditorTargetPlatform (173)
[2026.06.08-08.54.36:538][947]LogModuleManager: Shutting down and abandoning module TVOSTargetPlatform (171)
[2026.06.08-08.54.36:587][947]LogModuleManager: Shutting down and abandoning module MacServerTargetPlatform (169)
[2026.06.08-08.54.36:588][947]LogModuleManager: Shutting down and abandoning module MacClientTargetPlatform (167)
[2026.06.08-08.54.36:588][947]LogModuleManager: Shutting down and abandoning module MacTargetPlatform (165)
[2026.06.08-08.54.36:589][947]LogModuleManager: Shutting down and abandoning module MacNoEditorTargetPlatform (163)
[2026.06.08-08.54.36:590][947]LogModuleManager: Shutting down and abandoning module LuminTargetPlatform (161)
[2026.06.08-08.54.36:656][947]LogModuleManager: Shutting down and abandoning module LinuxAArch64ServerTargetPlatform (159)
[2026.06.08-08.54.36:656][947]LogModuleManager: Shutting down and abandoning module LinuxAArch64ClientTargetPlatform (157)
[2026.06.08-08.54.36:656][947]LogModuleManager: Shutting down and abandoning module LinuxAArch64NoEditorTargetPlatform (155)
[2026.06.08-08.54.36:657][947]LogModuleManager: Shutting down and abandoning module LinuxServerTargetPlatform (153)
[2026.06.08-08.54.36:657][947]LogModuleManager: Shutting down and abandoning module LinuxClientTargetPlatform (151)
[2026.06.08-08.54.36:657][947]LogModuleManager: Shutting down and abandoning module LinuxNoEditorTargetPlatform (149)
[2026.06.08-08.54.36:657][947]LogModuleManager: Shutting down and abandoning module LinuxTargetPlatform (147)
[2026.06.08-08.54.36:658][947]LogModuleManager: Shutting down and abandoning module Messaging (145)
[2026.06.08-08.54.36:658][947]LogModuleManager: Shutting down and abandoning module IOSTargetPlatform (143)
[2026.06.08-08.54.36:688][947]LogModuleManager: Shutting down and abandoning module AndroidTargetPlatform (141)
[2026.06.08-08.54.36:808][947]LogModuleManager: Shutting down and abandoning module AllDesktopTargetPlatform (139)
[2026.06.08-08.54.36:808][947]LogModuleManager: Shutting down and abandoning module D3D11RHI (136)
[2026.06.08-08.54.36:808][947]LogModuleManager: Shutting down and abandoning module InputCore (134)
[2026.06.08-08.54.36:808][947]LogModuleManager: Shutting down and abandoning module Settings (132)
[2026.06.08-08.54.36:810][947]LogModuleManager: Shutting down and abandoning module DirectoryWatcher (130)
[2026.06.08-08.54.36:837][947]LogModuleManager: Shutting down and abandoning module PhysXCooking (128)
[2026.06.08-08.54.36:837][947]LogModuleManager: Shutting down and abandoning module Chaos (126)
[2026.06.08-08.54.36:837][947]LogModuleManager: Shutting down and abandoning module WindowsPlatformFeatures (124)
[2026.06.08-08.54.36:837][947]LogModuleManager: Shutting down and abandoning module GameplayMediaEncoder (123)
[2026.06.08-08.54.36:837][947]LogModuleManager: Shutting down and abandoning module AVEncoder (122)
[2026.06.08-08.54.36:838][947]LogModuleManager: Shutting down and abandoning module SteamVRInputDevice (118)
[2026.06.08-08.54.36:838][947]LogModuleManager: Shutting down and abandoning module SteamVRInput (116)
[2026.06.08-08.54.36:838][947]LogModuleManager: Shutting down and abandoning module SteamVR (114)
[2026.06.08-08.54.36:838][947]LogHMD: Freeing OpenVRDLLHandle.
[2026.06.08-08.54.36:839][947]LogModuleManager: Shutting down and abandoning module OculusHMD (112)
[2026.06.08-08.54.36:839][947]LogModuleManager: Shutting down and abandoning module OpenXRHandTracking (110)
[2026.06.08-08.54.36:841][947]LogSlate: Slate User Destroyed.  User Index 0, Is Virtual User: 0
[2026.06.08-08.54.36:841][947]LogModuleManager: Shutting down and abandoning module OpenXREyeTracker (108)
[2026.06.08-08.54.36:841][947]LogModuleManager: Shutting down and abandoning module OpenXRAR (106)
[2026.06.08-08.54.36:841][947]LogModuleManager: Shutting down and abandoning module AugmentedReality (105)
[2026.06.08-08.54.36:841][947]LogModuleManager: Shutting down and abandoning module OpenXRHMD (102)
[2026.06.08-08.54.36:846][947]LogModuleManager: Shutting down and abandoning module HairStrandsCore (100)
[2026.06.08-08.54.36:846][947]LogModuleManager: Shutting down and abandoning module ExampleDeviceProfileSelector (98)
[2026.06.08-08.54.36:846][947]LogModuleManager: Shutting down and abandoning module ChunkDownloader (96)
[2026.06.08-08.54.36:846][947]LogModuleManager: Shutting down and abandoning module LauncherChunkInstaller (94)
[2026.06.08-08.54.36:846][947]LogModuleManager: Shutting down and abandoning module OnlineBlueprintSupport (92)
[2026.06.08-08.54.36:846][947]LogModuleManager: Shutting down and abandoning module OnlineSubsystem (88)
[2026.06.08-08.54.36:852][947]LogModuleManager: Shutting down and abandoning module XMPP (83)
[2026.06.08-08.54.36:852][947]LogModuleManager: Shutting down and abandoning module WebSockets (82)
[2026.06.08-08.54.36:885][947]LogModuleManager: Shutting down and abandoning module HTTP (79)
[2026.06.08-08.54.36:885][947]LogHttp: Display: Http module shutting down, but needs to wait on 1 outstanding Http requests:
[2026.06.08-08.54.36:885][947]LogHttp: Display: 	verb=[POST] url=[https://datarouter.ol.epicgames.com/datarouter/api/v1/public/data?SessionID=%7BE6437090-44B7-6089-B081-C68344F5BD33%7D&AppID=UEEditor.Rocket.Release&AppVersion=4.27.2-18319896%2B%2B%2BUE4%2BRelease-4.27&UserID=8ca12e264e44b96ec6924e87a0a2bf13%7Cd27d390211d54d179f050b53e1b26e3e%7Cc658aba6-0670-49f0-8266-c8ab0d1e5e9d&AppEnvironment=datacollector-binary&UploadType=eteventstream] refs=[1] status=Processing
[2026.06.08-08.54.36:885][947]LogHttp: Display: cleaning up 1 outstanding Http requests.
[2026.06.08-08.54.36:918][947]LogModuleManager: Shutting down and abandoning module SSL (78)
[2026.06.08-08.54.36:928][947]LogModuleManager: Shutting down and abandoning module WmfMedia (74)
[2026.06.08-08.54.36:935][947]LogModuleManager: Shutting down and abandoning module Media (73)
[2026.06.08-08.54.36:939][947]LogModuleManager: Shutting down and abandoning module MediaInfo (72)
[2026.06.08-08.54.36:939][947]LogModuleManager: Shutting down and abandoning module ExrReaderGpu (68)
[2026.06.08-08.54.36:939][947]LogModuleManager: Shutting down and abandoning module MLSDK (66)
[2026.06.08-08.54.36:939][947]LogModuleManager: Shutting down and abandoning module MagicLeap (64)
[2026.06.08-08.54.36:939][947]LogModuleManager: Shutting down and abandoning module NiagaraVertexFactories (62)
[2026.06.08-08.54.36:939][947]LogModuleManager: Shutting down and abandoning module NiagaraShader (60)
[2026.06.08-08.54.36:939][947]LogModuleManager: Shutting down and abandoning module ChaosCloth (58)
[2026.06.08-08.54.36:940][947]LogModuleManager: Shutting down and abandoning module PixWinPlugin (56)
[2026.06.08-08.54.36:940][947]LogModuleManager: Shutting down and abandoning module AISupportModule (54)
[2026.06.08-08.54.36:940][947]LogModuleManager: Shutting down and abandoning module VariantManagerContent (52)
[2026.06.08-08.54.36:940][947]LogModuleManager: Shutting down and abandoning module DatasmithContent (50)
[2026.06.08-08.54.36:942][947]LogModuleManager: Shutting down and abandoning module DesktopPlatform (48)
[2026.06.08-08.54.36:942][947]LogModuleManager: Shutting down and abandoning module OodleDataCompressionFormat (46)
[2026.06.08-08.54.36:943][947]LogModuleManager: Shutting down and abandoning module PythonScriptPluginPreload (44)
[2026.06.08-08.54.36:944][947]LogModuleManager: Shutting down and abandoning module PlatformCryptoOpenSSL (42)
[2026.06.08-08.54.36:944][947]LogModuleManager: Shutting down and abandoning module PlatformCryptoTypes (40)
[2026.06.08-08.54.36:944][947]LogModuleManager: Shutting down and abandoning module PlatformCrypto (38)
[2026.06.08-08.54.36:944][947]LogModuleManager: Shutting down and abandoning module XGEController (36)
[2026.06.08-08.54.36:945][947]LogModuleManager: Shutting down and abandoning module AnimationModifiers (34)
[2026.06.08-08.54.36:945][947]LogModuleManager: Shutting down and abandoning module AudioEditor (32)
[2026.06.08-08.54.36:949][947]LogModuleManager: Shutting down and abandoning module PropertyEditor (31)
[2026.06.08-08.54.36:949][947]LogModuleManager: Shutting down and abandoning module TextureCompressor (28)
[2026.06.08-08.54.36:950][947]LogModuleManager: Shutting down and abandoning module RenderCore (26)
[2026.06.08-08.54.36:950][947]LogModuleManager: Shutting down and abandoning module Landscape (24)
[2026.06.08-08.54.36:950][947]LogModuleManager: Shutting down and abandoning module SlateRHIRenderer (22)
[2026.06.08-08.54.36:970][947]LogModuleManager: Shutting down and abandoning module AnimGraphRuntime (20)
[2026.06.08-08.54.36:970][947]LogModuleManager: Shutting down and abandoning module Renderer (18)
[2026.06.08-08.54.36:970][947]LogModuleManager: Shutting down and abandoning module Engine (16)
[2026.06.08-08.54.36:971][947]LogModuleManager: Shutting down and abandoning module CoreUObject (14)
[2026.06.08-08.54.36:971][947]LogModuleManager: Shutting down and abandoning module NetworkFile (12)
[2026.06.08-08.54.36:971][947]LogModuleManager: Shutting down and abandoning module CookedIterativeFile (10)
[2026.06.08-08.54.36:971][947]LogModuleManager: Shutting down and abandoning module StreamingFile (8)
[2026.06.08-08.54.36:971][947]LogModuleManager: Shutting down and abandoning module SandboxFile (6)
[2026.06.08-08.54.36:971][947]LogModuleManager: Shutting down and abandoning module PakFile (4)
[2026.06.08-08.54.36:971][947]LogModuleManager: Shutting down and abandoning module RSA (3)
[2026.06.08-08.54.36:972][947]LogContentStreaming: Display: There are 1 unreleased StreamingManagers
[2026.06.08-08.54.37:071][947]LogD3D11RHI: Shutdown
[2026.06.08-08.54.37:071][947]LogD3D11RHI: CleanupD3DDevice
[2026.06.08-08.54.37:156][947]LogExit: Exiting.
[2026.06.08-08.54.37:197][947]Log file closed, 06/08/26 16:54:37
